Hugo_Symbol	Frame_Shift_Del	Frame_Shift_Ins	In_Frame_Del	In_Frame_Ins	Missense_Mutation	Nonsense_Mutation	Nonstop_Mutation	Splice_Site	Translation_Start_Site	total	MutatedSamples	AlteredSamples	clusters	muts_in_clusters	clusterScores	protLen	zscore	pval	fdr	fract_muts_in_clusters
KRAS	0	0	0	0	160	1	0	0	0	161	157	157	1	152	0.927726466029062	189	4.06152488543828	2.43766100577192e-05	0.0335915377349778	0.944099378881988
U2AF1	0	0	0	0	13	0	0	0	0	13	13	13	1	12	0.923076923076923	240	4.03223355003493	2.76246198478436e-05	0.0335915377349778	0.923076923076923
FBXL5	0	1	0	0	4	0	0	1	0	6	4	4	2	4	0.8	691	3.25686971936	0.000563240612928784	0.228300195107134	0.666666666666667
KIAA0753	0	0	0	0	5	0	0	0	0	5	3	3	2	4	0.8	967	3.25686971936	0.000563240612928784	0.228300195107134	0.8
SOST	0	0	0	0	4	1	0	0	0	5	4	4	2	4	0.8	213	3.25686971936	0.000563240612928784	0.228300195107134	0.8
UST	0	0	0	0	5	0	0	1	0	6	6	6	2	4	0.8	406	3.25686971936	0.000563240612928784	0.228300195107134	0.666666666666667
CST11	1	0	0	0	6	0	0	0	0	7	5	5	2	6	0.743872397312364	138	2.9032753010198	0.00184640929876068	0.598570235972645	0.857142857142857
EGFR	1	0	26	2	54	2	0	0	0	85	68	68	9	71	0.740668130783163	1210	2.8830889630088	0.0019689810393837	0.598570235972645	0.835294117647059
A2M	0	0	0	0	18	2	0	1	0	21	21	21	1	2	0.1	1474	-1.15301206760368	0.875547284318904	0.947395492729033	0.0952380952380952
AACS	0	0	0	0	12	2	0	0	0	14	13	13	1	2	0.142857142857143	672	-0.883019305136517	0.811387079455669	0.947395492729033	0.142857142857143
AAR2	0	0	1	0	5	0	0	0	0	6	5	5	1	2	0.333333333333333	384	0.316948528050879	0.375641329376376	0.947395492729033	0.333333333333333
AASDHPPT	0	0	0	0	6	0	0	0	0	6	5	5	1	2	0.333333333333333	309	0.316948528050879	0.375641329376376	0.947395492729033	0.333333333333333
ABCA10	0	0	0	0	31	4	0	0	0	35	31	31	1	2	0.0571428571428571	1543	-1.42300483007085	0.922632622465973	0.947395492729033	0.0571428571428571
ABCA5	1	1	0	0	22	1	0	1	0	26	24	24	1	2	0.08	1642	-1.27900869008836	0.899553002131904	0.947395492729033	0.0769230769230769
ABCA8	2	0	0	0	15	3	0	2	0	22	21	21	1	2	0.1	1581	-1.15301206760368	0.875547284318904	0.947395492729033	0.0909090909090909
ABCA9	1	0	0	0	23	0	0	3	0	27	27	27	1	2	0.0833333333333333	1624	-1.25800925300758	0.895805795049592	0.947395492729033	0.0740740740740741
ABCB10	1	0	0	0	6	1	0	1	0	9	7	7	1	2	0.25	738	-0.208037398968606	0.582400117012023	0.947395492729033	0.222222222222222
ABCB11	4	1	0	0	23	0	0	1	0	29	28	28	1	3	0.0892857142857143	1321	-1.22051025822047	0.888864248405199	0.947395492729033	0.103448275862069
ABCB5	0	0	0	0	46	4	0	2	0	52	48	48	1	3	0.0435355339059327	1257	-1.50872866851633	0.934315931944587	0.947395492729033	0.0576923076923077
ABCB8	0	0	1	0	13	0	0	0	0	14	12	12	1	2	0.142857142857143	718	-0.883019305136517	0.811387079455669	0.947395492729033	0.142857142857143
ABCC11	3	0	0	0	32	1	0	1	0	37	32	32	1	2	0.0555555555555556	1382	-1.43300456201407	0.924071733200721	0.947395492729033	0.0540540540540541
ABCC5	0	0	0	0	14	0	0	0	0	14	14	14	1	2	0.142857142857143	1437	-0.883019305136517	0.811387079455669	0.947395492729033	0.142857142857143
ABCC8	0	0	0	0	22	1	0	1	0	24	24	24	1	2	0.0869565217391304	1581	-1.23518377791977	0.891618942387074	0.947395492729033	0.0833333333333333
ABCC9	2	0	0	0	23	1	0	1	0	27	24	24	1	2	0.0769230769230769	1549	-1.29839278585523	0.902923801572952	0.947395492729033	0.0740740740740741
ABCD2	0	0	1	0	15	0	0	0	0	16	16	16	1	3	0.13604854345604	740	-0.925912331556025	0.822754228892918	0.947395492729033	0.1875
ABCD4	0	0	0	0	5	2	0	0	0	7	7	7	1	2	0.285714285714286	606	0.0169565697540304	0.493235631550558	0.947395492729033	0.285714285714286
ABCG4	0	0	0	0	15	1	0	0	0	16	15	15	1	3	0.169194173824159	646	-0.717100457730597	0.763343943326046	0.947395492729033	0.1875
ABCG8	1	0	0	0	16	0	0	1	0	18	16	16	1	3	0.159241575363915	673	-0.779800147277448	0.782245740168557	0.947395492729033	0.166666666666667
ABI3BP	0	0	0	0	18	2	0	1	0	21	21	21	1	2	0.1	1075	-1.15301206760368	0.875547284318904	0.947395492729033	0.0952380952380952
ABL1	0	0	0	0	9	0	0	0	0	9	8	8	1	2	0.222222222222222	1149	-0.383032707975102	0.649152243691414	0.947395492729033	0.222222222222222
ABLIM3	0	0	0	0	15	2	0	0	0	17	16	16	2	5	0.256091375917251	683	-0.169662759375698	0.567362318450189	0.947395492729033	0.294117647058824
ABRA	1	0	0	0	8	1	0	0	0	10	9	9	1	3	0.225	382	-0.365533177074452	0.642643277054112	0.947395492729033	0.3
ACACB	1	1	0	0	29	0	0	1	0	32	26	26	4	8	0.258064516129032	2458	-0.157232309257043	0.562469117063664	0.947395492729033	0.25
ACAD9	0	0	0	0	5	0	0	0	0	5	5	5	1	2	0.4	621	0.736937269666468	0.230580249046244	0.947395492729033	0.4
ACAN	2	0	0	0	43	1	0	0	0	46	44	44	2	4	0.0869565217391304	2530	-1.23518377791977	0.891618942387074	0.947395492729033	0.0869565217391304
ACBD5	0	0	0	0	9	1	0	0	0	10	9	9	1	2	0.2	525	-0.523028955180298	0.699522948189084	0.947395492729033	0.2
ACCSL	0	0	0	0	13	0	0	0	0	13	13	13	1	2	0.153846153846154	568	-0.813790391683398	0.792117479810598	0.947395492729033	0.153846153846154
ACSL6	1	0	0	0	15	1	0	0	0	17	16	16	1	2	0.117647058823529	722	-1.04183857717603	0.851256737330424	0.947395492729033	0.117647058823529
ACSM2A	1	0	0	0	23	2	0	2	0	28	22	22	1	2	0.0769230769230769	577	-1.29839278585523	0.902923801572952	0.947395492729033	0.0714285714285714
ACSM5	2	0	0	0	29	0	0	1	0	32	29	29	2	5	0.151842154231824	579	-0.826415250826705	0.795715712450987	0.947395492729033	0.15625
ACTG1	0	0	0	0	6	0	0	0	0	6	6	6	1	2	0.333333333333333	375	0.316948528050879	0.375641329376376	0.947395492729033	0.333333333333333
ACTN2	0	0	0	0	41	2	0	0	0	43	38	38	2	4	0.0930232558139535	894	-1.19696437777275	0.884339780221536	0.947395492729033	0.0930232558139535
ACTRT1	0	0	0	0	27	0	0	0	0	27	25	25	4	9	0.322485436340243	376	0.248608608941324	0.401831774286872	0.947395492729033	0.333333333333333
ACVR1C	0	0	0	0	9	0	0	0	0	9	8	8	1	2	0.222222222222222	493	-0.383032707975102	0.649152243691414	0.947395492729033	0.222222222222222
ADAL	1	2	0	0	2	1	0	0	0	6	6	6	1	3	0.375	328	0.579441491560623	0.28114565723764	0.947395492729033	0.5
ADAM19	0	0	0	0	29	1	0	0	0	30	30	30	2	5	0.141666666666667	918	-0.890519104093938	0.813406392485803	0.947395492729033	0.166666666666667
ADAM2	0	0	0	0	19	1	0	0	0	20	20	20	1	2	0.1	735	-1.15301206760368	0.875547284318904	0.947395492729033	0.1
ADAM28	0	0	0	0	12	1	0	0	0	13	13	13	1	3	0.192307692307692	775	-0.571489194597481	0.716165958581153	0.947395492729033	0.230769230769231
ADAM30	0	0	0	0	8	0	0	0	0	8	8	8	1	2	0.25	790	-0.208037398968606	0.582400117012023	0.947395492729033	0.25
ADAMTS10	0	1	0	0	9	0	0	0	0	10	7	7	1	2	0.2	1103	-0.523028955180298	0.699522948189084	0.947395492729033	0.2
ADAMTS12	4	2	0	0	102	9	0	2	0	119	95	95	10	27	0.206424362644868	1594	-0.482556555436793	0.685294683640849	0.947395492729033	0.226890756302521
ADAMTS14	0	0	0	0	22	3	0	0	0	25	24	24	3	8	0.288284271247462	1226	0.0331470446047647	0.486778663586723	0.947395492729033	0.32
ADAMTS17	0	0	0	0	20	0	0	0	0	20	19	19	1	3	0.1125	1095	-1.07426417855076	0.858647852432309	0.947395492729033	0.15
ADAMTS19	1	0	0	0	26	1	0	1	0	29	27	27	1	2	0.0714285714285714	1207	-1.33300724258179	0.90873528647819	0.947395492729033	0.0689655172413793
ADAMTS2	1	0	0	0	38	2	0	0	0	41	40	40	2	4	0.0975609756097561	1211	-1.1683775093701	0.878672738570029	0.947395492729033	0.0975609756097561
ADAMTS20	2	0	0	0	62	4	0	1	0	69	57	57	5	10	0.147058823529412	1910	-0.856549426463265	0.804153027109015	0.947395492729033	0.144927536231884
ADAMTS3	1	0	0	0	22	0	0	4	0	27	25	25	1	2	0.0869565217391304	1205	-1.23518377791977	0.891618942387074	0.947395492729033	0.0740740740740741
ADAMTS4	0	0	0	0	14	1	0	1	0	16	14	14	1	3	0.180473785412436	837	-0.646040809577499	0.740873536693647	0.947395492729033	0.1875
ADAMTS9	0	0	0	0	21	2	0	3	0	26	25	25	1	2	0.0869565217391304	1935	-1.23518377791977	0.891618942387074	0.947395492729033	0.0769230769230769
ADAMTSL1	2	0	0	0	34	3	0	0	0	39	36	36	3	6	0.157894736842105	1762	-0.788285002516459	0.784734990937475	0.947395492729033	0.153846153846154
ADAMTSL3	1	1	0	0	42	9	0	1	0	54	44	44	1	3	0.0444066677470429	1691	-1.50324067243073	0.933611503610453	0.947395492729033	0.0555555555555556
ADAR	0	0	0	0	8	0	0	2	0	10	9	9	1	2	0.25	1226	-0.208037398968606	0.582400117012023	0.947395492729033	0.2
ADCY2	1	0	0	0	42	3	0	2	0	48	42	42	2	5	0.0978260869565217	1091	-1.16670735265636	0.878335713747005	0.947395492729033	0.104166666666667
ADCY6	0	0	0	0	8	1	0	1	0	10	8	8	2	4	0.444444444444444	1168	1.01692976407686	0.154593421451912	0.947395492729033	0.4
ADCY8	1	0	0	0	39	0	0	2	0	42	38	38	2	5	0.125	1251	-0.995516289497835	0.840257387149385	0.947395492729033	0.119047619047619
ADCYAP1R1	1	0	0	0	17	0	0	0	0	18	16	16	2	4	0.222222222222222	496	-0.383032707975102	0.649152243691414	0.947395492729033	0.222222222222222
ADD1	0	0	0	0	5	0	0	0	0	5	4	4	1	2	0.4	768	0.736937269666468	0.230580249046244	0.947395492729033	0.4
ADH1A	0	0	0	0	4	1	0	1	0	6	6	6	1	3	0.470710678118655	375	1.18240260049405	0.11852299592718	0.947395492729033	0.5
ADH1C	0	0	0	0	9	0	0	0	0	9	9	9	1	2	0.222222222222222	375	-0.383032707975102	0.649152243691414	0.947395492729033	0.222222222222222
AEBP1	1	0	0	0	25	0	0	0	0	26	25	25	1	2	0.0769230769230769	1158	-1.29839278585523	0.902923801572952	0.947395492729033	0.0769230769230769
AFF2	4	0	0	0	61	4	0	2	0	71	58	58	1	3	0.036231884057971	1311	-1.55474042914903	0.939996049131652	0.947395492729033	0.0422535211267606
AFM	1	0	0	0	10	0	0	0	0	11	11	11	1	3	0.272727272727273	599	-0.064859418872383	0.525857034212605	0.947395492729033	0.272727272727273
AGBL1	2	0	0	0	22	1	0	1	0	26	22	22	1	3	0.0870710678118655	1066	-1.2344621570056	0.891484630105375	0.947395492729033	0.115384615384615
AGMO	0	0	0	0	28	2	0	1	0	31	28	28	1	3	0.0725592231765546	445	-1.32588432750918	0.907560992492947	0.947395492729033	0.0967741935483871
AGPAT4	0	0	0	0	7	1	0	0	0	8	8	8	1	2	0.25	378	-0.208037398968606	0.582400117012023	0.947395492729033	0.25
AGRN	0	0	0	0	16	1	0	1	0	18	17	17	1	2	0.117647058823529	2045	-1.04183857717603	0.851256737330424	0.947395492729033	0.111111111111111
AGTR1	2	0	0	0	8	0	0	0	0	10	10	10	1	2	0.2	394	-0.523028955180298	0.699522948189084	0.947395492729033	0.2
AHCTF1	0	0	0	0	19	3	0	0	0	22	20	20	1	2	0.0909090909090909	2275	-1.21028325964217	0.886914890481703	0.947395492729033	0.0909090909090909
AHNAK2	4	0	0	0	103	3	0	0	0	110	79	79	6	12	0.109090909090909	5795	-1.09574087556519	0.863403905411969	0.947395492729033	0.109090909090909
AIM1	1	0	0	0	9	2	0	1	0	13	12	12	1	2	0.166666666666667	1723	-0.733023325988092	0.768227898675538	0.947395492729033	0.153846153846154
AIPL1	0	0	0	0	9	0	0	0	0	9	9	9	1	2	0.222222222222222	384	-0.383032707975102	0.649152243691414	0.947395492729033	0.222222222222222
AK8	0	0	0	0	10	0	0	0	0	10	8	8	1	2	0.2	479	-0.523028955180298	0.699522948189084	0.947395492729033	0.2
AKAP1	0	0	0	0	13	0	0	1	0	14	13	13	1	2	0.153846153846154	903	-0.813790391683398	0.792117479810598	0.947395492729033	0.142857142857143
AKAP8	0	0	0	0	6	0	0	0	0	6	5	5	1	2	0.333333333333333	692	0.316948528050879	0.375641329376376	0.947395492729033	0.333333333333333
AKNA	0	0	0	0	12	0	0	0	0	12	12	12	1	2	0.166666666666667	1439	-0.733023325988092	0.768227898675538	0.947395492729033	0.166666666666667
AKR1B15	0	0	0	0	15	0	0	0	0	15	15	15	1	3	0.2	344	-0.523028955180298	0.699522948189084	0.947395492729033	0.2
AKR1D1	1	0	0	0	8	1	0	0	0	10	9	9	1	3	0.217677669529664	326	-0.411662622473402	0.65970663757949	0.947395492729033	0.3
AKT2	0	0	0	0	8	0	0	0	0	8	7	7	1	2	0.25	481	-0.208037398968606	0.582400117012023	0.947395492729033	0.25
ALDH1B1	0	0	0	0	10	0	0	0	1	11	9	9	2	4	0.4	517	0.736937269666468	0.230580249046244	0.947395492729033	0.363636363636364
ALDH1L1	1	0	0	0	13	4	0	1	0	19	18	18	1	2	0.111111111111111	912	-1.08301394400108	0.860598883080141	0.947395492729033	0.105263157894737
ALG10	1	0	0	0	14	0	1	1	0	17	14	14	1	4	0.16729854345604	473	-0.729042608923718	0.76701220051483	0.947395492729033	0.235294117647059
ALK	1	0	0	0	29	5	0	1	0	36	30	30	1	2	0.0571428571428571	1620	-1.42300483007085	0.922632622465973	0.947395492729033	0.0555555555555556
ALOX12	0	0	2	0	6	0	0	0	0	8	8	8	1	2	0.25	663	-0.208037398968606	0.582400117012023	0.947395492729033	0.25
ALOX5	0	0	0	0	15	0	0	0	0	15	14	14	1	3	0.2	674	-0.523028955180298	0.699522948189084	0.947395492729033	0.2
ALPI	0	0	0	0	7	2	0	1	0	10	10	10	1	2	0.222222222222222	528	-0.383032707975102	0.649152243691414	0.947395492729033	0.2
ALPK1	0	0	0	0	22	3	0	0	0	25	24	24	1	3	0.12	1244	-1.027015445119	0.847793404314878	0.947395492729033	0.12
ALPP	0	0	0	0	11	1	0	1	0	13	12	12	1	2	0.166666666666667	535	-0.733023325988092	0.768227898675538	0.947395492729033	0.153846153846154
AMACR	0	0	0	0	7	0	0	0	0	7	7	7	1	4	0.371936198656182	394	0.560140060496368	0.287691953679972	0.947395492729033	0.571428571428571
AMBRA1	0	0	0	0	8	1	0	0	0	9	8	8	1	3	0.300789642354061	1301	0.111928770722211	0.455439942099142	0.947395492729033	0.333333333333333
AMELX	0	0	0	0	8	0	0	1	0	9	9	9	1	2	0.25	205	-0.208037398968606	0.582400117012023	0.947395492729033	0.222222222222222
AMER3	2	0	0	0	36	4	0	0	0	42	39	39	2	4	0.0952380952380952	861	-1.18301126343337	0.881597658233639	0.947395492729033	0.0952380952380952
AMFR	0	0	0	0	8	0	0	0	0	8	8	8	1	2	0.25	643	-0.208037398968606	0.582400117012023	0.947395492729033	0.25
AMIGO2	0	0	0	0	6	0	0	0	0	6	5	5	1	2	0.333333333333333	522	0.316948528050879	0.375641329376376	0.947395492729033	0.333333333333333
AMPH	2	0	0	0	20	0	0	2	0	24	24	24	2	7	0.282141217326661	695	-0.00555315768334237	0.502215378003473	0.947395492729033	0.291666666666667
AMY2B	1	0	0	0	13	2	0	0	0	16	16	16	1	2	0.125	511	-0.995516289497835	0.840257387149385	0.947395492729033	0.125
ANAPC1	0	0	0	0	11	1	0	0	0	12	11	11	1	2	0.166666666666667	1944	-0.733023325988092	0.768227898675538	0.947395492729033	0.166666666666667
ANAPC2	0	0	0	0	7	0	0	0	0	7	6	6	1	2	0.285714285714286	822	0.0169565697540304	0.493235631550558	0.947395492729033	0.285714285714286
ANGPT4	0	0	0	0	12	2	0	0	0	14	12	12	1	2	0.142857142857143	503	-0.883019305136517	0.811387079455669	0.947395492729033	0.142857142857143
ANGPTL5	0	0	0	0	9	0	0	0	0	9	8	8	2	4	0.444444444444444	388	1.01692976407686	0.154593421451912	0.947395492729033	0.444444444444444
ANK1	1	0	0	0	36	6	0	1	0	44	39	39	1	2	0.0465116279069767	1897	-1.48997977889991	0.931885223556946	0.947395492729033	0.0454545454545455
ANK2	3	0	0	0	115	8	0	1	0	127	100	100	2	5	0.0396825396825397	3957	-1.53300188144636	0.937362304330317	0.947395492729033	0.0393700787401575
ANK3	0	1	0	0	34	4	0	0	0	39	37	37	1	2	0.0512820512820513	4377	-1.45992691724584	0.927844919719152	0.947395492729033	0.0512820512820513
ANKAR	0	0	0	0	11	0	0	0	0	11	11	11	1	2	0.181818181818182	1434	-0.637571339257276	0.73812362125601	0.947395492729033	0.181818181818182
ANKEF1	1	1	0	0	10	1	0	0	0	13	13	13	1	2	0.153846153846154	776	-0.813790391683398	0.792117479810598	0.947395492729033	0.153846153846154
ANKFY1	0	0	0	0	6	0	0	0	0	6	5	5	1	2	0.333333333333333	1211	0.316948528050879	0.375641329376376	0.947395492729033	0.333333333333333
ANKK1	0	0	0	0	11	0	0	0	0	11	11	11	1	2	0.181818181818182	765	-0.637571339257276	0.73812362125601	0.947395492729033	0.181818181818182
ANKMY2	0	0	0	0	3	2	0	0	0	5	5	5	1	2	0.4	441	0.736937269666468	0.230580249046244	0.947395492729033	0.4
ANKRD28	0	0	0	0	6	0	0	0	0	6	6	6	1	2	0.333333333333333	1053	0.316948528050879	0.375641329376376	0.947395492729033	0.333333333333333
ANKRD30A	2	0	0	0	53	6	0	0	0	61	57	57	4	10	0.151639344262295	1341	-0.827692919385049	0.796077784952698	0.947395492729033	0.163934426229508
ANKRD30B	0	0	0	0	41	4	0	0	0	45	38	38	1	2	0.0444444444444444	1392	-1.50300268561667	0.933580824274014	0.947395492729033	0.0444444444444444
ANKRD45	1	0	0	0	5	0	0	0	0	6	6	6	1	2	0.333333333333333	266	0.316948528050879	0.375641329376376	0.947395492729033	0.333333333333333
ANKRD7	0	0	0	0	9	1	0	1	0	11	10	10	2	4	0.4	254	0.736937269666468	0.230580249046244	0.947395492729033	0.363636363636364
ANKS1B	1	0	0	0	23	0	0	0	0	24	23	23	2	4	0.166666666666667	1248	-0.733023325988092	0.768227898675538	0.947395492729033	0.166666666666667
ANKZF1	1	0	0	0	5	0	0	0	0	6	6	6	1	2	0.333333333333333	726	0.316948528050879	0.375641329376376	0.947395492729033	0.333333333333333
ANO2	0	0	0	0	20	0	0	0	0	20	19	19	1	2	0.1	998	-1.15301206760368	0.875547284318904	0.947395492729033	0.1
ANO3	2	0	0	0	21	2	0	1	0	26	24	24	1	2	0.08	981	-1.27900869008836	0.899553002131904	0.947395492729033	0.0769230769230769
ANO4	0	0	0	0	31	1	0	1	0	33	29	29	1	2	0.0625	920	-1.38925573476245	0.917622500473754	0.947395492729033	0.0606060606060606
ANO5	0	0	0	0	20	1	0	0	0	21	20	20	1	2	0.0952380952380952	913	-1.18301126343337	0.881597658233639	0.947395492729033	0.0952380952380952
ANO7	2	0	0	0	20	1	0	0	0	23	23	23	3	6	0.260869565217391	933	-0.139560973705195	0.555496561379262	0.947395492729033	0.260869565217391
ANXA13	0	0	0	0	5	0	0	1	0	6	6	6	1	3	0.45	357	1.05192882587816	0.146416102729959	0.947395492729033	0.5
ANXA3	0	0	0	0	7	0	0	0	0	7	7	7	1	2	0.285714285714286	323	0.0169565697540304	0.493235631550558	0.947395492729033	0.285714285714286
AOX1	0	0	0	0	18	2	0	0	0	20	19	19	1	3	0.135355339059327	1338	-0.93027940218989	0.823886780148799	0.947395492729033	0.15
AP1G1	1	0	0	0	11	1	0	0	0	13	11	11	1	2	0.153846153846154	825	-0.813790391683398	0.792117479810598	0.947395492729033	0.153846153846154
APBA1	0	0	0	0	10	1	0	0	0	11	10	10	1	3	0.272727272727273	837	-0.064859418872383	0.525857034212605	0.947395492729033	0.272727272727273
APBB1IP	2	0	0	0	8	0	0	2	0	12	12	12	1	2	0.2	666	-0.523028955180298	0.699522948189084	0.947395492729033	0.166666666666667
APC	3	2	1	0	16	1	0	3	0	26	25	25	1	2	0.0869565217391304	2843	-1.23518377791977	0.891618942387074	0.947395492729033	0.0769230769230769
APLF	0	0	0	0	4	1	0	0	0	5	4	4	1	2	0.4	511	0.736937269666468	0.230580249046244	0.947395492729033	0.4
APLP1	0	0	0	0	6	0	0	0	0	6	5	5	1	3	0.375	651	0.579441491560623	0.28114565723764	0.947395492729033	0.5
APOA4	1	0	0	0	10	1	0	0	0	12	11	11	1	2	0.166666666666667	396	-0.733023325988092	0.768227898675538	0.947395492729033	0.166666666666667
APOA5	1	0	0	0	9	0	0	0	0	10	10	10	1	2	0.2	366	-0.523028955180298	0.699522948189084	0.947395492729033	0.2
APOB	1	0	0	0	108	4	0	0	0	113	90	90	4	10	0.0767856344716517	4563	-1.29925865008851	0.903072410096135	0.947395492729033	0.0884955752212389
APOBEC4	0	0	0	0	5	1	0	0	0	6	6	6	1	2	0.333333333333333	367	0.316948528050879	0.375641329376376	0.947395492729033	0.333333333333333
APPBP2	0	0	0	0	8	1	0	0	0	9	9	9	1	2	0.222222222222222	585	-0.383032707975102	0.649152243691414	0.947395492729033	0.222222222222222
AQP10	0	0	0	0	10	1	0	0	0	11	11	11	1	2	0.181818181818182	301	-0.637571339257276	0.73812362125601	0.947395492729033	0.181818181818182
AQP12A	0	0	0	0	5	0	0	0	0	5	4	4	1	2	0.4	295	0.736937269666468	0.230580249046244	0.947395492729033	0.4
AQP12B	0	0	0	0	8	0	0	0	0	8	7	7	1	3	0.28125	307	-0.0111676763362991	0.504455165658384	0.947395492729033	0.375
AQR	0	0	0	0	13	0	0	1	0	14	14	14	1	2	0.153846153846154	1485	-0.813790391683398	0.792117479810598	0.947395492729033	0.142857142857143
ARAF	0	0	0	0	6	0	0	0	0	6	6	6	1	3	0.5	609	1.36692038208985	0.0858251312961253	0.947395492729033	0.5
ARAP2	0	0	0	0	21	6	0	1	0	28	27	27	1	2	0.0740740740740741	1704	-1.31634102267641	0.905970196064814	0.947395492729033	0.0714285714285714
ARFGEF1	0	0	0	0	16	4	0	0	0	20	18	18	1	2	0.1	1849	-1.15301206760368	0.875547284318904	0.947395492729033	0.1
ARFGEF2	0	0	0	0	13	2	0	1	0	16	16	16	1	2	0.133333333333333	1785	-0.943017696795887	0.827164074419315	0.947395492729033	0.125
ARHGAP20	0	0	0	0	11	3	0	0	0	14	14	14	2	4	0.285714285714286	1191	0.0169565697540304	0.493235631550558	0.947395492729033	0.285714285714286
ARHGAP25	0	0	0	0	15	1	0	0	0	16	16	16	1	2	0.125	646	-0.995516289497835	0.840257387149385	0.947395492729033	0.125
ARHGAP32	1	0	0	0	21	3	0	0	0	25	22	22	1	2	0.08	2087	-1.27900869008836	0.899553002131904	0.947395492729033	0.08
ARHGAP33	0	0	0	0	13	0	0	0	0	13	13	13	1	2	0.153846153846154	1126	-0.813790391683398	0.792117479810598	0.947395492729033	0.153846153846154
ARHGAP35	1	0	1	0	17	4	0	0	0	23	21	21	1	2	0.0869565217391304	1499	-1.23518377791977	0.891618942387074	0.947395492729033	0.0869565217391304
ARHGAP36	2	0	0	0	21	2	0	0	0	25	23	23	2	5	0.167071067811865	547	-0.730475667066893	0.767450259350119	0.947395492729033	0.2
ARHGAP4	2	0	0	0	11	1	0	0	0	14	13	13	1	2	0.142857142857143	986	-0.883019305136517	0.811387079455669	0.947395492729033	0.142857142857143
ARHGAP5	1	0	0	0	13	0	0	0	0	14	12	12	1	2	0.142857142857143	1502	-0.883019305136517	0.811387079455669	0.947395492729033	0.142857142857143
ARHGEF10L	0	0	0	0	7	0	0	3	0	10	9	9	1	2	0.285714285714286	1279	0.0169565697540304	0.493235631550558	0.947395492729033	0.2
ARHGEF11	0	0	0	0	21	2	0	1	0	24	22	22	2	4	0.173913043478261	1562	-0.687372375812485	0.754075949614719	0.947395492729033	0.166666666666667
ARHGEF12	0	0	1	0	19	1	0	0	0	21	21	21	1	3	0.103656033109364	1544	-1.12997967643008	0.870757605828273	0.947395492729033	0.142857142857143
ARHGEF15	1	1	0	0	9	0	0	0	0	11	10	10	1	2	0.181818181818182	841	-0.637571339257276	0.73812362125601	0.947395492729033	0.181818181818182
ARHGEF4	0	0	0	0	8	1	0	0	0	9	8	8	1	2	0.222222222222222	690	-0.383032707975102	0.649152243691414	0.947395492729033	0.222222222222222
ARHGEF6	0	1	1	0	20	1	0	0	0	23	22	22	1	3	0.130434782608696	776	-0.96127807686613	0.831793816030266	0.947395492729033	0.130434782608696
ARID1A	3	1	0	0	16	13	0	1	0	34	32	32	1	2	0.0606060606060606	2285	-1.4011872331038	0.919420954479131	0.947395492729033	0.0588235294117647
ARID2	3	0	0	0	12	10	0	3	0	28	25	25	2	4	0.16	1835	-0.775022200149651	0.780836729214767	0.947395492729033	0.142857142857143
ARID3C	0	0	0	0	8	1	0	0	0	9	8	8	1	2	0.222222222222222	412	-0.383032707975102	0.649152243691414	0.947395492729033	0.222222222222222
ARID5B	0	0	0	0	5	1	0	0	0	6	6	6	1	2	0.333333333333333	1188	0.316948528050879	0.375641329376376	0.947395492729033	0.333333333333333
ARMC3	0	0	0	0	25	2	0	1	0	28	25	25	2	5	0.166666666666667	872	-0.733023325988092	0.768227898675538	0.947395492729033	0.178571428571429
ARMC4	0	0	0	0	12	2	0	2	0	16	16	16	1	3	0.214285714285714	1044	-0.433031367691243	0.667504009106579	0.947395492729033	0.1875
ARPP21	3	0	0	0	24	1	0	0	0	28	26	26	3	7	0.232142857142857	813	-0.320534383329925	0.625718364991288	0.947395492729033	0.25
ARRDC3	1	0	0	0	4	0	0	1	0	6	5	5	1	2	0.4	414	0.736937269666468	0.230580249046244	0.947395492729033	0.333333333333333
ARSG	0	0	1	0	8	2	0	0	0	11	11	11	1	2	0.181818181818182	525	-0.637571339257276	0.73812362125601	0.947395492729033	0.181818181818182
ARSJ	0	0	0	0	6	0	0	0	0	6	6	6	1	2	0.333333333333333	599	0.316948528050879	0.375641329376376	0.947395492729033	0.333333333333333
ART5	1	0	0	0	7	0	0	0	0	8	8	8	1	2	0.25	291	-0.208037398968606	0.582400117012023	0.947395492729033	0.25
ASAH2	0	0	0	0	6	0	0	0	0	6	6	6	1	2	0.333333333333333	780	0.316948528050879	0.375641329376376	0.947395492729033	0.333333333333333
ASAP1	0	0	0	0	19	0	0	1	0	20	20	20	2	4	0.210526315789474	1129	-0.456714943346258	0.676062025695289	0.947395492729033	0.2
ASB9	0	0	0	0	7	0	0	0	0	7	7	7	1	2	0.285714285714286	294	0.0169565697540304	0.493235631550558	0.947395492729033	0.285714285714286
ASCC3	0	0	0	0	19	3	0	1	0	23	21	21	2	4	0.181818181818182	2202	-0.637571339257276	0.73812362125601	0.947395492729033	0.173913043478261
ASIC3	0	0	0	0	7	0	0	0	0	7	6	6	1	2	0.285714285714286	549	0.0169565697540304	0.493235631550558	0.947395492729033	0.285714285714286
ASL	0	0	0	0	6	0	0	0	0	6	6	6	1	2	0.333333333333333	464	0.316948528050879	0.375641329376376	0.947395492729033	0.333333333333333
ASNS	0	0	0	0	6	0	0	0	0	6	6	6	1	2	0.333333333333333	561	0.316948528050879	0.375641329376376	0.947395492729033	0.333333333333333
ASPSCR1	0	0	0	0	6	0	0	0	0	6	6	6	1	2	0.333333333333333	647	0.316948528050879	0.375641329376376	0.947395492729033	0.333333333333333
ASTL	1	0	0	0	12	2	0	0	0	15	15	15	1	2	0.133333333333333	431	-0.943017696795887	0.827164074419315	0.947395492729033	0.133333333333333
ASTN1	1	0	0	0	85	9	0	2	0	97	77	77	3	9	0.0769543175976823	1294	-1.29819597488101	0.90288999953601	0.947395492729033	0.0927835051546392
ASTN2	1	0	0	0	44	5	0	2	0	52	45	45	2	6	0.0991421356237309	1288	-1.15841646830167	0.876652939083342	0.947395492729033	0.115384615384615
ASXL3	1	0	0	0	79	6	1	0	0	87	70	70	4	11	0.117816091954023	2248	-1.04077369699951	0.85100970485765	0.947395492729033	0.126436781609195
ATAD2	0	1	0	0	10	2	0	0	0	13	12	12	1	2	0.153846153846154	1390	-0.813790391683398	0.792117479810598	0.947395492729033	0.153846153846154
ATG2A	2	0	0	0	13	1	0	0	0	16	15	15	1	2	0.125	1938	-0.995516289497835	0.840257387149385	0.947395492729033	0.125
ATG3	0	0	2	0	3	0	0	0	0	5	5	5	1	2	0.4	314	0.736937269666468	0.230580249046244	0.947395492729033	0.4
ATG9B	1	0	0	0	11	0	0	0	0	12	11	11	1	2	0.166666666666667	924	-0.733023325988092	0.768227898675538	0.947395492729033	0.166666666666667
ATM	5	1	1	0	30	10	0	3	0	50	42	42	2	5	0.106382978723404	3056	-1.11280037957666	0.867102913821465	0.947395492729033	0.1
ATOH1	1	0	0	0	12	0	0	0	0	13	13	13	1	3	0.173076923076923	354	-0.692639793140439	0.755732184416894	0.947395492729033	0.230769230769231
ATP10A	0	0	0	0	16	2	0	0	0	18	16	16	1	2	0.111111111111111	1499	-1.08301394400108	0.860598883080141	0.947395492729033	0.111111111111111
ATP10B	0	0	0	0	30	2	0	2	0	34	33	33	1	2	0.0625	1461	-1.38925573476245	0.917622500473754	0.947395492729033	0.0588235294117647
ATP1A2	3	0	0	0	18	1	0	2	0	24	22	22	1	2	0.0952380952380952	1020	-1.18301126343337	0.881597658233639	0.947395492729033	0.0833333333333333
ATP2B4	0	0	0	0	11	0	0	0	0	11	10	10	1	2	0.181818181818182	1205	-0.637571339257276	0.73812362125601	0.947395492729033	0.181818181818182
ATP7A	1	0	0	0	27	2	0	0	0	30	27	27	1	2	0.0666666666666667	1500	-1.36300643841148	0.913559759253462	0.947395492729033	0.0666666666666667
ATP7B	0	0	0	0	18	1	0	1	0	20	19	19	1	2	0.105263157894737	1465	-1.11985506168666	0.868612234567941	0.947395492729033	0.1
ATP8A1	0	0	0	0	6	1	0	2	0	9	8	8	1	2	0.285714285714286	1164	0.0169565697540304	0.493235631550558	0.947395492729033	0.222222222222222
ATP8A2	0	0	0	0	23	3	0	2	0	28	25	25	3	7	0.244367438099741	1188	-0.24352158773703	0.596199318112124	0.947395492729033	0.25
ATP8B4	0	0	0	0	19	4	0	2	0	25	22	22	1	2	0.0869565217391304	1192	-1.23518377791977	0.891618942387074	0.947395492729033	0.08
ATP9B	1	0	0	0	8	0	0	0	0	9	8	8	1	2	0.222222222222222	1147	-0.383032707975102	0.649152243691414	0.947395492729033	0.222222222222222
ATRNL1	2	0	0	0	44	3	0	2	0	51	45	45	4	10	0.170480681440679	1379	-0.708995677006481	0.760836420237428	0.947395492729033	0.196078431372549
ATRX	1	0	0	0	29	8	0	1	0	39	33	33	2	4	0.105263157894737	2492	-1.11985506168666	0.868612234567941	0.947395492729033	0.102564102564103
B2M	2	0	0	0	2	3	0	0	2	9	8	8	1	2	0.285714285714286	119	0.0169565697540304	0.493235631550558	0.947395492729033	0.222222222222222
B3GNT3	0	0	0	0	8	1	0	0	0	9	9	9	1	2	0.222222222222222	372	-0.383032707975102	0.649152243691414	0.947395492729033	0.222222222222222
BAI2	1	0	0	0	13	2	0	1	0	17	16	16	1	2	0.125	1585	-0.995516289497835	0.840257387149385	0.947395492729033	0.117647058823529
BAP1	1	0	0	0	5	2	0	1	0	9	8	8	1	2	0.25	729	-0.208037398968606	0.582400117012023	0.947395492729033	0.222222222222222
BBS12	0	1	0	0	5	1	0	0	0	7	7	7	1	2	0.285714285714286	710	0.0169565697540304	0.493235631550558	0.947395492729033	0.285714285714286
BBX	0	0	0	0	14	0	0	0	0	14	12	12	1	2	0.142857142857143	941	-0.883019305136517	0.811387079455669	0.947395492729033	0.142857142857143
BCAN	0	0	0	0	22	2	0	0	0	24	23	23	1	3	0.104166666666667	911	-1.12676277125271	0.870078602637663	0.947395492729033	0.125
BCHE	2	1	0	0	27	4	0	0	1	35	34	34	1	3	0.0796207876819573	602	-1.28139766365226	0.899972987810956	0.947395492729033	0.0857142857142857
BCKDHB	1	0	0	0	11	1	0	1	0	14	14	14	1	2	0.153846153846154	392	-0.813790391683398	0.792117479810598	0.947395492729033	0.142857142857143
BCL11A	1	0	0	0	22	1	0	0	0	24	23	23	1	3	0.112796115882773	835	-1.07239869849609	0.858229503855297	0.947395492729033	0.125
BCL9L	1	1	0	0	17	1	0	0	0	20	20	20	1	2	0.1	1499	-1.15301206760368	0.875547284318904	0.947395492729033	0.1
BCLAF1	1	0	0	0	45	0	0	0	0	46	39	39	4	9	0.181598986752028	921	-0.638952231157313	0.738572996036611	0.947395492729033	0.195652173913043
BCMO1	2	0	0	0	3	0	0	0	0	5	5	5	1	2	0.4	547	0.736937269666468	0.230580249046244	0.947395492729033	0.4
BCOR	0	0	0	0	22	3	0	0	0	25	24	24	1	3	0.12	1755	-1.027015445119	0.847793404314878	0.947395492729033	0.12
BCORL1	2	0	0	0	36	3	0	0	0	41	37	37	2	4	0.0975609756097561	1711	-1.1683775093701	0.878672738570029	0.947395492729033	0.0975609756097561
BCR	0	0	0	0	10	1	0	1	0	12	12	12	1	2	0.181818181818182	1271	-0.637571339257276	0.73812362125601	0.947395492729033	0.166666666666667
BDP1	0	0	0	0	27	3	0	1	0	31	29	29	1	2	0.0666666666666667	2624	-1.36300643841148	0.913559759253462	0.947395492729033	0.0645161290322581
BEST1	1	0	0	0	4	0	0	0	0	5	5	5	1	2	0.4	604	0.736937269666468	0.230580249046244	0.947395492729033	0.4
BEST2	0	0	0	0	8	0	0	0	0	8	8	8	1	2	0.25	509	-0.208037398968606	0.582400117012023	0.947395492729033	0.25
BHLHB9	0	0	0	0	12	1	0	0	0	13	12	12	1	2	0.153846153846154	547	-0.813790391683398	0.792117479810598	0.947395492729033	0.153846153846154
BICD2	1	0	0	0	6	0	0	2	0	9	8	8	1	2	0.285714285714286	855	0.0169565697540304	0.493235631550558	0.947395492729033	0.222222222222222
BIN2	1	0	0	0	8	1	0	0	0	10	9	9	1	2	0.2	565	-0.523028955180298	0.699522948189084	0.947395492729033	0.2
BIRC6	1	1	1	0	46	3	0	2	0	54	48	48	1	2	0.0384615384615385	4857	-1.54069398294115	0.938304359031864	0.947395492729033	0.037037037037037
BIVM-ERCC5	1	0	0	0	12	1	0	1	0	15	14	14	1	2	0.142857142857143	1640	-0.883019305136517	0.811387079455669	0.947395492729033	0.133333333333333
BMP1	0	0	0	0	9	1	0	0	0	10	10	10	1	2	0.2	986	-0.523028955180298	0.699522948189084	0.947395492729033	0.2
BMP3	0	0	0	0	8	1	0	0	0	9	9	9	1	2	0.222222222222222	472	-0.383032707975102	0.649152243691414	0.947395492729033	0.222222222222222
BMP5	1	0	0	0	4	1	0	0	0	6	6	6	1	2	0.333333333333333	454	0.316948528050879	0.375641329376376	0.947395492729033	0.333333333333333
BMP7	1	0	0	0	11	1	0	0	0	13	13	13	2	4	0.307692307692308	431	0.155414396660269	0.438247317585095	0.947395492729033	0.307692307692308
BMPER	0	1	0	0	19	2	0	2	0	24	21	21	1	2	0.0909090909090909	685	-1.21028325964217	0.886914890481703	0.947395492729033	0.0833333333333333
BNC1	1	0	0	0	17	2	0	0	0	20	17	17	1	3	0.125	995	-0.995516289497835	0.840257387149385	0.947395492729033	0.15
BOD1L1	1	0	0	0	49	0	0	0	0	50	44	44	2	4	0.08	3051	-1.27900869008836	0.899553002131904	0.947395492729033	0.08
BOLL	0	0	0	0	7	0	0	0	0	7	6	6	2	4	0.571428571428571	295	1.81690831953512	0.034615576296351	0.947395492729033	0.571428571428571
BPHL	0	0	0	0	5	0	0	0	0	5	4	4	1	2	0.4	291	0.736937269666468	0.230580249046244	0.947395492729033	0.4
BPI	1	0	0	0	15	0	0	0	0	16	13	13	1	2	0.125	487	-0.995516289497835	0.840257387149385	0.947395492729033	0.125
BPTF	0	0	0	0	24	0	0	0	0	24	22	22	1	2	0.0833333333333333	2920	-1.25800925300758	0.895805795049592	0.947395492729033	0.0833333333333333
BRAF	0	0	1	0	42	2	0	1	0	46	42	42	4	37	0.609402156419028	766	2.05613549215674	0.0198847290086478	0.947395492729033	0.804347826086957
BRCA2	0	0	0	0	27	4	0	0	0	31	28	28	1	2	0.0645161290322581	3418	-1.37655446233456	0.91567498095019	0.947395492729033	0.0645161290322581
BRD9	1	0	0	0	4	1	0	0	0	6	4	4	1	2	0.333333333333333	597	0.316948528050879	0.375641329376376	0.947395492729033	0.333333333333333
BRE	0	0	0	0	4	1	0	1	0	6	5	5	1	2	0.4	415	0.736937269666468	0.230580249046244	0.947395492729033	0.333333333333333
BRF1	0	1	0	0	4	0	0	1	0	6	6	6	1	2	0.4	677	0.736937269666468	0.230580249046244	0.947395492729033	0.333333333333333
BRINP2	0	1	0	0	29	1	0	0	0	31	29	29	2	4	0.129032258064516	783	-0.970113744642053	0.834005100682721	0.947395492729033	0.129032258064516
BRINP3	2	0	0	0	66	9	0	2	1	80	67	67	9	31	0.310411044538306	766	0.172541979661289	0.43150573060441	0.947395492729033	0.3875
BRS3	0	0	0	0	8	0	0	0	0	8	8	8	1	2	0.25	399	-0.208037398968606	0.582400117012023	0.947395492729033	0.25
BRSK1	1	0	0	0	14	1	0	0	0	16	15	15	1	3	0.13604854345604	778	-0.925912331556025	0.822754228892918	0.947395492729033	0.1875
BRWD3	0	0	0	0	40	1	0	1	0	42	39	39	1	2	0.0487804878048781	1802	-1.47568634469858	0.929985943281608	0.947395492729033	0.0476190476190476
BTBD10	0	0	0	0	7	0	0	0	0	7	7	7	1	2	0.285714285714286	475	0.0169565697540304	0.493235631550558	0.947395492729033	0.285714285714286
BTBD16	0	0	0	0	6	0	0	0	0	6	6	6	1	2	0.333333333333333	506	0.316948528050879	0.375641329376376	0.947395492729033	0.333333333333333
BTN2A2	0	0	0	0	7	2	0	0	0	9	8	8	1	2	0.222222222222222	523	-0.383032707975102	0.649152243691414	0.947395492729033	0.222222222222222
BUD13	1	0	0	0	7	1	0	0	0	9	9	9	1	2	0.222222222222222	619	-0.383032707975102	0.649152243691414	0.947395492729033	0.222222222222222
C10orf88	0	0	0	0	6	0	0	0	0	6	5	5	1	2	0.333333333333333	446	0.316948528050879	0.375641329376376	0.947395492729033	0.333333333333333
C11orf88	1	0	0	0	5	0	0	0	0	6	5	5	1	2	0.333333333333333	196	0.316948528050879	0.375641329376376	0.947395492729033	0.333333333333333
C12orf40	0	0	0	0	14	1	0	0	0	15	13	13	1	4	0.266666666666667	653	-0.103040213564709	0.541034472506738	0.947395492729033	0.266666666666667
C12orf71	0	0	0	0	6	1	0	0	0	7	7	7	1	2	0.285714285714286	270	0.0169565697540304	0.493235631550558	0.947395492729033	0.285714285714286
C15orf52	0	0	0	0	7	0	0	0	0	7	7	7	1	2	0.285714285714286	535	0.0169565697540304	0.493235631550558	0.947395492729033	0.285714285714286
C15orf59	1	0	0	0	6	2	0	0	0	9	9	9	1	2	0.222222222222222	293	-0.383032707975102	0.649152243691414	0.947395492729033	0.222222222222222
C1QA	1	0	0	0	5	1	0	0	0	7	5	5	1	2	0.285714285714286	245	0.0169565697540304	0.493235631550558	0.947395492729033	0.285714285714286
C1QTNF3	1	0	0	0	7	2	0	0	0	10	10	10	1	3	0.217677669529664	319	-0.411662622473402	0.65970663757949	0.947395492729033	0.3
C1orf101	1	0	0	0	10	0	0	0	0	11	11	11	1	2	0.181818181818182	952	-0.637571339257276	0.73812362125601	0.947395492729033	0.181818181818182
C1orf116	0	1	0	0	10	0	0	1	0	12	12	12	1	2	0.181818181818182	602	-0.637571339257276	0.73812362125601	0.947395492729033	0.166666666666667
C1orf141	0	0	0	0	10	0	0	0	0	10	10	10	1	3	0.3	401	0.106954157243085	0.457412674142357	0.947395492729033	0.3
C1orf173	1	0	0	0	80	9	0	2	0	92	79	79	4	13	0.121745630902073	1531	-1.0160182652307	0.845189655627677	0.947395492729033	0.141304347826087
C20orf26	0	0	0	0	27	2	0	2	0	31	27	27	2	4	0.137931034482759	1237	-0.914052955994811	0.819655489828282	0.947395492729033	0.129032258064516
C2orf78	0	0	0	0	19	2	0	0	0	21	20	20	1	2	0.0952380952380952	922	-1.18301126343337	0.881597658233639	0.947395492729033	0.0952380952380952
C3orf58	0	0	1	0	6	1	0	0	0	8	7	7	1	3	0.27209708691208	431	-0.068829483084987	0.52743732518799	0.947395492729033	0.375
C4orf17	1	0	0	0	8	0	0	0	0	9	9	9	1	2	0.222222222222222	360	-0.383032707975102	0.649152243691414	0.947395492729033	0.222222222222222
C7	1	0	0	0	35	1	0	1	0	38	35	35	3	7	0.171717659205224	843	-0.701202925985418	0.758411807956886	0.947395492729033	0.184210526315789
C7orf25	3	0	0	0	2	0	0	0	0	5	5	5	1	2	0.4	479	0.736937269666468	0.230580249046244	0.947395492729033	0.4
C8B	1	0	0	0	19	2	0	0	0	22	21	21	2	4	0.181818181818182	591	-0.637571339257276	0.73812362125601	0.947395492729033	0.181818181818182
C8orf33	0	0	0	0	6	0	0	1	0	7	7	7	1	2	0.333333333333333	230	0.316948528050879	0.375641329376376	0.947395492729033	0.285714285714286
C9	0	0	0	0	19	1	0	0	0	20	20	20	1	2	0.1	559	-1.15301206760368	0.875547284318904	0.947395492729033	0.1
C9orf171	0	0	0	0	8	0	0	0	0	8	7	7	1	2	0.25	321	-0.208037398968606	0.582400117012023	0.947395492729033	0.25
CA10	0	1	0	0	12	0	0	0	1	14	13	13	1	2	0.153846153846154	328	-0.813790391683398	0.792117479810598	0.947395492729033	0.142857142857143
CACHD1	0	0	0	0	12	0	0	0	0	12	12	12	1	2	0.166666666666667	1223	-0.733023325988092	0.768227898675538	0.947395492729033	0.166666666666667
CACNA1A	1	0	0	0	28	1	0	0	0	30	27	27	1	3	0.0725592231765546	2512	-1.32588432750918	0.907560992492947	0.947395492729033	0.1
CACNA1C	0	0	0	0	47	3	0	3	0	53	51	51	1	2	0.04	2221	-1.53100193505771	0.937115542796203	0.947395492729033	0.0377358490566038
CACNA1D	0	0	0	0	14	1	0	1	0	16	15	15	2	5	0.290236892706218	2181	0.0454482300444845	0.481875019330837	0.947395492729033	0.3125
CACNA1E	1	0	0	0	96	6	0	3	0	106	80	80	3	7	0.0606796116504854	2313	-1.40072387394491	0.919351669667178	0.947395492729033	0.0660377358490566
CACNA1F	1	0	0	0	29	3	0	2	0	35	32	32	2	4	0.121212121212121	1977	-1.01937928618054	0.845988531951828	0.947395492729033	0.114285714285714
CACNA1H	2	0	0	0	19	0	0	0	0	21	19	19	1	2	0.0952380952380952	2353	-1.18301126343337	0.881597658233639	0.947395492729033	0.0952380952380952
CACNA1I	0	0	0	0	30	1	0	0	0	31	26	26	1	2	0.0645161290322581	2223	-1.37655446233456	0.91567498095019	0.947395492729033	0.0645161290322581
CACNA2D1	2	0	0	0	39	2	1	3	0	47	43	43	2	4	0.0909090909090909	1091	-1.21028325964217	0.886914890481703	0.947395492729033	0.0851063829787234
CACNG3	0	0	0	0	12	2	0	1	0	15	15	15	2	4	0.285714285714286	315	0.0169565697540304	0.493235631550558	0.947395492729033	0.266666666666667
CACNG5	0	0	0	0	8	1	0	0	0	9	9	9	1	2	0.222222222222222	275	-0.383032707975102	0.649152243691414	0.947395492729033	0.222222222222222
CACTIN	0	0	0	0	6	0	0	0	0	6	6	6	1	2	0.333333333333333	758	0.316948528050879	0.375641329376376	0.947395492729033	0.333333333333333
CALB1	0	0	0	0	6	0	0	0	0	6	6	6	1	2	0.333333333333333	261	0.316948528050879	0.375641329376376	0.947395492729033	0.333333333333333
CALD1	1	0	0	0	13	0	0	0	0	14	14	14	1	2	0.142857142857143	793	-0.883019305136517	0.811387079455669	0.947395492729033	0.142857142857143
CAMSAP2	0	0	0	0	15	2	0	0	0	17	16	16	1	2	0.117647058823529	1478	-1.04183857717603	0.851256737330424	0.947395492729033	0.117647058823529
CAMTA1	1	0	0	0	30	0	0	1	0	32	31	31	1	2	0.0645161290322581	1673	-1.37655446233456	0.91567498095019	0.947395492729033	0.0625
CAND2	0	0	0	0	7	2	0	0	0	9	8	8	1	3	0.300789642354061	1236	0.111928770722211	0.455439942099142	0.947395492729033	0.333333333333333
CAPG	0	0	0	0	5	0	0	0	0	5	5	5	1	2	0.4	348	0.736937269666468	0.230580249046244	0.947395492729033	0.4
CAPN3	0	0	0	0	5	1	0	0	0	6	5	5	1	2	0.333333333333333	821	0.316948528050879	0.375641329376376	0.947395492729033	0.333333333333333
CAPN5	0	0	0	0	10	3	0	0	0	13	8	8	1	2	0.153846153846154	640	-0.813790391683398	0.792117479810598	0.947395492729033	0.153846153846154
CAPN6	1	0	0	0	18	3	0	0	0	22	21	21	1	3	0.106979699572422	641	-1.10904113899954	0.866293782378453	0.947395492729033	0.136363636363636
CARD11	0	0	0	0	27	1	0	1	0	29	28	28	1	4	0.121936198656182	1154	-1.01481772056209	0.844903637485835	0.947395492729033	0.137931034482759
CARD6	0	1	0	0	14	2	0	0	0	17	17	17	2	5	0.256091375917251	1037	-0.169662759375698	0.567362318450189	0.947395492729033	0.294117647058824
CASC5	0	1	0	0	10	1	0	2	0	14	13	13	2	4	0.333333333333333	2342	0.316948528050879	0.375641329376376	0.947395492729033	0.285714285714286
CASP3	0	0	0	0	5	1	0	0	0	6	6	6	1	2	0.333333333333333	277	0.316948528050879	0.375641329376376	0.947395492729033	0.333333333333333
CASP5	0	0	0	0	14	0	0	0	0	14	13	13	1	2	0.142857142857143	447	-0.883019305136517	0.811387079455669	0.947395492729033	0.142857142857143
CASS4	1	0	0	0	25	1	0	1	0	28	25	25	3	8	0.277777777777778	786	-0.0330420899621109	0.51317948849207	0.947395492729033	0.285714285714286
CBL	0	0	1	0	7	1	0	0	0	9	9	9	1	2	0.222222222222222	906	-0.383032707975102	0.649152243691414	0.947395492729033	0.222222222222222
CBLN2	0	0	0	0	9	0	0	1	0	10	9	9	1	2	0.222222222222222	224	-0.383032707975102	0.649152243691414	0.947395492729033	0.2
CCAR1	0	0	0	0	5	1	0	2	0	8	7	7	1	2	0.333333333333333	1150	0.316948528050879	0.375641329376376	0.947395492729033	0.25
CCDC129	2	1	0	0	28	2	0	0	0	33	33	33	1	3	0.0659629301605041	1063	-1.36743985955626	0.914256262102295	0.947395492729033	0.0909090909090909
CCDC136	0	0	0	0	14	2	0	0	0	16	15	15	1	2	0.125	434	-0.995516289497835	0.840257387149385	0.947395492729033	0.125
CCDC147	1	1	0	0	20	2	0	0	0	24	22	22	2	5	0.174032362304027	872	-0.686620687360219	0.753839105712653	0.947395492729033	0.208333333333333
CCDC170	0	0	0	0	9	1	0	1	0	11	11	11	1	2	0.2	715	-0.523028955180298	0.699522948189084	0.947395492729033	0.181818181818182
CCDC37	0	0	0	0	7	0	0	0	0	7	7	7	1	2	0.285714285714286	611	0.0169565697540304	0.493235631550558	0.947395492729033	0.285714285714286
CCDC40	0	0	0	0	15	5	0	0	0	20	19	19	2	4	0.2	1142	-0.523028955180298	0.699522948189084	0.947395492729033	0.2
CCDC63	1	0	0	0	15	0	0	0	0	16	14	14	1	3	0.13604854345604	563	-0.925912331556025	0.822754228892918	0.947395492729033	0.1875
CCDC87	2	0	0	0	13	0	0	0	0	15	15	15	1	2	0.133333333333333	849	-0.943017696795887	0.827164074419315	0.947395492729033	0.133333333333333
CCDC89	0	0	0	0	9	0	0	0	0	9	9	9	1	2	0.222222222222222	374	-0.383032707975102	0.649152243691414	0.947395492729033	0.222222222222222
CCDC91	0	1	0	0	7	2	0	0	0	10	9	9	1	2	0.2	441	-0.523028955180298	0.699522948189084	0.947395492729033	0.2
CCIN	0	0	0	0	10	1	0	0	0	11	11	11	1	2	0.181818181818182	588	-0.637571339257276	0.73812362125601	0.947395492729033	0.181818181818182
CCKAR	1	0	0	0	14	0	0	0	0	15	15	15	1	3	0.166666666666667	428	-0.733023325988092	0.768227898675538	0.947395492729033	0.2
CCNB1IP1	0	0	0	0	5	0	0	0	0	5	5	5	1	2	0.4	277	0.736937269666468	0.230580249046244	0.947395492729033	0.4
CCNB3	0	1	0	0	26	4	1	0	0	32	29	29	2	5	0.1328125	1395	-0.946298858839758	0.828001912371998	0.947395492729033	0.15625
CCNE1	0	0	0	0	5	0	0	1	0	6	5	5	1	3	0.54142135623731	410	1.62786793132163	0.0517764462696145	0.947395492729033	0.5
CCR8	0	0	0	0	6	0	0	0	0	6	5	5	1	2	0.333333333333333	355	0.316948528050879	0.375641329376376	0.947395492729033	0.333333333333333
CCT6B	0	0	0	0	8	1	0	0	0	9	8	8	1	2	0.222222222222222	530	-0.383032707975102	0.649152243691414	0.947395492729033	0.222222222222222
CCT8L2	2	0	0	0	27	2	0	0	0	31	23	23	2	7	0.167160661785144	557	-0.729911240165489	0.767277779381926	0.947395492729033	0.225806451612903
CD109	1	0	0	0	18	0	0	1	0	20	20	20	1	2	0.105263157894737	1445	-1.11985506168666	0.868612234567941	0.947395492729033	0.1
CD163	2	0	0	0	27	6	0	2	0	37	30	30	3	6	0.171428571428571	1156	-0.703024130158407	0.758979644095288	0.947395492729033	0.162162162162162
CD163L1	0	0	0	0	22	8	0	0	0	30	29	29	2	6	0.15	1453	-0.838020511391989	0.798990408099973	0.947395492729033	0.2
CD1C	0	0	0	0	12	0	0	0	0	12	9	9	1	2	0.166666666666667	333	-0.733023325988092	0.768227898675538	0.947395492729033	0.166666666666667
CD1D	0	0	0	0	9	1	0	0	0	10	10	10	1	2	0.2	335	-0.523028955180298	0.699522948189084	0.947395492729033	0.2
CD1E	0	0	0	0	24	1	0	2	0	27	24	24	2	7	0.208284271247462	388	-0.470839445333942	0.681122303166968	0.947395492729033	0.259259259259259
CD300C	0	0	0	0	7	0	0	0	0	7	6	6	1	4	0.458158111598078	224	1.10332355123871	0.134943341307924	0.947395492729033	0.571428571428571
CD300LB	0	0	0	0	4	2	0	0	0	6	6	6	1	2	0.333333333333333	238	0.316948528050879	0.375641329376376	0.947395492729033	0.333333333333333
CD34	0	0	0	0	10	2	0	0	0	12	11	11	2	4	0.333333333333333	385	0.316948528050879	0.375641329376376	0.947395492729033	0.333333333333333
CD6	0	0	0	0	14	1	0	0	0	15	13	13	1	3	0.180473785412436	668	-0.646040809577499	0.740873536693647	0.947395492729033	0.2
CD84	1	0	0	0	7	1	0	1	0	10	7	7	2	4	0.444444444444444	345	1.01692976407686	0.154593421451912	0.947395492729033	0.4
CD96	0	0	0	0	8	2	0	1	0	11	11	11	1	2	0.2	585	-0.523028955180298	0.699522948189084	0.947395492729033	0.181818181818182
CDC20B	0	0	0	0	9	0	0	0	0	9	9	9	1	3	0.333333333333333	519	0.316948528050879	0.375641329376376	0.947395492729033	0.333333333333333
CDC42BPA	0	0	0	0	16	0	0	0	0	16	15	15	1	2	0.125	1719	-0.995516289497835	0.840257387149385	0.947395492729033	0.125
CDC7	1	1	0	0	5	0	0	0	0	7	7	7	1	2	0.285714285714286	574	0.0169565697540304	0.493235631550558	0.947395492729033	0.285714285714286
CDH10	6	1	0	0	88	8	0	1	0	104	86	86	5	19	0.137811103381194	788	-0.91480850168121	0.819853914578391	0.947395492729033	0.182692307692308
CDH11	2	0	0	0	28	1	0	0	0	31	29	29	1	4	0.0782831192031173	796	-1.28982474916916	0.901444243573099	0.947395492729033	0.129032258064516
CDH12	1	0	0	0	59	6	1	0	0	67	60	60	6	14	0.196668308885024	794	-0.544018046562754	0.706785472848989	0.947395492729033	0.208955223880597
CDH17	1	0	0	0	21	1	0	1	0	24	20	20	3	7	0.282608695652174	832	-0.00260812317837279	0.501040489428726	0.947395492729033	0.291666666666667
CDH18	2	0	0	0	48	2	0	1	0	53	50	50	2	5	0.0837221805883322	790	-1.25555958096796	0.895362153236537	0.947395492729033	0.0943396226415094
CDH2	1	0	0	0	31	1	0	0	0	33	27	27	2	5	0.128787878787879	906	-0.971653292815131	0.834388469814628	0.947395492729033	0.151515151515152
CDH22	0	1	0	0	22	0	0	0	0	23	22	22	1	2	0.0869565217391304	828	-1.23518377791977	0.891618942387074	0.947395492729033	0.0869565217391304
CDH23	0	0	0	0	31	2	0	1	0	34	33	33	1	3	0.0757575757575758	3354	-1.30573524637299	0.904178696297998	0.947395492729033	0.0882352941176471
CDH4	0	0	0	0	21	0	0	0	0	21	21	21	1	2	0.0952380952380952	916	-1.18301126343337	0.881597658233639	0.947395492729033	0.0952380952380952
CDH5	0	0	0	0	12	1	0	0	0	13	12	12	1	2	0.153846153846154	784	-0.813790391683398	0.792117479810598	0.947395492729033	0.153846153846154
CDH7	1	2	0	0	38	3	0	1	0	45	43	43	2	7	0.114325683770225	785	-1.06276267911208	0.856055205884926	0.947395492729033	0.155555555555556
CDH8	1	1	1	0	38	4	0	1	0	46	45	45	5	11	0.226150593228814	799	-0.358284634040236	0.63993484192703	0.947395492729033	0.239130434782609
CDH9	2	0	0	0	56	5	1	4	0	68	59	59	5	13	0.17511104345604	789	-0.679825178265641	0.751692418935558	0.947395492729033	0.191176470588235
CDHR1	1	0	0	0	20	0	0	0	0	21	19	19	1	3	0.128909846723169	859	-0.970884915420232	0.834197204673063	0.947395492729033	0.142857142857143
CDHR2	0	0	0	0	26	0	0	0	0	26	25	25	1	2	0.0769230769230769	1310	-1.29839278585523	0.902923801572952	0.947395492729033	0.0769230769230769
CDK12	1	1	0	0	17	0	0	0	0	19	18	18	2	4	0.210526315789474	1490	-0.456714943346258	0.676062025695289	0.947395492729033	0.210526315789474
CDK14	1	0	0	0	7	1	0	0	0	9	8	8	1	3	0.300789642354061	451	0.111928770722211	0.455439942099142	0.947395492729033	0.333333333333333
CDK6	0	0	0	0	5	0	0	0	0	5	4	4	1	3	0.45	326	1.05192882587816	0.146416102729959	0.947395492729033	0.6
CDKN2A	1	2	1	0	15	2	0	1	0	22	20	20	2	9	0.386729540169507	167	0.653335613793432	0.256769968784396	0.947395492729033	0.409090909090909
CDYL	0	0	0	0	13	3	0	0	0	16	16	16	1	2	0.125	544	-0.995516289497835	0.840257387149385	0.947395492729033	0.125
CEACAM4	0	0	0	0	8	1	0	0	0	9	7	7	2	4	0.444444444444444	244	1.01692976407686	0.154593421451912	0.947395492729033	0.444444444444444
CELSR1	0	0	0	0	19	1	0	0	0	20	18	18	1	2	0.1	3014	-1.15301206760368	0.875547284318904	0.947395492729033	0.1
CELSR3	0	0	0	0	31	3	0	1	0	35	30	30	1	2	0.0588235294117647	3312	-1.41241687860154	0.921086375238605	0.947395492729033	0.0571428571428571
CENPE	0	0	0	0	24	3	0	0	0	27	24	24	2	5	0.161242718170121	2701	-0.76719328554287	0.778516697776597	0.947395492729033	0.185185185185185
CENPF	0	0	0	0	40	6	0	1	0	47	38	38	2	5	0.108695652173913	3114	-1.09823092739295	0.863948167706065	0.947395492729033	0.106382978723404
CENPI	1	0	0	0	10	0	0	1	0	12	11	11	1	2	0.181818181818182	756	-0.637571339257276	0.73812362125601	0.947395492729033	0.166666666666667
CEP135	0	0	0	0	10	2	0	1	0	13	12	12	1	2	0.166666666666667	1140	-0.733023325988092	0.768227898675538	0.947395492729033	0.153846153846154
CEP152	0	0	0	0	12	5	0	0	0	17	15	15	1	2	0.117647058823529	1710	-1.04183857717603	0.851256737330424	0.947395492729033	0.117647058823529
CEP89	0	0	1	0	6	0	0	0	0	7	6	6	1	2	0.285714285714286	783	0.0169565697540304	0.493235631550558	0.947395492729033	0.285714285714286
CETN1	0	0	0	0	7	0	0	0	0	7	7	7	1	2	0.285714285714286	172	0.0169565697540304	0.493235631550558	0.947395492729033	0.285714285714286
CFC1	0	0	0	0	10	0	0	0	0	10	10	10	1	4	0.275	223	-0.0505416208627604	0.520154608442242	0.947395492729033	0.4
CFH	1	0	0	0	35	2	0	2	0	40	35	35	2	4	0.105263157894737	1231	-1.11985506168666	0.868612234567941	0.947395492729033	0.1
CFHR2	0	0	0	0	7	2	0	0	0	9	9	9	1	2	0.222222222222222	270	-0.383032707975102	0.649152243691414	0.947395492729033	0.222222222222222
CFHR4	0	0	0	0	15	5	1	0	0	21	21	21	1	3	0.107142857142857	578	-1.10801327385915	0.866071958340847	0.947395492729033	0.142857142857143
CFHR5	0	0	0	0	16	4	0	0	0	20	18	18	1	3	0.117677669529664	569	-1.04164573489679	0.851212021805463	0.947395492729033	0.15
CHAF1A	0	0	0	0	15	0	0	0	0	15	13	13	1	2	0.133333333333333	956	-0.943017696795887	0.827164074419315	0.947395492729033	0.133333333333333
CHAMP1	0	0	1	0	6	0	0	0	0	7	7	7	1	2	0.285714285714286	812	0.0169565697540304	0.493235631550558	0.947395492729033	0.285714285714286
CHAT	1	0	0	0	15	0	0	1	0	17	17	17	1	2	0.125	748	-0.995516289497835	0.840257387149385	0.947395492729033	0.117647058823529
CHD4	0	0	0	0	15	1	0	1	0	17	16	16	1	2	0.125	1912	-0.995516289497835	0.840257387149385	0.947395492729033	0.117647058823529
CHD5	0	0	0	0	27	3	0	2	0	32	31	31	2	4	0.133333333333333	1954	-0.943017696795887	0.827164074419315	0.947395492729033	0.125
CHD6	1	0	0	0	29	5	0	1	0	36	35	35	3	7	0.191631622319616	2715	-0.575748321350527	0.717607345620313	0.947395492729033	0.194444444444444
CHD7	0	0	0	0	27	4	0	0	1	32	30	30	1	2	0.0645161290322581	2997	-1.37655446233456	0.91567498095019	0.947395492729033	0.0625
CHD8	0	0	0	0	21	5	0	2	0	28	26	26	1	3	0.104119491584098	2581	-1.12705996630616	0.870141435958549	0.947395492729033	0.107142857142857
CHGB	0	0	0	0	15	2	0	1	0	18	17	17	2	4	0.235294117647059	677	-0.300681974324986	0.618171492261725	0.947395492729033	0.222222222222222
CHL1	0	1	0	0	41	4	0	2	0	48	41	41	3	6	0.130434782608696	1224	-0.96127807686613	0.831793816030266	0.947395492729033	0.125
CHRDL1	1	0	0	0	15	1	0	1	0	18	16	16	1	4	0.169640204499011	458	-0.714290539802803	0.76247622961215	0.947395492729033	0.222222222222222
CHRM2	1	2	0	0	28	2	0	1	0	34	30	30	1	2	0.0606060606060606	466	-1.4011872331038	0.919420954479131	0.947395492729033	0.0588235294117647
CHRM3	0	0	0	0	22	4	0	0	0	26	24	24	3	10	0.334888722353329	590	0.326747216209338	0.371929542607486	0.947395492729033	0.384615384615385
CHRNA1	0	1	0	0	10	4	0	0	0	15	15	15	1	2	0.133333333333333	482	-0.943017696795887	0.827164074419315	0.947395492729033	0.133333333333333
CHRNA4	0	0	0	0	19	0	0	0	0	19	17	17	1	3	0.123871231083857	627	-1.00262734304782	0.841979651016678	0.947395492729033	0.157894736842105
CHRND	0	0	0	0	13	2	0	1	0	16	15	15	1	4	0.216666666666667	517	-0.418031769776401	0.662038055352066	0.947395492729033	0.25
CHST12	0	0	0	0	5	0	0	0	0	5	5	5	1	2	0.4	414	0.736937269666468	0.230580249046244	0.947395492729033	0.4
CHST8	0	0	0	0	8	0	0	0	0	8	7	7	1	3	0.3125	424	0.185702046296008	0.426339211761755	0.947395492729033	0.375
CHST9	0	0	0	0	6	0	0	0	0	6	4	4	1	3	0.5	443	1.36692038208985	0.0858251312961253	0.947395492729033	0.5
CHSY3	0	0	0	0	14	1	0	0	0	15	15	15	2	5	0.3	882	0.106954157243085	0.457412674142357	0.947395492729033	0.333333333333333
CHTOP	0	0	0	0	6	0	0	0	0	6	6	6	1	2	0.333333333333333	249	0.316948528050879	0.375641329376376	0.947395492729033	0.333333333333333
CIT	0	0	0	0	14	5	0	0	0	19	17	17	1	2	0.105263157894737	2069	-1.11985506168666	0.868612234567941	0.947395492729033	0.105263157894737
CLCN1	1	2	0	0	40	0	1	3	0	47	40	40	2	4	0.0909090909090909	988	-1.21028325964217	0.886914890481703	0.947395492729033	0.0851063829787234
CLCN4	0	0	0	0	11	1	0	0	0	12	11	11	1	2	0.166666666666667	760	-0.733023325988092	0.768227898675538	0.947395492729033	0.166666666666667
CLDN10	0	0	0	0	8	1	0	0	0	9	9	9	2	4	0.444444444444444	228	1.01692976407686	0.154593421451912	0.947395492729033	0.444444444444444
CLEC14A	3	0	0	0	10	0	1	0	0	14	14	14	2	5	0.298341192521188	490	0.0965039502589554	0.46156016835928	0.947395492729033	0.357142857142857
CLEC6A	0	0	0	0	7	0	0	0	0	7	6	6	1	3	0.321428571428571	209	0.241950538476667	0.404409244599003	0.947395492729033	0.428571428571429
CLIP4	1	0	0	0	7	1	0	1	0	10	9	9	2	4	0.444444444444444	705	1.01692976407686	0.154593421451912	0.947395492729033	0.4
CLK2	0	0	0	0	11	0	0	0	0	11	10	10	1	2	0.181818181818182	498	-0.637571339257276	0.73812362125601	0.947395492729033	0.181818181818182
CLNK	1	0	0	0	11	0	0	0	0	12	11	11	1	3	0.196129449216106	428	-0.5474127714766	0.70795240849465	0.947395492729033	0.25
CLSTN2	1	0	0	0	25	0	2	0	0	28	22	22	3	6	0.214285714285714	955	-0.433031367691243	0.667504009106579	0.947395492729033	0.214285714285714
CLTCL1	0	0	0	0	18	1	0	0	0	19	16	16	2	4	0.210526315789474	1640	-0.456714943346258	0.676062025695289	0.947395492729033	0.210526315789474
CMA1	1	0	0	0	3	1	0	0	0	5	5	5	1	3	0.54142135623731	247	1.62786793132163	0.0517764462696145	0.947395492729033	0.6
CMAS	0	0	0	0	5	2	0	1	0	8	7	7	1	2	0.285714285714286	434	0.0169565697540304	0.493235631550558	0.947395492729033	0.25
CNBD1	1	1	0	0	16	3	0	1	0	22	22	22	1	2	0.0952380952380952	436	-1.18301126343337	0.881597658233639	0.947395492729033	0.0909090909090909
CNDP2	0	0	1	0	7	1	0	0	0	9	7	7	1	4	0.444444444444444	475	1.01692976407686	0.154593421451912	0.947395492729033	0.444444444444444
CNGA1	0	1	0	0	8	0	0	0	0	9	9	9	1	2	0.222222222222222	759	-0.383032707975102	0.649152243691414	0.947395492729033	0.222222222222222
CNKSR2	2	0	0	0	21	3	0	0	0	26	24	24	2	4	0.16	1034	-0.775022200149651	0.780836729214767	0.947395492729033	0.153846153846154
CNNM1	0	0	0	0	7	1	0	0	0	8	8	8	1	2	0.25	951	-0.208037398968606	0.582400117012023	0.947395492729033	0.25
CNTLN	0	0	0	0	17	3	0	1	0	21	20	20	1	2	0.1	1406	-1.15301206760368	0.875547284318904	0.947395492729033	0.0952380952380952
CNTN3	1	0	0	0	29	1	0	3	0	34	30	30	2	4	0.129032258064516	1028	-0.970113744642053	0.834005100682721	0.947395492729033	0.117647058823529
CNTN4	1	1	0	0	18	2	0	0	0	22	20	20	1	3	0.102272727272727	1026	-1.13869426959406	0.872584653162997	0.947395492729033	0.136363636363636
CNTN5	3	0	0	0	36	5	0	2	0	46	41	41	3	6	0.136363636363636	1100	-0.923927299449723	0.822237915734289	0.947395492729033	0.130434782608696
CNTNAP2	1	2	0	0	68	5	0	4	0	80	65	65	2	7	0.0718040365945598	1331	-1.33064187544303	0.908346561597259	0.947395492729033	0.0875
CNTNAP4	0	0	0	0	47	9	0	1	0	57	47	47	4	10	0.168110956470948	1308	-0.723924544126666	0.765443969634512	0.947395492729033	0.175438596491228
CNTNAP5	0	1	0	0	85	5	0	2	0	93	68	68	7	18	0.173410220724065	1306	-0.690540074249341	0.755072691121353	0.947395492729033	0.193548387096774
COL11A1	2	0	0	0	117	11	0	13	0	143	107	107	8	20	0.134518745131357	1818	-0.935549802655661	0.825247484999937	0.947395492729033	0.13986013986014
COL14A1	1	0	0	0	44	4	0	1	0	50	44	44	2	5	0.0918367346938775	1796	-1.20443926045457	0.885790077406048	0.947395492729033	0.1
COL15A1	0	0	0	0	26	2	0	5	0	33	31	31	1	2	0.0714285714285714	1388	-1.33300724258179	0.90873528647819	0.947395492729033	0.0606060606060606
COL16A1	2	0	0	0	12	2	0	2	0	18	17	17	1	2	0.125	1604	-0.995516289497835	0.840257387149385	0.947395492729033	0.111111111111111
COL17A1	0	0	0	0	14	0	0	0	0	14	13	13	1	2	0.142857142857143	1498	-0.883019305136517	0.811387079455669	0.947395492729033	0.142857142857143
COL19A1	1	0	0	0	48	3	0	2	0	54	48	48	4	9	0.160645257511409	1142	-0.77095718679613	0.779633845602309	0.947395492729033	0.166666666666667
COL1A2	2	0	0	0	32	3	0	2	0	39	34	34	1	2	0.0540540540540541	1366	-1.44246376790632	0.925414207114719	0.947395492729033	0.0512820512820513
COL20A1	1	0	0	0	21	2	0	2	0	26	24	24	1	2	0.0833333333333333	1284	-1.25800925300758	0.895805795049592	0.947395492729033	0.0769230769230769
COL21A1	1	0	0	0	26	5	0	1	0	33	30	30	3	9	0.239506673824159	957	-0.274143581807906	0.608012858587935	0.947395492729033	0.272727272727273
COL22A1	3	0	0	0	66	4	0	8	0	81	69	69	3	7	0.0918781750847472	1626	-1.20417819299037	0.885739643657204	0.947395492729033	0.0864197530864197
COL24A1	1	1	0	0	25	4	0	4	0	35	32	32	1	2	0.0645161290322581	1714	-1.37655446233456	0.91567498095019	0.947395492729033	0.0571428571428571
COL27A1	0	0	0	0	20	2	0	2	0	24	23	23	1	2	0.0909090909090909	1860	-1.21028325964217	0.886914890481703	0.947395492729033	0.0833333333333333
COL2A1	0	0	0	0	21	1	0	2	0	24	23	23	1	2	0.0909090909090909	1487	-1.21028325964217	0.886914890481703	0.947395492729033	0.0833333333333333
COL3A1	0	0	0	0	58	3	0	5	0	66	58	58	2	7	0.0959598916490701	1466	-1.17846406793815	0.880694175466854	0.947395492729033	0.106060606060606
COL4A1	2	0	0	0	33	1	0	1	0	37	32	32	2	4	0.111111111111111	1669	-1.08301394400108	0.860598883080141	0.947395492729033	0.108108108108108
COL4A4	0	0	0	0	22	1	0	2	0	25	24	24	1	2	0.0869565217391304	1690	-1.23518377791977	0.891618942387074	0.947395492729033	0.08
COL4A5	1	0	0	0	34	6	0	2	0	43	38	38	3	6	0.146341463414634	1691	-0.861068674041625	0.805399889447047	0.947395492729033	0.13953488372093
COL4A6	0	0	0	0	28	1	0	2	0	31	27	27	2	5	0.162314026937467	1691	-0.76044422122668	0.776505450615921	0.947395492729033	0.161290322580645
COL5A1	2	0	0	0	35	4	0	5	0	46	38	38	2	5	0.114807482467965	1838	-1.05972742868045	0.855365689681181	0.947395492729033	0.108695652173913
COL5A2	1	1	0	0	45	4	0	6	0	57	53	53	2	5	0.0853637919724171	1499	-1.24521770647661	0.893474132151188	0.947395492729033	0.087719298245614
COL5A3	1	2	0	0	15	3	0	2	0	23	21	21	2	4	0.19047619047619	1745	-0.583027346839668	0.720062554548934	0.947395492729033	0.173913043478261
COL6A6	0	2	0	0	37	4	0	2	0	45	37	37	1	3	0.0506227138441078	2263	-1.46408063175877	0.928414040706132	0.947395492729033	0.0666666666666667
COL7A1	0	0	0	0	38	2	0	6	0	46	41	41	2	4	0.1	2944	-1.15301206760368	0.875547284318904	0.947395492729033	0.0869565217391304
COL9A1	0	0	0	0	28	1	0	4	0	33	29	29	2	4	0.137931034482759	921	-0.914052955994811	0.819655489828282	0.947395492729033	0.121212121212121
COL9A3	0	0	0	0	18	1	0	1	0	20	15	15	2	6	0.276315789473684	685	-0.0422523693835056	0.516851242462613	0.947395492729033	0.3
COLEC11	0	0	0	0	8	1	0	1	0	10	8	8	1	3	0.261505932288142	285	-0.135551968626445	0.553912260825528	0.947395492729033	0.3
CPA5	0	0	0	0	8	3	0	0	0	11	10	10	1	2	0.181818181818182	436	-0.637571339257276	0.73812362125601	0.947395492729033	0.181818181818182
CPB2	0	0	0	0	3	1	0	1	0	5	5	5	1	2	0.5	423	1.36692038208985	0.0858251312961253	0.947395492729033	0.4
CPD	0	0	0	0	11	0	0	0	0	11	11	11	1	2	0.181818181818182	1380	-0.637571339257276	0.73812362125601	0.947395492729033	0.181818181818182
CPE	0	0	0	0	12	0	0	0	0	12	10	10	1	2	0.166666666666667	476	-0.733023325988092	0.768227898675538	0.947395492729033	0.166666666666667
CPEB1	0	0	0	0	7	1	0	1	0	9	9	9	1	2	0.25	561	-0.208037398968606	0.582400117012023	0.947395492729033	0.222222222222222
CPED1	0	1	0	0	39	2	0	1	0	43	39	39	3	6	0.142857142857143	1026	-0.883019305136517	0.811387079455669	0.947395492729033	0.13953488372093
CPNE1	1	0	0	0	5	0	0	0	0	6	5	5	1	2	0.333333333333333	542	0.316948528050879	0.375641329376376	0.947395492729033	0.333333333333333
CPNE4	1	0	0	0	13	3	0	0	0	17	16	16	1	2	0.117647058823529	557	-1.04183857717603	0.851256737330424	0.947395492729033	0.117647058823529
CPNE6	1	0	0	0	8	0	0	1	0	10	9	9	1	2	0.222222222222222	557	-0.383032707975102	0.649152243691414	0.947395492729033	0.2
CPQ	0	0	0	0	17	0	0	0	0	17	15	15	2	4	0.235294117647059	472	-0.300681974324986	0.618171492261725	0.947395492729033	0.235294117647059
CPS1	2	1	0	0	57	2	1	3	0	66	59	59	2	4	0.0634920634920635	1506	-1.38300590229793	0.916668471940596	0.947395492729033	0.0606060606060606
CPSF1	0	0	0	0	15	0	0	1	0	16	15	15	1	2	0.133333333333333	1443	-0.943017696795887	0.827164074419315	0.947395492729033	0.125
CPSF7	0	0	0	0	6	1	0	0	0	7	7	7	1	2	0.285714285714286	514	0.0169565697540304	0.493235631550558	0.947395492729033	0.285714285714286
CPT1C	0	0	0	0	10	0	0	0	0	10	10	10	1	2	0.2	803	-0.523028955180298	0.699522948189084	0.947395492729033	0.2
CPXM2	0	0	0	0	19	2	0	0	0	21	20	20	1	3	0.128909846723169	756	-0.970884915420232	0.834197204673063	0.947395492729033	0.142857142857143
CR1	1	0	0	0	34	1	0	2	0	38	34	34	2	4	0.111111111111111	2489	-1.08301394400108	0.860598883080141	0.947395492729033	0.105263157894737
CR2	1	0	0	0	18	1	0	0	0	20	20	20	1	2	0.1	1092	-1.15301206760368	0.875547284318904	0.947395492729033	0.1
CRB1	2	2	0	0	56	4	0	1	0	65	56	56	2	4	0.0625	1406	-1.38925573476245	0.917622500473754	0.947395492729033	0.0615384615384615
CREBBP	0	0	0	0	24	2	0	1	0	27	24	24	1	2	0.0769230769230769	2442	-1.29839278585523	0.902923801572952	0.947395492729033	0.0740740740740741
CRHR1	0	0	0	0	7	0	0	0	0	7	6	6	1	2	0.285714285714286	444	0.0169565697540304	0.493235631550558	0.947395492729033	0.285714285714286
CRIM1	0	1	0	0	13	2	0	0	0	16	16	16	1	2	0.125	1036	-0.995516289497835	0.840257387149385	0.947395492729033	0.125
CRISP2	0	0	0	0	14	1	0	0	0	15	12	12	3	8	0.433333333333333	243	0.946931640474263	0.171836806876729	0.947395492729033	0.533333333333333
CRISPLD1	1	0	0	0	17	1	0	1	0	20	18	18	2	4	0.210526315789474	500	-0.456714943346258	0.676062025695289	0.947395492729033	0.2
CRLF1	0	0	0	0	7	2	0	0	0	9	7	7	1	3	0.277777777777778	422	-0.0330420899621112	0.51317948849207	0.947395492729033	0.333333333333333
CRTAC1	0	0	0	0	6	1	0	0	0	7	6	6	1	2	0.285714285714286	661	0.0169565697540304	0.493235631550558	0.947395492729033	0.285714285714286
CRY1	0	0	0	0	5	1	0	1	0	7	7	7	1	2	0.333333333333333	586	0.316948528050879	0.375641329376376	0.947395492729033	0.285714285714286
CRYGA	1	0	0	0	4	0	0	0	0	5	5	5	1	2	0.4	174	0.736937269666468	0.230580249046244	0.947395492729033	0.4
CRYGC	0	0	0	0	8	0	0	0	0	8	8	8	1	2	0.25	174	-0.208037398968606	0.582400117012023	0.947395492729033	0.25
CRYZ	0	0	0	0	6	0	0	0	0	6	6	6	1	2	0.333333333333333	329	0.316948528050879	0.375641329376376	0.947395492729033	0.333333333333333
CSF2RA	0	0	0	0	4	3	0	0	0	7	7	7	1	2	0.285714285714286	434	0.0169565697540304	0.493235631550558	0.947395492729033	0.285714285714286
CSMD1	4	0	0	0	121	14	0	3	0	142	109	109	5	10	0.0719424460431655	3564	-1.32976991929082	0.908202955119554	0.947395492729033	0.0704225352112676
CSMD2	4	0	0	0	79	6	0	1	0	90	78	78	2	5	0.050561797752809	3487	-1.4644643928467	0.928466447417926	0.947395492729033	0.0555555555555556
CSMD3	11	3	0	0	297	35	0	17	0	363	208	208	22	59	0.144611369670326	3707	-0.871967972459861	0.808387074987134	0.947395492729033	0.162534435261708
CT47B1	0	0	0	0	18	0	0	0	0	18	16	16	1	2	0.111111111111111	300	-1.08301394400108	0.860598883080141	0.947395492729033	0.111111111111111
CT55	0	0	0	0	6	0	0	0	0	6	6	6	2	4	0.666666666666667	264	2.41689223612882	0.00782682536884338	0.947395492729033	0.666666666666667
CTDP1	0	0	0	0	14	0	0	0	0	14	14	14	2	4	0.285714285714286	961	0.0169565697540304	0.493235631550558	0.947395492729033	0.285714285714286
CTNNA2	2	2	0	0	61	3	0	3	0	71	61	61	3	10	0.12203083880671	905	-1.01422150359619	0.844761464989522	0.947395492729033	0.140845070422535
CTNNA3	1	0	0	0	23	1	0	1	0	26	25	25	1	3	0.0870710678118655	895	-1.2344621570056	0.891484630105375	0.947395492729033	0.115384615384615
CTNNB1	0	0	0	1	20	0	0	0	0	21	20	20	2	14	0.426528894342217	781	0.904064823935075	0.182980514626401	0.947395492729033	0.666666666666667
CTNND2	1	0	0	0	57	3	0	2	0	63	53	53	3	8	0.118852459016393	1225	-1.03424475952386	0.849489122914498	0.947395492729033	0.126984126984127
CTSG	0	0	0	0	15	1	0	0	0	16	13	13	2	4	0.25	255	-0.208037398968606	0.582400117012023	0.947395492729033	0.25
CTTNBP2	1	0	0	0	24	3	0	0	0	28	27	27	1	3	0.107142857142857	1663	-1.10801327385915	0.866071958340847	0.947395492729033	0.107142857142857
CTTNBP2NL	0	0	0	0	4	1	0	0	0	5	5	5	1	2	0.4	639	0.736937269666468	0.230580249046244	0.947395492729033	0.4
CUBN	4	1	0	0	57	6	0	4	0	72	60	60	3	6	0.0882352941176471	3623	-1.22712772788878	0.89011270614656	0.947395492729033	0.0833333333333333
CUL1	0	0	0	0	12	0	0	0	0	12	10	10	1	2	0.166666666666667	776	-0.733023325988092	0.768227898675538	0.947395492729033	0.166666666666667
CUX2	0	0	0	0	37	1	0	1	0	39	35	35	1	2	0.0526315789473684	1486	-1.45142512085686	0.926669240567927	0.947395492729033	0.0512820512820513
CUZD1	0	1	0	0	3	2	0	0	0	6	6	6	1	2	0.333333333333333	607	0.316948528050879	0.375641329376376	0.947395492729033	0.333333333333333
CWH43	1	0	0	0	19	1	0	1	0	22	21	21	1	2	0.0952380952380952	699	-1.18301126343337	0.881597658233639	0.947395492729033	0.0909090909090909
CXXC11	0	0	0	0	10	2	0	0	0	12	12	12	1	2	0.166666666666667	572	-0.733023325988092	0.768227898675538	0.947395492729033	0.166666666666667
CXorf21	1	0	0	0	5	2	0	0	0	8	8	8	1	2	0.25	302	-0.208037398968606	0.582400117012023	0.947395492729033	0.25
CXorf36	0	0	0	0	6	0	0	0	0	6	6	6	1	2	0.333333333333333	434	0.316948528050879	0.375641329376376	0.947395492729033	0.333333333333333
CYBB	1	0	0	0	11	1	0	0	2	15	14	14	1	3	0.181042568507175	570	-0.642457572134328	0.739711935550265	0.947395492729033	0.2
CYLC2	0	0	0	0	16	0	0	0	0	16	16	16	1	2	0.125	349	-0.995516289497835	0.840257387149385	0.947395492729033	0.125
CYLD	0	0	0	0	8	2	0	0	0	10	9	9	1	2	0.2	956	-0.523028955180298	0.699522948189084	0.947395492729033	0.2
CYP11B1	0	0	0	0	20	1	0	1	0	22	22	22	1	3	0.112073970980632	503	-1.0769480894268	0.859248271302152	0.947395492729033	0.136363636363636
CYP11B2	1	0	0	0	22	1	0	0	0	24	24	24	1	3	0.112796115882773	503	-1.07239869849609	0.858229503855297	0.947395492729033	0.125
CYP26B1	0	0	0	0	22	2	0	1	0	25	23	23	2	6	0.184449028970693	512	-0.620997446482783	0.732699348354847	0.947395492729033	0.24
CYP2C19	0	0	0	0	8	2	0	1	0	11	11	11	1	2	0.2	490	-0.523028955180298	0.699522948189084	0.947395492729033	0.181818181818182
CYP4F2	1	0	0	0	14	0	0	2	0	17	16	16	1	2	0.133333333333333	520	-0.943017696795887	0.827164074419315	0.947395492729033	0.117647058823529
CYP4F22	0	0	0	0	6	0	0	0	0	6	6	6	1	2	0.333333333333333	531	0.316948528050879	0.375641329376376	0.947395492729033	0.333333333333333
CYP4F3	2	0	0	0	10	1	0	0	0	13	13	13	1	2	0.153846153846154	520	-0.813790391683398	0.792117479810598	0.947395492729033	0.153846153846154
CYTIP	0	0	0	0	7	0	0	0	0	7	7	7	1	3	0.357142857142857	359	0.466944507199304	0.320269790608227	0.947395492729033	0.428571428571429
DACH1	1	0	0	0	25	0	0	0	0	26	23	23	2	6	0.219504106968713	708	-0.400156375048411	0.655479328070072	0.947395492729033	0.230769230769231
DACH2	0	0	0	0	30	3	0	0	0	33	29	29	3	7	0.189393939393939	599	-0.589845345891869	0.722352830783079	0.947395492729033	0.212121212121212
DACT1	1	0	0	0	23	1	0	0	0	25	23	23	2	5	0.188284271247462	837	-0.596836067818619	0.724691582613024	0.947395492729033	0.2
DAOA	0	0	0	0	7	0	0	2	0	9	8	8	1	2	0.285714285714286	154	0.0169565697540304	0.493235631550558	0.947395492729033	0.222222222222222
DAPK1	1	0	0	0	10	0	0	2	0	13	13	13	1	2	0.181818181818182	1430	-0.637571339257276	0.73812362125601	0.947395492729033	0.153846153846154
DBF4	0	0	0	0	5	0	0	0	0	5	4	4	1	2	0.4	674	0.736937269666468	0.230580249046244	0.947395492729033	0.4
DBH	0	0	0	0	10	0	0	0	0	10	10	10	1	2	0.2	617	-0.523028955180298	0.699522948189084	0.947395492729033	0.2
DCAF12L1	0	0	0	0	36	4	0	1	0	41	34	34	3	8	0.163258252147248	463	-0.754495761861818	0.774724205362861	0.947395492729033	0.195121951219512
DCAF12L2	0	0	0	0	38	3	0	0	1	42	35	35	3	11	0.194075775150891	463	-0.560350571271672	0.712379830269022	0.947395492729033	0.261904761904762
DCAF4L2	4	1	0	0	41	4	0	0	1	51	47	47	3	10	0.153284271247462	395	-0.817330157166802	0.793130111412445	0.947395492729033	0.196078431372549
DCAF8L2	0	0	0	0	17	1	0	0	0	18	17	17	1	2	0.111111111111111	631	-1.08301394400108	0.860598883080141	0.947395492729033	0.111111111111111
DCC	0	0	0	0	31	4	0	1	0	36	32	32	1	3	0.0642857142857143	1447	-1.37800603632632	0.91589928777342	0.947395492729033	0.0833333333333333
DCHS1	1	0	0	0	35	5	0	0	0	41	38	38	1	2	0.0487804878048781	3298	-1.47568634469858	0.929985943281608	0.947395492729033	0.0487804878048781
DCLK1	3	0	0	0	12	2	0	0	0	17	17	17	1	2	0.117647058823529	729	-1.04183857717603	0.851256737330424	0.947395492729033	0.117647058823529
DCLK3	0	0	0	0	18	2	0	0	0	20	19	19	2	4	0.2	648	-0.523028955180298	0.699522948189084	0.947395492729033	0.2
DCLRE1A	1	0	0	0	13	1	0	0	0	15	14	14	1	2	0.133333333333333	1040	-0.943017696795887	0.827164074419315	0.947395492729033	0.133333333333333
DCST2	0	0	0	0	9	0	0	0	0	9	9	9	1	2	0.222222222222222	773	-0.383032707975102	0.649152243691414	0.947395492729033	0.222222222222222
DCSTAMP	2	0	0	0	18	3	0	0	0	23	20	20	1	2	0.0869565217391304	470	-1.23518377791977	0.891618942387074	0.947395492729033	0.0869565217391304
DCTN1	0	0	0	0	15	2	0	0	0	17	16	16	1	3	0.138444317093722	1278	-0.910819362226736	0.818804720577602	0.947395492729033	0.176470588235294
DDI1	1	0	0	0	15	0	0	0	0	16	15	15	1	2	0.125	396	-0.995516289497835	0.840257387149385	0.947395492729033	0.125
DDR2	1	0	0	0	17	1	0	0	0	19	16	16	1	2	0.105263157894737	855	-1.11985506168666	0.868612234567941	0.947395492729033	0.105263157894737
DDX11	0	0	0	0	12	0	0	0	0	12	12	12	1	2	0.166666666666667	970	-0.733023325988092	0.768227898675538	0.947395492729033	0.166666666666667
DDX26B	0	0	0	0	15	2	0	2	0	19	18	18	1	4	0.235294117647059	861	-0.300681974324986	0.618171492261725	0.947395492729033	0.210526315789474
DDX59	0	0	0	0	6	1	0	0	0	7	6	6	1	2	0.285714285714286	619	0.0169565697540304	0.493235631550558	0.947395492729033	0.285714285714286
DDX60L	0	0	0	0	16	1	0	1	0	18	17	17	1	3	0.176470588235294	1706	-0.671260275750506	0.748972631939273	0.947395492729033	0.166666666666667
DENND1A	0	0	0	0	16	0	0	0	0	16	15	15	1	2	0.125	1009	-0.995516289497835	0.840257387149385	0.947395492729033	0.125
DGKB	2	2	0	0	28	6	0	1	0	39	37	37	1	2	0.0526315789473684	804	-1.45142512085686	0.926669240567927	0.947395492729033	0.0512820512820513
DGKH	0	0	0	0	14	2	0	0	0	16	14	14	1	2	0.125	1220	-0.995516289497835	0.840257387149385	0.947395492729033	0.125
DGKI	0	0	0	0	29	3	0	1	0	33	28	28	2	6	0.1875	1065	-0.601776844233221	0.726338654650208	0.947395492729033	0.181818181818182
DHX29	0	0	0	0	6	1	0	0	0	7	6	6	1	2	0.285714285714286	1369	0.0169565697540304	0.493235631550558	0.947395492729033	0.285714285714286
DIAPH2	0	0	0	0	18	2	0	0	0	20	15	15	2	5	0.2125	1101	-0.444281066127375	0.671580305757407	0.947395492729033	0.25
DIAPH3	1	0	0	0	14	3	0	0	0	18	17	17	1	2	0.111111111111111	1193	-1.08301394400108	0.860598883080141	0.947395492729033	0.111111111111111
DIDO1	1	0	0	0	37	3	0	1	0	42	40	40	1	4	0.0853658536585366	2240	-1.24520471820222	0.893471745638998	0.947395492729033	0.0952380952380952
DIO2	0	0	0	0	13	3	0	0	0	16	16	16	1	2	0.125	309	-0.995516289497835	0.840257387149385	0.947395492729033	0.125
DIS3	1	0	0	0	8	0	0	1	0	10	10	10	2	4	0.444444444444444	958	1.01692976407686	0.154593421451912	0.947395492729033	0.4
DLC1	3	2	0	0	22	1	0	0	0	28	27	27	2	4	0.142857142857143	1528	-0.883019305136517	0.811387079455669	0.947395492729033	0.142857142857143
DLG2	0	0	0	0	22	1	0	2	0	25	21	21	2	4	0.173913043478261	975	-0.687372375812485	0.754075949614719	0.947395492729033	0.16
DLG4	0	0	0	0	6	0	0	0	0	6	5	5	1	2	0.333333333333333	767	0.316948528050879	0.375641329376376	0.947395492729033	0.333333333333333
DLGAP2	0	1	0	0	34	2	0	0	0	37	32	32	3	8	0.17847441596198	975	-0.658636499470325	0.744935390584383	0.947395492729033	0.216216216216216
DLX5	2	0	0	0	12	2	0	0	0	16	15	15	1	3	0.13604854345604	289	-0.925912331556025	0.822754228892918	0.947395492729033	0.1875
DMBT1	0	0	1	0	40	3	0	1	0	45	42	42	1	3	0.0511363636363636	2413	-1.46084472481056	0.927970970629734	0.947395492729033	0.0666666666666667
DMBX1	1	0	0	0	12	1	0	0	0	14	14	14	1	3	0.155484049664045	382	-0.803471924631592	0.789148991123076	0.947395492729033	0.214285714285714
DMD	3	0	0	0	88	14	0	4	0	109	77	77	3	7	0.0638772074398719	3685	-1.38057956046822	0.91629586425094	0.947395492729033	0.0642201834862385
DMP1	0	0	0	0	11	0	0	0	0	11	9	9	1	2	0.181818181818182	513	-0.637571339257276	0.73812362125601	0.947395492729033	0.181818181818182
DMRT1	0	0	0	0	7	1	0	0	0	8	8	8	1	2	0.25	373	-0.208037398968606	0.582400117012023	0.947395492729033	0.25
DMXL1	0	0	0	0	32	3	0	1	0	36	35	35	1	2	0.0571428571428571	3027	-1.42300483007085	0.922632622465973	0.947395492729033	0.0555555555555556
DMXL2	0	0	0	0	15	2	0	1	0	18	17	17	1	2	0.117647058823529	3037	-1.04183857717603	0.851256737330424	0.947395492729033	0.111111111111111
DNAH11	0	1	0	0	57	3	0	3	0	64	54	54	1	3	0.0385828424687422	4523	-1.53992978818107	0.938211265581986	0.947395492729033	0.046875
DNAH2	0	0	0	0	31	0	0	1	0	32	30	30	1	2	0.0645161290322581	4427	-1.37655446233456	0.91567498095019	0.947395492729033	0.0625
DNAH3	0	0	0	0	54	2	0	0	0	56	50	50	1	2	0.0357142857142857	4116	-1.55800121130443	0.940383519509821	0.947395492729033	0.0357142857142857
DNAH5	1	1	0	0	66	5	0	6	0	79	66	66	2	4	0.0547945205479452	4624	-1.43779895404165	0.924754446882686	0.947395492729033	0.0506329113924051
DNAH7	1	1	0	0	50	4	0	4	0	60	55	55	2	4	0.0714285714285714	4024	-1.33300724258179	0.90873528647819	0.947395492729033	0.0666666666666667
DNAH8	3	1	0	0	56	6	0	2	0	68	60	60	3	6	0.0909090909090909	4707	-1.21028325964217	0.886914890481703	0.947395492729033	0.0882352941176471
DNAH9	5	0	2	0	99	8	0	6	0	120	91	91	4	10	0.0754697665841515	4486	-1.30754839556156	0.904486735062905	0.947395492729033	0.0833333333333333
DNAI2	0	0	0	0	20	1	0	0	0	21	20	20	4	8	0.380952380952381	605	0.616940486347729	0.268636990545698	0.947395492729033	0.380952380952381
DNAJB2	0	0	0	0	7	0	0	0	0	7	7	7	1	2	0.285714285714286	324	0.0169565697540304	0.493235631550558	0.947395492729033	0.285714285714286
DNAJC13	0	0	0	0	15	1	0	2	0	18	16	16	1	2	0.125	2243	-0.995516289497835	0.840257387149385	0.947395492729033	0.111111111111111
DNAJC14	0	0	1	0	8	0	0	0	0	9	9	9	1	2	0.222222222222222	702	-0.383032707975102	0.649152243691414	0.947395492729033	0.222222222222222
DNER	0	0	0	0	19	1	0	1	0	21	20	20	1	2	0.1	737	-1.15301206760368	0.875547284318904	0.947395492729033	0.0952380952380952
DOK2	1	0	0	0	4	0	0	0	0	5	4	4	1	2	0.4	412	0.736937269666468	0.230580249046244	0.947395492729033	0.4
DOK5	0	0	0	0	8	1	0	0	0	9	9	9	2	5	0.5	306	1.36692038208985	0.0858251312961255	0.947395492729033	0.555555555555556
DOK6	0	0	0	0	14	0	0	1	0	15	14	14	2	4	0.285714285714286	331	0.0169565697540304	0.493235631550558	0.947395492729033	0.266666666666667
DOPEY1	0	0	0	0	10	0	0	1	0	11	11	11	1	2	0.2	2476	-0.523028955180298	0.699522948189084	0.947395492729033	0.181818181818182
DPP10	1	0	0	0	25	1	0	2	0	29	27	27	1	2	0.0740740740740741	800	-1.31634102267641	0.905970196064814	0.947395492729033	0.0689655172413793
DPY19L2	2	0	0	0	16	0	0	1	0	19	18	18	1	2	0.111111111111111	758	-1.08301394400108	0.860598883080141	0.947395492729033	0.105263157894737
DPYD	0	0	0	0	21	2	0	1	0	24	20	20	2	4	0.173913043478261	1025	-0.687372375812485	0.754075949614719	0.947395492729033	0.166666666666667
DPYS	0	0	0	0	20	0	0	3	0	23	22	22	2	5	0.25	519	-0.208037398968606	0.582400117012023	0.947395492729033	0.217391304347826
DRD2	2	0	0	0	22	1	0	0	0	25	19	19	2	4	0.16	443	-0.775022200149651	0.780836729214767	0.947395492729033	0.16
DRD3	3	0	0	0	14	0	0	0	0	17	14	14	1	2	0.117647058823529	400	-1.04183857717603	0.851256737330424	0.947395492729033	0.117647058823529
DRD5	0	0	0	0	21	1	0	0	0	22	18	18	1	3	0.102272727272727	477	-1.13869426959406	0.872584653162997	0.947395492729033	0.136363636363636
DSCAM	1	1	0	0	45	4	0	3	0	54	46	46	1	2	0.0392156862745098	2012	-1.53594297907672	0.937723817065507	0.947395492729033	0.037037037037037
DSCAML1	0	0	0	0	36	1	0	1	0	38	35	35	1	2	0.0540540540540541	2113	-1.44246376790632	0.925414207114719	0.947395492729033	0.0526315789473684
DSG3	0	1	0	0	32	4	0	3	0	40	38	38	1	3	0.0588318025755848	999	-1.41236475906661	0.92107870630644	0.947395492729033	0.075
DSN1	0	0	0	0	2	3	0	1	0	6	6	6	1	2	0.4	356	0.736937269666468	0.230580249046244	0.947395492729033	0.333333333333333
DST	2	0	1	0	64	7	0	6	0	80	63	63	2	5	0.0636095510971155	5171	-1.38226575022691	0.9165549409051	0.947395492729033	0.0625
DTNBP1	0	0	0	0	3	2	0	0	0	5	4	4	1	2	0.4	351	0.736937269666468	0.230580249046244	0.947395492729033	0.4
DTX3	0	0	0	0	5	1	0	0	0	6	6	6	1	3	0.416666666666667	347	0.841934455070365	0.199912321466641	0.947395492729033	0.5
DUS3L	1	0	0	0	6	1	0	0	0	8	7	7	1	2	0.25	650	-0.208037398968606	0.582400117012023	0.947395492729033	0.25
DUSP10	0	0	0	0	12	0	0	0	0	12	11	11	1	2	0.166666666666667	482	-0.733023325988092	0.768227898675538	0.947395492729033	0.166666666666667
DUSP22	0	0	0	0	14	0	0	1	0	15	15	15	1	2	0.142857142857143	184	-0.883019305136517	0.811387079455669	0.947395492729033	0.133333333333333
DUSP27	2	1	0	0	44	6	0	0	0	53	44	44	2	6	0.0882410697225781	1158	-1.22709134255308	0.890105869287739	0.947395492729033	0.113207547169811
DUSP6	0	0	0	0	5	0	0	0	0	5	5	5	1	2	0.4	381	0.736937269666468	0.230580249046244	0.947395492729033	0.4
DVL3	0	0	0	0	12	0	0	1	0	13	12	12	1	2	0.166666666666667	716	-0.733023325988092	0.768227898675538	0.947395492729033	0.153846153846154
DYNC1H1	1	0	0	1	25	4	0	0	0	31	29	29	1	2	0.0645161290322581	4646	-1.37655446233456	0.91567498095019	0.947395492729033	0.0645161290322581
DYNC2H1	0	0	0	0	30	3	0	2	0	35	31	31	1	2	0.0606060606060606	4314	-1.4011872331038	0.919420954479131	0.947395492729033	0.0571428571428571
DYNC2LI1	1	0	0	0	7	0	1	0	0	9	8	8	1	2	0.222222222222222	352	-0.383032707975102	0.649152243691414	0.947395492729033	0.222222222222222
DYRK4	0	0	0	0	11	0	0	0	0	11	10	10	1	2	0.181818181818182	520	-0.637571339257276	0.73812362125601	0.947395492729033	0.181818181818182
DYSF	0	0	0	1	35	5	0	0	0	41	37	37	3	7	0.170731707317073	2119	-0.707414256377386	0.760345460004843	0.947395492729033	0.170731707317073
DZANK1	0	0	0	0	8	0	0	0	0	8	8	8	1	2	0.25	752	-0.208037398968606	0.582400117012023	0.947395492729033	0.25
DZIP3	2	0	0	0	20	5	0	0	0	27	27	27	1	2	0.0740740740740741	1208	-1.31634102267641	0.905970196064814	0.947395492729033	0.0740740740740741
ECE2	0	0	0	0	13	0	0	0	0	13	12	12	1	2	0.153846153846154	883	-0.813790391683398	0.792117479810598	0.947395492729033	0.153846153846154
EDA2R	0	0	0	0	7	2	0	0	0	9	8	8	1	2	0.222222222222222	318	-0.383032707975102	0.649152243691414	0.947395492729033	0.222222222222222
EDIL3	0	0	0	0	20	3	0	1	0	24	23	23	1	3	0.0946424650128972	480	-1.1867636332646	0.882339566381472	0.947395492729033	0.125
EEPD1	0	0	0	0	10	0	0	0	0	10	10	10	1	3	0.25	569	-0.208037398968606	0.582400117012023	0.947395492729033	0.3
EFCAB5	1	0	0	0	11	0	0	1	0	13	13	13	1	2	0.166666666666667	1503	-0.733023325988092	0.768227898675538	0.947395492729033	0.153846153846154
EFTUD2	0	0	0	0	7	0	0	0	0	7	7	7	1	2	0.285714285714286	972	0.0169565697540304	0.493235631550558	0.947395492729033	0.285714285714286
EGF	0	0	0	0	12	0	0	0	0	12	12	12	1	2	0.166666666666667	1207	-0.733023325988092	0.768227898675538	0.947395492729033	0.166666666666667
EGFLAM	2	0	0	0	26	0	0	0	0	28	26	26	1	2	0.0740740740740741	1017	-1.31634102267641	0.905970196064814	0.947395492729033	0.0714285714285714
EGR1	0	0	0	0	5	0	0	0	0	5	5	5	1	2	0.4	543	0.736937269666468	0.230580249046244	0.947395492729033	0.4
EHHADH	1	0	0	0	11	0	0	0	0	12	11	11	1	2	0.166666666666667	723	-0.733023325988092	0.768227898675538	0.947395492729033	0.166666666666667
EHMT1	0	0	0	0	13	0	0	0	0	13	12	12	1	2	0.153846153846154	1298	-0.813790391683398	0.792117479810598	0.947395492729033	0.153846153846154
EIF4G1	0	0	0	0	16	3	0	2	0	21	19	19	1	2	0.105263157894737	1606	-1.11985506168666	0.868612234567941	0.947395492729033	0.0952380952380952
EIF4G3	0	0	0	0	10	2	0	1	0	13	13	13	1	3	0.1875	1621	-0.601776844233221	0.726338654650208	0.947395492729033	0.230769230769231
ELAVL2	0	0	0	0	12	1	0	0	0	13	13	13	1	2	0.153846153846154	359	-0.813790391683398	0.792117479810598	0.947395492729033	0.153846153846154
ELAVL4	1	0	0	0	8	2	0	0	0	11	9	9	1	2	0.181818181818182	383	-0.637571339257276	0.73812362125601	0.947395492729033	0.181818181818182
ELF1	0	0	0	0	11	0	0	0	0	11	11	11	1	2	0.181818181818182	619	-0.637571339257276	0.73812362125601	0.947395492729033	0.181818181818182
ELMO2	1	0	0	0	5	0	0	0	0	6	6	6	1	2	0.333333333333333	720	0.316948528050879	0.375641329376376	0.947395492729033	0.333333333333333
ELTD1	1	0	0	0	34	1	0	3	0	39	33	33	2	5	0.130752966144071	690	-0.959273574326755	0.831289527884716	0.947395492729033	0.128205128205128
EML1	0	0	0	0	9	1	0	0	0	10	10	10	2	4	0.4	834	0.736937269666468	0.230580249046244	0.947395492729033	0.4
EML5	1	1	0	0	18	0	0	0	0	20	18	18	1	2	0.1	1977	-1.15301206760368	0.875547284318904	0.947395492729033	0.1
ENOX1	0	0	0	0	18	1	0	2	0	21	21	21	1	3	0.131578947368421	643	-0.95407003210156	0.829975902883086	0.947395492729033	0.142857142857143
ENPP3	1	0	0	0	13	1	0	0	0	15	14	14	1	2	0.133333333333333	875	-0.943017696795887	0.827164074419315	0.947395492729033	0.133333333333333
EOMES	0	0	0	0	10	0	0	1	0	11	11	11	1	2	0.2	686	-0.523028955180298	0.699522948189084	0.947395492729033	0.181818181818182
EP400	0	0	0	0	23	4	0	0	0	27	26	26	1	2	0.0740740740740741	3123	-1.31634102267641	0.905970196064814	0.947395492729033	0.0740740740740741
EPB41L2	0	0	0	0	17	2	0	0	0	19	17	17	2	5	0.219830352384034	1005	-0.398101084026839	0.654722162323996	0.947395492729033	0.263157894736842
EPB42	1	0	0	0	5	2	0	0	0	8	8	8	1	3	0.3125	721	0.185702046296008	0.426339211761755	0.947395492729033	0.375
EPHA3	1	0	0	0	47	5	0	2	0	55	44	44	4	10	0.173718995871444	983	-0.688594842965491	0.754460866359233	0.947395492729033	0.181818181818182
EPHA5	3	0	0	0	60	7	0	4	0	74	64	64	4	13	0.149207766403757	1037	-0.843011449259263	0.800388979723669	0.947395492729033	0.175675675675676
EPHA6	2	0	0	0	43	4	0	0	0	49	44	44	4	8	0.163265306122449	1130	-0.754451323009296	0.77471086811853	0.947395492729033	0.163265306122449
EPHB1	1	0	0	0	33	5	0	1	0	40	34	34	4	11	0.222481453725555	984	-0.381399593282025	0.648546618617864	0.947395492729033	0.275
EPHB4	1	0	0	0	8	1	0	0	0	10	10	10	2	4	0.4	987	0.736937269666468	0.230580249046244	0.947395492729033	0.4
EPHB6	1	1	0	0	49	2	0	0	0	53	46	46	2	5	0.0943396226415094	1021	-1.18867148906161	0.882715517938574	0.947395492729033	0.0943396226415094
EPHX4	0	0	0	0	6	0	0	0	0	6	5	5	1	3	0.451184463531091	362	1.05939074609685	0.144710931176688	0.947395492729033	0.5
EPPK1	1	0	0	0	20	0	0	0	1	22	21	21	1	2	0.0952380952380952	5090	-1.18301126343337	0.881597658233639	0.947395492729033	0.0909090909090909
EPRS	1	0	0	0	23	1	0	0	0	25	23	23	1	2	0.08	1512	-1.27900869008836	0.899553002131904	0.947395492729033	0.08
EPS15L1	0	0	0	0	7	0	0	1	0	8	8	8	1	2	0.285714285714286	910	0.0169565697540304	0.493235631550558	0.947395492729033	0.25
ERBB2	0	0	0	4	4	0	0	1	0	9	9	9	1	4	0.5	1255	1.36692038208985	0.0858251312961253	0.947395492729033	0.444444444444444
ERLIN2	0	0	0	0	4	2	0	0	0	6	6	6	1	2	0.333333333333333	339	0.316948528050879	0.375641329376376	0.947395492729033	0.333333333333333
ERN2	2	0	0	0	14	0	0	1	0	17	14	14	2	5	0.294194173824159	974	0.0703784327986322	0.471946228404885	0.947395492729033	0.294117647058824
ERRFI1	0	0	0	0	5	1	0	0	0	6	6	6	1	2	0.333333333333333	462	0.316948528050879	0.375641329376376	0.947395492729033	0.333333333333333
ESYT3	1	0	1	0	6	2	0	1	0	11	9	9	1	4	0.4	886	0.736937269666468	0.230580249046244	0.947395492729033	0.363636363636364
EVC2	1	0	0	0	20	2	0	1	0	24	21	21	2	4	0.173913043478261	1308	-0.687372375812485	0.754075949614719	0.947395492729033	0.166666666666667
EXOC7	0	0	0	0	4	1	0	0	0	5	5	5	1	2	0.4	735	0.736937269666468	0.230580249046244	0.947395492729033	0.4
EXT2	0	0	0	0	10	0	0	0	0	10	8	8	2	4	0.4	751	0.736937269666468	0.230580249046244	0.947395492729033	0.4
EYS	1	0	0	0	38	6	0	3	1	49	47	47	4	12	0.227498597046144	3144	-0.349792437636238	0.636752762573648	0.947395492729033	0.244897959183673
F13B	1	0	0	0	21	3	0	4	0	29	24	24	1	2	0.08	661	-1.27900869008836	0.899553002131904	0.947395492729033	0.0689655172413793
F2	0	0	0	0	8	0	0	0	0	8	8	8	1	2	0.25	622	-0.208037398968606	0.582400117012023	0.947395492729033	0.25
F2RL2	0	0	0	0	10	1	0	0	0	11	10	10	1	2	0.181818181818182	374	-0.637571339257276	0.73812362125601	0.947395492729033	0.181818181818182
F5	1	1	0	0	34	5	0	0	0	41	37	37	1	2	0.0487804878048781	2224	-1.47568634469858	0.929985943281608	0.947395492729033	0.0487804878048781
FAF1	0	0	0	0	6	1	0	0	0	7	6	6	1	2	0.285714285714286	650	0.0169565697540304	0.493235631550558	0.947395492729033	0.285714285714286
FAF2	0	0	0	0	4	1	0	0	0	5	5	5	1	3	0.5	445	1.36692038208985	0.0858251312961253	0.947395492729033	0.6
FAIM2	0	0	0	0	5	0	0	0	0	5	5	5	1	2	0.4	316	0.736937269666468	0.230580249046244	0.947395492729033	0.4
FAM110B	0	0	0	0	7	0	0	0	0	7	7	7	1	2	0.285714285714286	370	0.0169565697540304	0.493235631550558	0.947395492729033	0.285714285714286
FAM115A	0	0	0	0	8	1	0	0	0	9	9	9	2	4	0.444444444444444	921	1.01692976407686	0.154593421451912	0.947395492729033	0.444444444444444
FAM127C	0	0	0	0	6	0	0	0	0	6	5	5	1	3	0.392258898432212	113	0.688169637073864	0.24567298098269	0.947395492729033	0.5
FAM131B	1	2	0	0	10	0	0	0	0	13	12	12	1	2	0.153846153846154	361	-0.813790391683398	0.792117479810598	0.947395492729033	0.153846153846154
FAM135B	0	0	0	0	81	6	0	3	0	90	77	77	5	14	0.136247740121762	1406	-0.924657426201467	0.822427934233021	0.947395492729033	0.155555555555556
FAM171A1	1	0	0	0	22	0	0	2	0	25	25	25	1	3	0.117700294834198	890	-1.04150319929909	0.851178965426454	0.947395492729033	0.12
FAM179A	0	0	0	0	7	0	0	0	0	7	7	7	1	2	0.285714285714286	1019	0.0169565697540304	0.493235631550558	0.947395492729033	0.285714285714286
FAM19A2	0	0	0	0	5	0	0	0	0	5	5	5	1	2	0.4	131	0.736937269666468	0.230580249046244	0.947395492729033	0.4
FAM214B	1	0	0	0	4	0	0	0	0	5	4	4	1	2	0.4	538	0.736937269666468	0.230580249046244	0.947395492729033	0.4
FAM47A	1	2	0	0	50	6	1	0	0	60	49	49	2	6	0.0867851130197758	791	-1.23626362390493	0.891819706100913	0.947395492729033	0.1
FAM47B	1	0	0	0	49	5	0	0	0	55	49	49	6	15	0.247108913775813	645	-0.226250753946581	0.589496801040296	0.947395492729033	0.272727272727273
FAM47C	5	0	1	0	58	6	0	0	0	70	57	57	5	12	0.150433286941284	1035	-0.835290876833562	0.798223023571802	0.947395492729033	0.171428571428571
FAM71A	2	0	0	0	14	4	0	0	0	20	20	20	1	2	0.1	594	-1.15301206760368	0.875547284318904	0.947395492729033	0.1
FAM71B	1	0	0	0	30	0	0	0	0	31	30	30	1	3	0.0806451612903226	605	-1.27494428291143	0.898835518164169	0.947395492729033	0.0967741935483871
FAM73A	0	0	0	0	7	2	0	1	0	10	10	10	1	3	0.277777777777778	633	-0.0330420899621112	0.51317948849207	0.947395492729033	0.3
FAM83B	0	0	0	0	35	2	0	0	0	37	33	33	1	4	0.0906365781241425	1011	-1.21200004416654	0.887243818136136	0.947395492729033	0.108108108108108
FAM83G	0	0	0	0	5	1	0	0	0	6	6	6	1	2	0.333333333333333	823	0.316948528050879	0.375641329376376	0.947395492729033	0.333333333333333
FAM90A1	0	0	0	0	6	1	0	0	0	7	5	5	1	2	0.285714285714286	464	0.0169565697540304	0.493235631550558	0.947395492729033	0.285714285714286
FANCM	1	0	0	0	25	5	0	4	0	35	33	33	1	2	0.0645161290322581	2048	-1.37655446233456	0.91567498095019	0.947395492729033	0.0571428571428571
FAR2	0	0	0	0	11	1	0	0	0	12	12	12	1	2	0.166666666666667	515	-0.733023325988092	0.768227898675538	0.947395492729033	0.166666666666667
FASTKD2	0	0	0	0	8	1	0	0	0	9	8	8	1	2	0.222222222222222	710	-0.383032707975102	0.649152243691414	0.947395492729033	0.222222222222222
FAT2	4	1	0	0	42	4	0	0	0	51	44	44	2	4	0.0784313725490196	4349	-1.28889077812637	0.90128196974522	0.947395492729033	0.0784313725490196
FAT3	3	0	0	0	133	13	0	1	0	150	107	107	6	15	0.0933839836400879	4557	-1.1946918533863	0.883896276729546	0.947395492729033	0.1
FAT4	0	0	1	0	88	4	0	0	0	93	78	78	2	4	0.043010752688172	4981	-1.51203470156539	0.934737482582684	0.947395492729033	0.043010752688172
FBF1	0	1	0	0	4	1	0	0	0	6	6	6	1	2	0.333333333333333	1133	0.316948528050879	0.375641329376376	0.947395492729033	0.333333333333333
FBN2	8	0	0	0	80	9	0	4	0	101	81	81	4	10	0.0915864275926102	2912	-1.20601615292175	0.886094368867728	0.947395492729033	0.099009900990099
FBN3	0	0	0	0	23	3	0	1	0	27	27	27	1	2	0.0769230769230769	2809	-1.29839278585523	0.902923801572952	0.947395492729033	0.0740740740740741
FBXL4	0	0	0	0	8	0	1	0	0	9	8	8	1	2	0.222222222222222	621	-0.383032707975102	0.649152243691414	0.947395492729033	0.222222222222222
FBXL7	1	0	0	0	39	1	0	0	0	41	36	36	2	5	0.10618422903886	491	-1.11405246902528	0.867371661052156	0.947395492729033	0.121951219512195
FBXO39	0	0	0	0	7	0	0	0	0	7	6	6	1	2	0.285714285714286	442	0.0169565697540304	0.493235631550558	0.947395492729033	0.285714285714286
FBXW7	1	0	0	0	7	5	0	0	0	13	11	11	1	2	0.153846153846154	707	-0.813790391683398	0.792117479810598	0.947395492729033	0.153846153846154
FCGBP	2	0	0	0	44	6	0	1	0	53	50	50	1	2	0.0384615384615385	5405	-1.54069398294115	0.938304359031864	0.947395492729033	0.0377358490566038
FCGR2B	0	0	0	0	6	1	0	1	0	8	8	8	1	2	0.285714285714286	310	0.0169565697540304	0.493235631550558	0.947395492729033	0.25
FCGR3B	0	0	0	0	10	1	0	0	0	11	10	10	1	2	0.181818181818182	269	-0.637571339257276	0.73812362125601	0.947395492729033	0.181818181818182
FCRL5	1	2	0	0	26	1	0	1	0	31	28	28	1	2	0.0666666666666667	998	-1.36300643841148	0.913559759253462	0.947395492729033	0.0645161290322581
FCRLA	1	0	0	0	18	0	0	0	0	19	18	18	2	6	0.284958608545952	382	0.0121959312090911	0.4951346480048	0.947395492729033	0.315789473684211
FDPS	0	0	0	0	5	0	0	0	0	5	5	5	1	2	0.4	419	0.736937269666468	0.230580249046244	0.947395492729033	0.4
FER1L6	6	1	0	1	38	4	0	0	0	50	43	43	5	12	0.228284271247462	1857	-0.344842822849265	0.634893731258503	0.947395492729033	0.24
FERD3L	0	0	0	0	16	2	1	0	0	19	19	19	1	4	0.210526315789474	166	-0.456714943346258	0.676062025695289	0.947395492729033	0.210526315789474
FEZ1	0	0	0	0	9	0	0	0	0	9	9	9	1	2	0.222222222222222	392	-0.383032707975102	0.649152243691414	0.947395492729033	0.222222222222222
FEZF1	1	1	0	0	6	1	0	0	0	9	7	7	1	3	0.300789642354061	475	0.111928770722211	0.455439942099142	0.947395492729033	0.333333333333333
FFAR3	0	0	0	0	9	1	0	0	0	10	10	10	1	2	0.222222222222222	346	-0.383032707975102	0.649152243691414	0.947395492729033	0.2
FGB	1	0	0	0	14	1	0	2	0	18	18	18	1	2	0.125	491	-0.995516289497835	0.840257387149385	0.947395492729033	0.111111111111111
FGD1	0	0	0	0	11	0	0	2	0	13	12	12	1	3	0.213959399144843	961	-0.435087097972012	0.668250395967908	0.947395492729033	0.230769230769231
FGD5	0	0	0	0	26	0	0	0	0	26	24	24	1	2	0.0769230769230769	1462	-1.29839278585523	0.902923801572952	0.947395492729033	0.0769230769230769
FH	1	0	0	0	9	1	0	0	0	11	11	11	1	2	0.181818181818182	510	-0.637571339257276	0.73812362125601	0.947395492729033	0.181818181818182
FHOD3	1	0	0	0	22	9	0	0	0	32	30	30	3	8	0.19854854345604	1439	-0.532172886291411	0.702696869974905	0.947395492729033	0.25
FIG4	0	0	0	0	12	1	0	1	0	14	14	14	1	2	0.153846153846154	907	-0.813790391683398	0.792117479810598	0.947395492729033	0.142857142857143
FLG	3	4	0	0	190	12	0	0	0	209	132	132	6	14	0.0616453754855655	4061	-1.39463972487802	0.918437745238741	0.947395492729033	0.0669856459330144
FLG2	0	0	0	0	74	9	0	0	0	83	71	71	2	5	0.0567121298938138	2391	-1.42571833900042	0.92302516963465	0.947395492729033	0.0602409638554217
FLI1	2	1	0	0	12	0	0	0	0	15	15	15	1	2	0.133333333333333	452	-0.943017696795887	0.827164074419315	0.947395492729033	0.133333333333333
FLNC	0	0	0	0	53	1	0	2	0	56	46	46	3	7	0.114384753616604	2725	-1.06239054905536	0.855970788754752	0.947395492729033	0.125
FLRT2	1	1	0	0	13	1	0	0	0	16	15	15	1	2	0.125	660	-0.995516289497835	0.840257387149385	0.947395492729033	0.125
FLRT3	0	0	1	0	11	0	0	0	0	12	12	12	2	4	0.333333333333333	649	0.316948528050879	0.375641329376376	0.947395492729033	0.333333333333333
FLT3	1	0	0	0	16	2	0	2	0	21	20	20	1	3	0.131578947368421	993	-0.95407003210156	0.829975902883086	0.947395492729033	0.142857142857143
FLT4	1	0	0	0	19	3	0	1	0	24	21	21	2	4	0.173913043478261	1363	-0.687372375812485	0.754075949614719	0.947395492729033	0.166666666666667
FMN2	3	0	1	0	59	6	0	1	0	70	58	58	5	15	0.180977345899659	1722	-0.642868463547162	0.739845272924222	0.947395492729033	0.214285714285714
FMO1	2	0	0	0	15	2	0	0	0	19	19	19	1	2	0.105263157894737	532	-1.11985506168666	0.868612234567941	0.947395492729033	0.105263157894737
FMR1	0	0	1	0	13	2	0	0	0	16	14	14	1	2	0.125	632	-0.995516289497835	0.840257387149385	0.947395492729033	0.125
FN1	1	1	0	0	14	2	0	3	0	21	20	20	1	2	0.111111111111111	2477	-1.08301394400108	0.860598883080141	0.947395492729033	0.0952380952380952
FOCAD	0	0	0	0	20	0	0	0	0	20	16	16	1	2	0.1	1801	-1.15301206760368	0.875547284318904	0.947395492729033	0.1
FOLH1	0	0	0	0	30	5	0	1	1	37	34	34	3	8	0.205050762722761	750	-0.491210002978328	0.688361037610625	0.947395492729033	0.216216216216216
FOXC2	0	0	0	0	10	0	0	0	0	10	10	10	1	2	0.2	501	-0.523028955180298	0.699522948189084	0.947395492729033	0.2
FOXD4L5	1	1	0	0	7	0	0	0	0	9	9	9	1	2	0.222222222222222	416	-0.383032707975102	0.649152243691414	0.947395492729033	0.222222222222222
FOXI1	0	0	0	0	13	1	0	0	0	14	14	14	2	5	0.336221912941896	378	0.335146091773731	0.368757442569451	0.947395492729033	0.357142857142857
FOXN4	0	0	0	0	9	0	0	0	0	9	9	9	1	3	0.241864077255182	517	-0.259292338300774	0.602295154765816	0.947395492729033	0.333333333333333
FOXO4	1	0	0	0	9	1	0	0	0	11	10	10	1	2	0.181818181818182	505	-0.637571339257276	0.73812362125601	0.947395492729033	0.181818181818182
FOXR2	0	0	0	0	8	0	0	0	0	8	8	8	1	2	0.25	311	-0.208037398968606	0.582400117012023	0.947395492729033	0.25
FPGT-TNNI3K	0	0	0	0	14	1	0	0	0	15	14	14	1	3	0.180473785412436	936	-0.646040809577499	0.740873536693647	0.947395492729033	0.2
FPR1	0	0	0	0	9	0	0	0	0	9	8	8	2	4	0.444444444444444	350	1.01692976407686	0.154593421451912	0.947395492729033	0.444444444444444
FREM1	2	1	0	0	24	2	0	0	0	29	26	26	1	2	0.0689655172413793	2179	-1.34852406801094	0.911255057780453	0.947395492729033	0.0689655172413793
FRMD7	0	0	0	0	17	0	0	0	1	18	16	16	1	3	0.159241575363915	714	-0.779800147277448	0.782245740168557	0.947395492729033	0.166666666666667
FRMD8	0	0	0	0	6	0	0	0	0	6	6	6	1	2	0.333333333333333	464	0.316948528050879	0.375641329376376	0.947395492729033	0.333333333333333
FRMPD3	0	0	0	0	13	2	0	0	0	15	15	15	1	2	0.133333333333333	1811	-0.943017696795887	0.827164074419315	0.947395492729033	0.133333333333333
FRMPD4	1	2	0	0	33	1	0	0	0	37	35	35	1	2	0.0540540540540541	1322	-1.44246376790632	0.925414207114719	0.947395492729033	0.0540540540540541
FRY	1	0	0	0	24	2	0	2	0	29	28	28	1	2	0.0740740740740741	3013	-1.31634102267641	0.905970196064814	0.947395492729033	0.0689655172413793
FRYL	0	2	0	0	26	3	0	0	0	31	28	28	2	4	0.129032258064516	3013	-0.970113744642053	0.834005100682721	0.947395492729033	0.129032258064516
FSHB	0	0	0	0	4	2	0	0	0	6	6	6	1	2	0.333333333333333	129	0.316948528050879	0.375641329376376	0.947395492729033	0.333333333333333
FSHR	1	0	0	0	25	3	0	0	0	29	27	27	1	4	0.109544023975746	695	-1.09288632831084	0.862778144146205	0.947395492729033	0.137931034482759
FSTL5	1	0	0	0	44	3	0	0	0	48	42	42	2	4	0.0833333333333333	847	-1.25800925300758	0.895805795049592	0.947395492729033	0.0833333333333333
FUT10	0	0	0	0	6	1	0	0	0	7	6	6	1	2	0.285714285714286	479	0.0169565697540304	0.493235631550558	0.947395492729033	0.285714285714286
FUT9	0	0	0	0	12	1	0	0	0	13	13	13	1	2	0.153846153846154	359	-0.813790391683398	0.792117479810598	0.947395492729033	0.153846153846154
FXYD5	0	0	0	0	6	0	0	0	0	6	6	6	1	2	0.333333333333333	178	0.316948528050879	0.375641329376376	0.947395492729033	0.333333333333333
FZD10	1	1	0	0	24	2	0	0	0	28	28	28	1	2	0.0714285714285714	581	-1.33300724258179	0.90873528647819	0.947395492729033	0.0714285714285714
G3BP1	0	0	0	0	7	2	0	0	0	9	9	9	1	3	0.261505932288142	466	-0.135551968626445	0.553912260825528	0.947395492729033	0.333333333333333
GAB1	0	0	0	0	7	0	0	0	0	7	6	6	1	2	0.285714285714286	724	0.0169565697540304	0.493235631550558	0.947395492729033	0.285714285714286
GAB4	1	0	0	0	21	0	0	0	0	22	20	20	2	4	0.181818181818182	574	-0.637571339257276	0.73812362125601	0.947395492729033	0.181818181818182
GABRA2	0	0	0	0	28	3	0	1	0	32	29	29	2	4	0.129032258064516	451	-0.970113744642053	0.834005100682721	0.947395492729033	0.125
GABRA4	1	1	0	0	34	0	0	1	0	37	33	33	3	7	0.176487594183146	554	-0.671153141150928	0.74893851178556	0.947395492729033	0.189189189189189
GABRA5	0	0	0	0	19	2	0	1	1	23	23	23	1	3	0.107142857142857	462	-1.10801327385915	0.866071958340847	0.947395492729033	0.130434782608696
GABRA6	1	0	0	0	22	2	0	1	1	27	26	26	2	4	0.16	453	-0.775022200149651	0.780836729214767	0.947395492729033	0.148148148148148
GABRB1	0	0	0	0	19	2	0	1	0	22	21	21	3	6	0.285714285714286	474	0.0169565697540304	0.493235631550558	0.947395492729033	0.272727272727273
GABRB3	0	0	0	0	28	2	1	0	0	31	28	28	1	2	0.0645161290322581	473	-1.37655446233456	0.91567498095019	0.947395492729033	0.0645161290322581
GABRG1	0	0	0	0	26	4	0	2	0	32	29	29	1	3	0.075	465	-1.31050784570953	0.904987954090373	0.947395492729033	0.09375
GABRG2	1	0	0	0	28	4	0	1	1	35	29	29	3	14	0.317151219929386	515	0.215003946372809	0.414882120875946	0.947395492729033	0.4
GABRG3	0	0	0	0	28	2	0	0	0	30	28	28	3	8	0.223570226039552	467	-0.374540511571104	0.645998888844478	0.947395492729033	0.266666666666667
GABRQ	1	0	0	0	18	1	0	0	0	20	20	20	2	6	0.270710678118655	632	-0.0775636243527163	0.530912410632046	0.947395492729033	0.3
GABRR1	0	0	0	0	12	0	0	0	0	12	12	12	1	2	0.166666666666667	479	-0.733023325988092	0.768227898675538	0.947395492729033	0.166666666666667
GAD2	2	0	1	0	18	3	0	1	0	25	23	23	2	4	0.166666666666667	585	-0.733023325988092	0.768227898675538	0.947395492729033	0.16
GADL1	0	0	0	0	10	0	0	0	0	10	10	10	1	2	0.2	521	-0.523028955180298	0.699522948189084	0.947395492729033	0.2
GALNT13	2	0	0	0	30	2	0	0	0	34	28	28	2	4	0.117647058823529	556	-1.04183857717603	0.851256737330424	0.947395492729033	0.117647058823529
GALNT14	1	0	0	0	15	4	0	0	0	20	19	19	2	4	0.2	557	-0.523028955180298	0.699522948189084	0.947395492729033	0.2
GALNT15	1	0	0	0	14	1	0	1	0	17	17	17	2	6	0.3125	639	0.185702046296008	0.426339211761755	0.947395492729033	0.352941176470588
GALNT5	0	0	0	0	9	0	0	0	0	9	9	9	1	2	0.222222222222222	940	-0.383032707975102	0.649152243691414	0.947395492729033	0.222222222222222
GALR1	0	0	0	0	7	0	1	0	0	8	7	7	1	2	0.25	349	-0.208037398968606	0.582400117012023	0.947395492729033	0.25
GAN	0	0	0	0	9	0	0	1	0	10	10	10	1	2	0.222222222222222	597	-0.383032707975102	0.649152243691414	0.947395492729033	0.2
GAP43	0	0	0	0	7	2	0	0	0	9	8	8	2	5	0.555555555555556	274	1.71691100010284	0.0429977173577596	0.947395492729033	0.555555555555556
GAPDHS	0	0	0	0	8	2	0	0	0	10	7	7	2	6	0.506066017177982	408	1.40513526590784	0.0799905295529897	0.947395492729033	0.6
GATA3	2	0	0	0	11	1	0	1	0	15	15	15	2	5	0.303571428571429	444	0.129453554115349	0.448499387038104	0.947395492729033	0.333333333333333
GATA6	0	0	0	0	8	0	0	0	0	8	8	8	1	2	0.25	595	-0.208037398968606	0.582400117012023	0.947395492729033	0.25
GBP5	0	0	0	0	15	0	0	0	0	15	15	15	1	2	0.133333333333333	586	-0.943017696795887	0.827164074419315	0.947395492729033	0.133333333333333
GCC2	0	0	0	0	15	2	0	1	0	18	16	16	1	2	0.117647058823529	1684	-1.04183857717603	0.851256737330424	0.947395492729033	0.111111111111111
GCDH	0	0	0	0	5	0	0	0	0	5	4	4	1	2	0.4	438	0.736937269666468	0.230580249046244	0.947395492729033	0.4
GCK	0	0	0	0	5	0	0	0	0	5	5	5	1	2	0.4	466	0.736937269666468	0.230580249046244	0.947395492729033	0.4
GCKR	0	0	0	0	7	1	0	0	0	8	6	6	1	2	0.25	625	-0.208037398968606	0.582400117012023	0.947395492729033	0.25
GCNT1	0	0	0	0	8	0	0	0	0	8	8	8	2	4	0.5	428	1.36692038208985	0.0858251312961253	0.947395492729033	0.5
GCNT4	1	0	0	0	6	0	0	0	0	7	6	6	1	3	0.357142857142857	453	0.466944507199304	0.320269790608227	0.947395492729033	0.428571428571429
GDF2	2	0	0	0	14	0	0	0	0	16	15	15	1	4	0.16729854345604	429	-0.729042608923718	0.76701220051483	0.947395492729033	0.25
GDPD4	0	0	0	0	5	2	0	0	0	7	7	7	1	2	0.285714285714286	520	0.0169565697540304	0.493235631550558	0.947395492729033	0.285714285714286
GEM	0	0	0	0	6	0	0	0	0	6	5	5	1	2	0.333333333333333	296	0.316948528050879	0.375641329376376	0.947395492729033	0.333333333333333
GEMIN7	0	0	0	0	5	0	0	0	0	5	4	4	1	2	0.4	131	0.736937269666468	0.230580249046244	0.947395492729033	0.4
GFAP	0	0	0	0	9	0	0	0	0	9	9	9	1	2	0.222222222222222	438	-0.383032707975102	0.649152243691414	0.947395492729033	0.222222222222222
GFI1B	0	0	0	0	4	1	0	0	0	5	4	4	1	2	0.4	330	0.736937269666468	0.230580249046244	0.947395492729033	0.4
GFRAL	3	0	0	0	21	2	0	0	0	26	25	25	2	5	0.173076923076923	394	-0.692639793140439	0.755732184416894	0.947395492729033	0.192307692307692
GGH	0	0	0	0	6	1	0	0	0	7	7	7	1	3	0.428571428571429	318	0.916932444644578	0.179589020603446	0.947395492729033	0.428571428571429
GIMAP4	0	0	0	0	10	1	0	0	0	11	11	11	1	2	0.181818181818182	329	-0.637571339257276	0.73812362125601	0.947395492729033	0.181818181818182
GIMAP5	1	1	0	0	5	0	0	0	0	7	7	7	1	2	0.285714285714286	307	0.0169565697540304	0.493235631550558	0.947395492729033	0.285714285714286
GIMAP8	0	0	0	0	14	0	0	0	0	14	13	13	1	2	0.142857142857143	665	-0.883019305136517	0.811387079455669	0.947395492729033	0.142857142857143
GJA10	1	0	0	0	13	0	0	0	0	14	13	13	1	2	0.142857142857143	543	-0.883019305136517	0.811387079455669	0.947395492729033	0.142857142857143
GJC1	0	0	0	0	8	0	0	0	0	8	8	8	1	2	0.25	396	-0.208037398968606	0.582400117012023	0.947395492729033	0.25
GLB1L2	0	0	0	0	5	0	0	0	0	5	5	5	1	2	0.4	636	0.736937269666468	0.230580249046244	0.947395492729033	0.4
GLCCI1	0	0	0	0	8	0	0	2	0	10	9	9	1	2	0.25	548	-0.208037398968606	0.582400117012023	0.947395492729033	0.2
GLI2	2	0	0	0	24	1	0	0	0	27	27	27	1	2	0.0740740740740741	1586	-1.31634102267641	0.905970196064814	0.947395492729033	0.0740740740740741
GLI3	1	0	0	0	38	1	0	0	0	40	38	38	2	4	0.1	1580	-1.15301206760368	0.875547284318904	0.947395492729033	0.1
GLP1R	0	0	0	0	8	1	0	0	0	9	6	6	1	2	0.222222222222222	463	-0.383032707975102	0.649152243691414	0.947395492729033	0.222222222222222
GLUD2	0	0	0	0	13	1	0	0	0	14	12	12	2	5	0.310968099328091	558	0.176051330763881	0.430126808022404	0.947395492729033	0.357142857142857
GMEB2	0	0	0	0	9	0	0	0	0	9	9	9	1	2	0.222222222222222	530	-0.383032707975102	0.649152243691414	0.947395492729033	0.222222222222222
GMPS	0	0	0	0	7	0	0	1	0	8	7	7	1	2	0.285714285714286	693	0.0169565697540304	0.493235631550558	0.947395492729033	0.25
GNAI1	1	0	0	0	7	1	0	0	0	9	8	8	1	2	0.222222222222222	354	-0.383032707975102	0.649152243691414	0.947395492729033	0.222222222222222
GNAO1	0	0	0	0	7	0	1	0	0	8	7	7	1	2	0.25	354	-0.208037398968606	0.582400117012023	0.947395492729033	0.25
GNAS	0	0	0	0	20	0	0	1	0	21	20	20	3	8	0.4	1037	0.736937269666468	0.230580249046244	0.947395492729033	0.380952380952381
GNG2	1	0	0	0	4	0	0	0	0	5	5	5	1	2	0.4	71	0.736937269666468	0.230580249046244	0.947395492729033	0.4
GNL3L	0	0	0	0	9	0	0	0	0	9	8	8	1	2	0.222222222222222	582	-0.383032707975102	0.649152243691414	0.947395492729033	0.222222222222222
GNPTAB	0	0	0	0	5	0	0	0	0	5	5	5	1	2	0.4	1256	0.736937269666468	0.230580249046244	0.947395492729033	0.4
GNRHR	0	0	0	0	5	0	0	0	0	5	5	5	1	2	0.4	328	0.736937269666468	0.230580249046244	0.947395492729033	0.4
GOLGA2	1	0	0	0	9	1	0	0	0	11	11	11	1	3	0.272727272727273	1002	-0.064859418872383	0.525857034212605	0.947395492729033	0.272727272727273
GOLGA6B	1	0	0	0	9	0	0	0	0	10	10	10	1	3	0.270710678118655	693	-0.0775636243527163	0.530912410632046	0.947395492729033	0.3
GOLGB1	0	0	0	0	21	5	0	0	0	26	24	24	1	2	0.0769230769230769	3269	-1.29839278585523	0.902923801572952	0.947395492729033	0.0769230769230769
GP2	0	0	0	0	18	1	0	1	0	20	19	19	1	3	0.131578947368421	537	-0.95407003210156	0.829975902883086	0.947395492729033	0.15
GP5	0	0	0	0	7	0	0	0	0	7	6	6	1	2	0.285714285714286	560	0.0169565697540304	0.493235631550558	0.947395492729033	0.285714285714286
GPATCH1	0	0	0	0	10	0	0	0	0	10	9	9	1	2	0.2	931	-0.523028955180298	0.699522948189084	0.947395492729033	0.2
GPATCH4	0	0	0	0	7	0	0	0	0	7	7	7	1	2	0.285714285714286	375	0.0169565697540304	0.493235631550558	0.947395492729033	0.285714285714286
GPC4	0	0	0	0	13	1	0	0	0	14	13	13	1	2	0.142857142857143	556	-0.883019305136517	0.811387079455669	0.947395492729033	0.142857142857143
GPC5	0	0	0	0	14	1	0	0	0	15	15	15	1	2	0.133333333333333	572	-0.943017696795887	0.827164074419315	0.947395492729033	0.133333333333333
GPC6	2	0	0	0	17	0	0	1	0	20	20	20	1	3	0.142479304272976	555	-0.885399624408986	0.812029432542669	0.947395492729033	0.15
GPD2	0	0	0	0	8	2	0	0	0	10	10	10	1	2	0.2	727	-0.523028955180298	0.699522948189084	0.947395492729033	0.2
GPKOW	0	0	0	0	7	0	0	1	0	8	8	8	1	2	0.285714285714286	476	0.0169565697540304	0.493235631550558	0.947395492729033	0.25
GPM6A	0	0	0	0	8	1	0	0	0	9	8	8	1	2	0.222222222222222	278	-0.383032707975102	0.649152243691414	0.947395492729033	0.222222222222222
GPNMB	0	0	0	0	12	0	0	0	0	12	12	12	2	4	0.333333333333333	572	0.316948528050879	0.375641329376376	0.947395492729033	0.333333333333333
GPR110	0	1	0	0	3	0	0	1	0	5	4	4	1	2	0.5	910	1.36692038208985	0.0858251312961253	0.947395492729033	0.4
GPR111	0	0	1	0	12	1	0	0	0	14	14	14	2	4	0.285714285714286	642	0.0169565697540304	0.493235631550558	0.947395492729033	0.285714285714286
GPR112	1	2	0	0	85	10	0	1	0	99	86	86	5	13	0.11690925286925	3080	-1.04648663009044	0.852331792714659	0.947395492729033	0.131313131313131
GPR115	0	0	0	0	16	1	0	1	0	18	17	17	1	2	0.117647058823529	695	-1.04183857717603	0.851256737330424	0.947395492729033	0.111111111111111
GPR128	0	0	0	0	14	1	0	1	0	16	16	16	1	2	0.133333333333333	797	-0.943017696795887	0.827164074419315	0.947395492729033	0.125
GPR139	1	0	0	0	20	0	0	0	0	21	21	21	1	2	0.0952380952380952	353	-1.18301126343337	0.881597658233639	0.947395492729033	0.0952380952380952
GPR141	0	0	0	0	20	0	0	0	0	20	18	18	1	4	0.170710678118655	305	-0.707546736776099	0.760386610330466	0.947395492729033	0.2
GPR148	1	0	0	0	16	1	0	0	0	18	18	18	1	2	0.111111111111111	347	-1.08301394400108	0.860598883080141	0.947395492729033	0.111111111111111
GPR149	2	0	0	0	14	1	0	0	0	17	16	16	1	3	0.138444317093722	732	-0.910819362226736	0.818804720577602	0.947395492729033	0.176470588235294
GPR174	1	0	0	0	17	0	0	0	0	18	18	18	2	6	0.251685004771662	333	-0.19742215346361	0.578251402597768	0.947395492729033	0.333333333333333
GPR176	0	0	0	0	5	1	0	0	0	6	5	5	1	2	0.333333333333333	515	0.316948528050879	0.375641329376376	0.947395492729033	0.333333333333333
GPR183	0	0	0	0	5	0	0	0	0	5	4	4	1	3	0.54142135623731	361	1.62786793132163	0.0517764462696145	0.947395492729033	0.6
GPR22	0	0	0	0	8	0	0	0	0	8	7	7	1	2	0.25	434	-0.208037398968606	0.582400117012023	0.947395492729033	0.25
GPR32	1	0	0	0	13	0	0	0	0	14	14	14	1	2	0.142857142857143	356	-0.883019305136517	0.811387079455669	0.947395492729033	0.142857142857143
GPR4	0	0	0	0	8	1	0	0	0	9	9	9	1	2	0.222222222222222	362	-0.383032707975102	0.649152243691414	0.947395492729033	0.222222222222222
GPR50	0	0	0	0	17	2	0	0	0	19	17	17	1	2	0.105263157894737	617	-1.11985506168666	0.868612234567941	0.947395492729033	0.105263157894737
GPR65	0	0	0	0	10	0	0	0	0	10	9	9	1	2	0.2	337	-0.523028955180298	0.699522948189084	0.947395492729033	0.2
GPR83	0	0	0	0	12	0	0	0	0	12	12	12	1	2	0.166666666666667	423	-0.733023325988092	0.768227898675538	0.947395492729033	0.166666666666667
GPR85	0	0	0	0	16	0	0	0	1	17	16	16	2	4	0.25	370	-0.208037398968606	0.582400117012023	0.947395492729033	0.235294117647059
GPR98	2	0	0	0	44	7	0	2	0	55	49	49	1	2	0.0377358490566038	6306	-1.54526570364088	0.938858996230928	0.947395492729033	0.0363636363636364
GPRASP1	0	0	0	0	22	2	0	0	0	24	21	21	1	2	0.0833333333333333	1395	-1.25800925300758	0.895805795049592	0.947395492729033	0.0833333333333333
GPRC5C	1	0	0	0	10	0	0	0	0	11	9	9	1	2	0.181818181818182	486	-0.637571339257276	0.73812362125601	0.947395492729033	0.181818181818182
GPX5	0	0	0	0	7	1	0	0	0	8	8	8	1	2	0.25	221	-0.208037398968606	0.582400117012023	0.947395492729033	0.25
GRAMD1C	0	0	0	0	6	0	0	0	0	6	6	6	1	2	0.333333333333333	662	0.316948528050879	0.375641329376376	0.947395492729033	0.333333333333333
GRAMD4	0	0	0	0	7	1	0	0	0	8	8	8	1	2	0.25	578	-0.208037398968606	0.582400117012023	0.947395492729033	0.25
GRB10	0	1	0	0	11	0	0	0	0	12	10	10	1	2	0.166666666666667	594	-0.733023325988092	0.768227898675538	0.947395492729033	0.166666666666667
GRIA3	1	0	0	0	21	1	0	2	0	25	21	21	1	2	0.0869565217391304	894	-1.23518377791977	0.891618942387074	0.947395492729033	0.08
GRIA4	1	0	0	0	19	1	0	2	0	23	23	23	1	2	0.1	902	-1.15301206760368	0.875547284318904	0.947395492729033	0.0869565217391304
GRID1	0	0	0	0	26	3	0	1	0	30	29	29	2	5	0.155172413793103	1009	-0.80543517799078	0.789715700667592	0.947395492729033	0.166666666666667
GRIK2	0	0	0	0	38	1	1	1	0	41	35	35	3	11	0.203033008588991	908	-0.503921513271303	0.692841733937509	0.947395492729033	0.268292682926829
GRIK4	0	1	0	0	25	1	0	0	0	27	25	25	1	2	0.0740740740740741	956	-1.31634102267641	0.905970196064814	0.947395492729033	0.0740740740740741
GRIN2A	3	0	0	0	48	2	0	2	0	55	49	49	3	7	0.132075471698113	1464	-0.950942012675426	0.829183093451344	0.947395492729033	0.127272727272727
GRIN3A	2	0	0	0	38	2	0	0	0	42	38	38	1	3	0.0535714285714286	1115	-1.44550422694311	0.925841846710233	0.947395492729033	0.0714285714285714
GRM1	1	0	0	0	36	1	0	0	0	38	34	34	1	3	0.0712396521364881	1194	-1.33419740221803	0.908930414655232	0.947395492729033	0.0789473684210526
GRM4	0	0	0	0	16	0	0	0	0	16	13	13	1	2	0.125	912	-0.995516289497835	0.840257387149385	0.947395492729033	0.125
GRM7	0	0	0	0	41	2	0	2	0	45	39	39	5	14	0.273668998906195	922	-0.0589267029799049	0.52349475545005	0.947395492729033	0.311111111111111
GRM8	3	0	0	0	43	3	0	2	0	51	45	45	3	7	0.127551020408163	908	-0.979445291731933	0.836319996195173	0.947395492729033	0.137254901960784
GRN	0	0	0	0	5	2	0	0	0	7	7	7	1	2	0.285714285714286	593	0.0169565697540304	0.493235631550558	0.947395492729033	0.285714285714286
GRSF1	0	0	0	0	8	1	0	0	0	9	8	8	1	2	0.222222222222222	480	-0.383032707975102	0.649152243691414	0.947395492729033	0.222222222222222
GRXCR2	0	0	0	0	5	0	0	0	0	5	4	4	1	2	0.4	248	0.736937269666468	0.230580249046244	0.947395492729033	0.4
GTF3C1	1	1	0	0	29	3	0	1	0	35	32	32	1	2	0.0588235294117647	2109	-1.41241687860154	0.921086375238605	0.947395492729033	0.0571428571428571
GTPBP10	0	0	0	0	8	0	0	1	0	9	9	9	1	2	0.25	387	-0.208037398968606	0.582400117012023	0.947395492729033	0.222222222222222
GTPBP4	0	0	0	0	4	1	0	0	0	5	5	5	1	2	0.4	634	0.736937269666468	0.230580249046244	0.947395492729033	0.4
GUCA1C	0	0	0	0	5	2	0	0	0	7	5	5	1	4	0.571428571428571	209	1.81690831953512	0.034615576296351	0.947395492729033	0.571428571428571
GUCY1A2	1	1	0	0	28	3	0	0	0	33	28	28	4	9	0.263851720642017	763	-0.120773898143838	0.548064937497965	0.947395492729033	0.272727272727273
GUCY1A3	0	0	1	0	11	2	1	1	0	16	15	15	1	2	0.133333333333333	690	-0.943017696795887	0.827164074419315	0.947395492729033	0.125
GUCY2C	1	0	0	0	6	0	0	3	0	10	10	10	1	2	0.285714285714286	1073	0.0169565697540304	0.493235631550558	0.947395492729033	0.2
HAO1	0	1	0	0	10	2	0	1	0	14	14	14	1	3	0.181042568507175	370	-0.642457572134328	0.739711935550265	0.947395492729033	0.214285714285714
HAO2	0	0	0	0	7	0	0	1	0	8	8	8	1	2	0.285714285714286	351	0.0169565697540304	0.493235631550558	0.947395492729033	0.25
HAPLN1	0	0	0	0	15	1	0	0	0	16	14	14	1	4	0.17834708691208	354	-0.659438650981909	0.745192935387089	0.947395492729033	0.25
HAPLN4	0	0	0	0	8	1	0	0	0	9	8	8	1	2	0.222222222222222	402	-0.383032707975102	0.649152243691414	0.947395492729033	0.222222222222222
HAS1	0	0	0	0	4	1	0	0	0	5	5	5	1	2	0.4	578	0.736937269666468	0.230580249046244	0.947395492729033	0.4
HAVCR2	0	0	0	0	13	0	0	0	0	13	12	12	1	2	0.153846153846154	301	-0.813790391683398	0.792117479810598	0.947395492729033	0.153846153846154
HBG2	0	0	0	0	10	1	0	0	0	11	11	11	1	4	0.236686671872116	147	-0.291909117875789	0.614821944043765	0.947395492729033	0.363636363636364
HCFC1	0	0	0	0	23	1	0	2	0	26	23	23	2	4	0.166666666666667	2035	-0.733023325988092	0.768227898675538	0.947395492729033	0.153846153846154
HCK	0	0	0	0	13	3	0	0	0	16	16	16	1	2	0.125	526	-0.995516289497835	0.840257387149385	0.947395492729033	0.125
HCN1	1	0	0	0	59	3	0	1	0	64	55	55	3	11	0.141976883305762	890	-0.88856479165571	0.812881489891023	0.947395492729033	0.171875
HCRTR2	0	0	0	0	25	1	0	2	0	28	26	26	3	11	0.351303210633969	444	0.430155720368085	0.333541184876137	0.947395492729033	0.392857142857143
HDAC9	2	1	0	0	36	6	0	1	0	46	40	40	2	4	0.0888888888888889	1069	-1.22301019120628	0.889337076448024	0.947395492729033	0.0869565217391304
HDC	0	0	0	0	16	0	0	1	0	17	14	14	1	2	0.125	662	-0.995516289497835	0.840257387149385	0.947395492729033	0.117647058823529
HDLBP	1	0	0	0	5	3	0	0	0	9	8	8	1	2	0.222222222222222	1268	-0.383032707975102	0.649152243691414	0.947395492729033	0.222222222222222
HECW1	1	1	0	0	52	5	0	3	0	62	50	50	2	4	0.0677966101694915	1606	-1.35588798516375	0.91243259456095	0.947395492729033	0.0645161290322581
HECW2	1	0	0	0	24	2	0	1	0	28	24	24	1	2	0.0740740740740741	1572	-1.31634102267641	0.905970196064814	0.947395492729033	0.0714285714285714
HEPH	0	0	0	0	42	4	0	2	0	48	43	43	1	2	0.0434782608695652	1212	-1.50908947897342	0.934362041073205	0.947395492729033	0.0416666666666667
HEPHL1	1	0	0	0	20	1	0	0	0	22	22	22	1	2	0.0909090909090909	1159	-1.21028325964217	0.886914890481703	0.947395492729033	0.0909090909090909
HERC1	0	0	0	0	30	1	0	1	0	32	30	30	1	2	0.0645161290322581	4861	-1.37655446233456	0.91567498095019	0.947395492729033	0.0625
HERC4	0	0	0	0	12	4	0	1	0	17	17	17	1	2	0.125	1057	-0.995516289497835	0.840257387149385	0.947395492729033	0.117647058823529
HEXIM1	0	0	0	0	6	1	0	0	0	7	5	5	1	2	0.285714285714286	360	0.0169565697540304	0.493235631550558	0.947395492729033	0.285714285714286
HGF	1	0	0	0	43	2	0	1	0	47	38	38	1	3	0.0588501474170989	728	-1.41224918966308	0.92106169926912	0.947395492729033	0.0638297872340425
HHIPL2	1	0	0	0	27	1	0	0	0	29	28	28	1	2	0.0689655172413793	724	-1.34852406801094	0.911255057780453	0.947395492729033	0.0689655172413793
HIPK4	0	0	0	0	5	1	0	0	0	6	5	5	1	2	0.333333333333333	616	0.316948528050879	0.375641329376376	0.947395492729033	0.333333333333333
HIRA	0	0	0	0	10	0	0	0	0	10	9	9	1	2	0.2	1017	-0.523028955180298	0.699522948189084	0.947395492729033	0.2
HIST1H2BC	0	0	0	0	7	0	0	0	0	7	6	6	2	4	0.571428571428571	126	1.81690831953512	0.034615576296351	0.947395492729033	0.571428571428571
HIST1H2BH	0	0	0	0	6	0	0	0	0	6	6	6	1	2	0.333333333333333	126	0.316948528050879	0.375641329376376	0.947395492729033	0.333333333333333
HIST1H3B	0	0	0	0	6	2	0	0	0	8	8	8	2	4	0.5	136	1.36692038208985	0.0858251312961253	0.947395492729033	0.5
HIST1H3C	0	0	0	0	6	0	0	0	0	6	6	6	1	2	0.333333333333333	136	0.316948528050879	0.375641329376376	0.947395492729033	0.333333333333333
HIST1H3D	0	0	0	0	10	0	0	0	0	10	8	8	2	5	0.470710678118655	136	1.18240260049405	0.11852299592718	0.947395492729033	0.5
HIST2H2AC	0	0	1	0	5	1	0	0	0	7	7	7	1	2	0.285714285714286	129	0.0169565697540304	0.493235631550558	0.947395492729033	0.285714285714286
HIVEP2	1	1	0	0	27	2	0	0	0	31	28	28	1	2	0.0645161290322581	2446	-1.37655446233456	0.91567498095019	0.947395492729033	0.0645161290322581
HIVEP3	0	1	0	0	29	2	0	0	0	32	30	30	2	5	0.1328125	2406	-0.946298858839758	0.828001912371998	0.947395492729033	0.15625
HJURP	0	1	0	0	8	0	0	0	0	9	8	8	1	2	0.222222222222222	748	-0.383032707975102	0.649152243691414	0.947395492729033	0.222222222222222
HK3	2	0	0	0	17	1	0	0	1	21	19	19	1	3	0.1125	923	-1.07426417855076	0.858647852432309	0.947395492729033	0.142857142857143
HKR1	1	0	1	0	12	2	0	0	0	16	15	15	1	2	0.125	659	-0.995516289497835	0.840257387149385	0.947395492729033	0.125
HLA-DQB1	0	0	0	0	4	1	0	0	0	5	5	5	1	2	0.4	269	0.736937269666468	0.230580249046244	0.947395492729033	0.4
HLA-G	1	0	0	0	5	0	0	0	0	6	6	6	1	2	0.333333333333333	338	0.316948528050879	0.375641329376376	0.947395492729033	0.333333333333333
HNF4A	1	0	0	0	19	0	0	0	0	20	19	19	4	10	0.444194173824159	474	1.01535310143371	0.154968770131197	0.947395492729033	0.5
HNF4G	1	0	0	0	7	0	0	1	0	9	8	8	2	5	0.588388347648318	445	1.92375204562433	0.0271928354549527	0.947395492729033	0.555555555555556
HNRNPA1	0	0	0	0	8	0	0	0	0	8	8	8	1	2	0.25	372	-0.208037398968606	0.582400117012023	0.947395492729033	0.25
HOXA1	1	0	0	0	18	0	0	0	0	19	19	19	1	2	0.105263157894737	335	-1.11985506168666	0.868612234567941	0.947395492729033	0.105263157894737
HOXA11	0	0	0	0	5	0	0	0	0	5	4	4	1	2	0.4	313	0.736937269666468	0.230580249046244	0.947395492729033	0.4
HOXA13	1	0	0	0	6	2	0	1	0	10	10	10	1	2	0.222222222222222	388	-0.383032707975102	0.649152243691414	0.947395492729033	0.2
HOXA3	3	1	0	0	11	4	0	0	0	19	19	19	2	5	0.263157894736842	443	-0.125144884176056	0.549795574927715	0.947395492729033	0.263157894736842
HOXA9	0	0	0	0	8	0	0	0	0	8	8	8	1	3	0.375	272	0.579441491560623	0.28114565723764	0.947395492729033	0.375
HOXB1	0	0	0	0	17	0	0	0	0	17	14	14	3	8	0.409241575363915	301	0.79515763378101	0.213260906320457	0.947395492729033	0.470588235294118
HOXB4	2	0	0	0	4	0	0	0	0	6	6	6	1	2	0.333333333333333	251	0.316948528050879	0.375641329376376	0.947395492729033	0.333333333333333
HOXC13	0	0	0	0	7	0	0	0	0	7	6	6	1	3	0.386729540169507	330	0.653335613793432	0.256769968784396	0.947395492729033	0.428571428571429
HOXD12	0	0	1	0	4	1	0	0	1	7	6	6	1	2	0.333333333333333	270	0.316948528050879	0.375641329376376	0.947395492729033	0.285714285714286
HPN	0	0	0	0	6	0	0	0	0	6	6	6	1	2	0.333333333333333	417	0.316948528050879	0.375641329376376	0.947395492729033	0.333333333333333
HPSE2	0	0	0	0	13	3	0	0	0	16	16	16	1	4	0.16272208691208	592	-0.757873512298062	0.77573664570516	0.947395492729033	0.25
HRH2	0	1	0	0	15	0	0	0	0	16	15	15	2	4	0.25	397	-0.208037398968606	0.582400117012023	0.947395492729033	0.25
HRNR	1	0	0	0	81	9	0	0	0	91	69	69	5	13	0.123155019573479	2850	-1.00713935461244	0.843066094258618	0.947395492729033	0.142857142857143
HS3ST3A1	0	0	0	0	7	0	0	0	0	7	7	7	1	2	0.285714285714286	406	0.0169565697540304	0.493235631550558	0.947395492729033	0.285714285714286
HS3ST4	2	0	0	0	14	1	0	0	0	17	15	15	1	2	0.117647058823529	456	-1.04183857717603	0.851256737330424	0.947395492729033	0.117647058823529
HS3ST5	0	0	1	0	15	0	0	0	0	16	16	16	1	3	0.14709708691208	346	-0.856308373614216	0.804086384614101	0.947395492729033	0.1875
HS6ST3	0	0	0	0	9	0	0	0	0	9	8	8	1	2	0.222222222222222	471	-0.383032707975102	0.649152243691414	0.947395492729033	0.222222222222222
HSD3B2	0	0	0	0	15	0	0	0	0	15	15	15	1	4	0.204044011451988	372	-0.497552365968305	0.690600207546756	0.947395492729033	0.266666666666667
HSF5	0	0	0	0	11	0	0	0	0	11	11	11	1	2	0.181818181818182	596	-0.637571339257276	0.73812362125601	0.947395492729033	0.181818181818182
HSPA12A	1	0	0	0	14	1	0	1	0	17	14	14	1	3	0.15625	675	-0.798646566865528	0.787752311052866	0.947395492729033	0.176470588235294
HSPA13	0	0	0	0	8	1	0	0	0	9	9	9	1	2	0.222222222222222	471	-0.383032707975102	0.649152243691414	0.947395492729033	0.222222222222222
HSPA6	0	0	0	0	11	1	0	0	0	12	11	11	1	2	0.166666666666667	643	-0.733023325988092	0.768227898675538	0.947395492729033	0.166666666666667
HSPA8	0	1	0	0	9	2	0	0	0	12	11	11	2	5	0.354166666666667	646	0.448195009805751	0.327006231921371	0.947395492729033	0.416666666666667
HTATSF1	0	0	0	0	13	2	0	0	0	15	15	15	1	2	0.133333333333333	755	-0.943017696795887	0.827164074419315	0.947395492729033	0.133333333333333
HTR1A	0	0	0	0	17	2	0	0	1	20	17	17	1	2	0.105263157894737	422	-1.11985506168666	0.868612234567941	0.947395492729033	0.1
HTR1E	1	0	0	0	18	1	0	0	0	20	19	19	2	5	0.217677669529664	365	-0.411662622473402	0.65970663757949	0.947395492729033	0.25
HTR3A	1	1	0	0	11	1	0	0	0	14	12	12	1	2	0.142857142857143	516	-0.883019305136517	0.811387079455669	0.947395492729033	0.142857142857143
HTR3D	1	0	0	0	3	1	0	0	0	5	4	4	1	2	0.4	454	0.736937269666468	0.230580249046244	0.947395492729033	0.4
HTR3E	0	0	0	0	9	0	0	0	0	9	9	9	1	4	0.372617043399253	482	0.564429267399536	0.286231012655017	0.947395492729033	0.444444444444444
HTR4	0	0	0	0	5	2	0	0	0	7	7	7	1	3	0.386729540169507	428	0.653335613793432	0.256769968784396	0.947395492729033	0.428571428571429
HTR5A	1	0	0	0	14	0	0	1	0	16	14	14	1	3	0.15	357	-0.838020511391989	0.798990408099973	0.947395492729033	0.1875
HTR6	1	0	0	0	13	0	0	0	0	14	14	14	1	2	0.142857142857143	440	-0.883019305136517	0.811387079455669	0.947395492729033	0.142857142857143
HTR7	0	0	0	0	10	0	0	0	0	10	10	10	1	2	0.2	479	-0.523028955180298	0.699522948189084	0.947395492729033	0.2
HTRA1	1	0	0	0	6	1	0	1	0	9	8	8	1	2	0.25	480	-0.208037398968606	0.582400117012023	0.947395492729033	0.222222222222222
HYAL4	0	0	0	0	8	1	0	0	0	9	8	8	1	2	0.222222222222222	481	-0.383032707975102	0.649152243691414	0.947395492729033	0.222222222222222
HYDIN	4	1	0	0	57	5	0	1	0	68	59	59	3	7	0.104477611940299	1017	-1.12480386853995	0.869663922602647	0.947395492729033	0.102941176470588
IARS2	1	0	0	0	10	4	0	1	0	16	15	15	1	4	0.168688672392661	1012	-0.720285031382096	0.764325240486567	0.947395492729033	0.25
IDH1	0	0	0	0	5	0	0	1	0	6	6	6	1	2	0.4	414	0.736937269666468	0.230580249046244	0.947395492729033	0.333333333333333
IFI44L	2	0	0	0	10	1	0	2	0	15	14	14	1	3	0.181042568507175	452	-0.642457572134328	0.739711935550265	0.947395492729033	0.2
IFNA1	0	0	0	0	6	0	0	0	0	6	5	5	1	2	0.333333333333333	189	0.316948528050879	0.375641329376376	0.947395492729033	0.333333333333333
IFNA13	0	0	0	0	6	0	0	0	0	6	5	5	1	2	0.333333333333333	190	0.316948528050879	0.375641329376376	0.947395492729033	0.333333333333333
IFNA6	0	0	0	0	5	0	0	0	0	5	4	4	1	2	0.4	189	0.736937269666468	0.230580249046244	0.947395492729033	0.4
IFNA8	0	1	0	0	7	0	0	0	0	8	8	8	1	2	0.25	189	-0.208037398968606	0.582400117012023	0.947395492729033	0.25
IFT140	0	0	0	0	5	1	0	2	0	8	7	7	1	2	0.333333333333333	1462	0.316948528050879	0.375641329376376	0.947395492729033	0.25
IFT172	0	0	0	0	20	3	0	0	0	23	22	22	1	3	0.117700294834198	1749	-1.04150319929909	0.851178965426454	0.947395492729033	0.130434782608696
IGF2R	3	0	0	0	27	2	0	1	0	33	32	32	1	2	0.0625	2491	-1.38925573476245	0.917622500473754	0.947395492729033	0.0606060606060606
IGSF1	1	0	0	0	35	3	0	0	0	39	36	36	2	4	0.102564102564103	1341	-1.13685865446462	0.872201310682684	0.947395492729033	0.102564102564103
IKZF1	1	0	0	0	12	0	0	0	0	13	12	12	3	7	0.515931290860504	519	1.46728482410207	0.0711492951425627	0.947395492729033	0.538461538461538
IL10RA	0	0	0	0	9	0	0	1	0	10	9	9	1	3	0.261505932288142	578	-0.135551968626445	0.553912260825528	0.947395492729033	0.3
IL16	1	0	0	0	26	0	0	0	0	27	24	24	1	2	0.0740740740740741	1332	-1.31634102267641	0.905970196064814	0.947395492729033	0.0740740740740741
IL17A	0	0	0	0	10	1	0	0	0	11	9	9	2	8	0.569796995724215	155	1.80662966813128	0.0354100202297357	0.947395492729033	0.727272727272727
IL18R1	0	0	0	0	9	4	0	1	0	14	11	11	2	4	0.307692307692308	541	0.155414396660269	0.438247317585095	0.947395492729033	0.285714285714286
IL18RAP	1	0	0	0	16	2	0	0	0	19	19	19	1	3	0.118421052631579	599	-1.03696254689411	0.850123343859396	0.947395492729033	0.157894736842105
IL21R	2	0	0	0	13	2	0	0	0	17	15	15	1	3	0.128045687958626	560	-0.976328969701381	0.835549265840424	0.947395492729033	0.176470588235294
IL31RA	0	0	0	0	12	1	0	1	0	14	14	14	1	2	0.153846153846154	764	-0.813790391683398	0.792117479810598	0.947395492729033	0.142857142857143
IL36G	1	0	0	0	5	0	1	1	0	8	8	8	1	2	0.285714285714286	169	0.0169565697540304	0.493235631550558	0.947395492729033	0.25
IL7R	1	1	0	0	19	2	0	0	0	23	22	22	1	3	0.0946424650128972	459	-1.1867636332646	0.882339566381472	0.947395492729033	0.130434782608696
IMMT	0	0	0	0	8	0	0	0	0	8	8	8	1	3	0.338388347648318	758	0.34879426456587	0.363621884777381	0.947395492729033	0.375
IMPG1	0	1	0	0	21	0	0	0	0	22	20	20	2	4	0.181818181818182	797	-0.637571339257276	0.73812362125601	0.947395492729033	0.181818181818182
INADL	0	0	0	0	18	2	0	1	0	21	20	20	2	4	0.2	1801	-0.523028955180298	0.699522948189084	0.947395492729033	0.19047619047619
INCENP	0	0	0	0	6	1	0	0	0	7	7	7	1	3	0.386729540169507	918	0.653335613793432	0.256769968784396	0.947395492729033	0.428571428571429
ING1	0	0	0	0	6	0	0	0	0	6	5	5	1	2	0.333333333333333	422	0.316948528050879	0.375641329376376	0.947395492729033	0.333333333333333
INHBA	1	0	0	0	23	1	0	0	0	25	23	23	3	9	0.289497474683058	426	0.0407900213683622	0.483731647267012	0.947395492729033	0.36
INMT	0	0	0	0	9	0	0	0	0	9	8	8	1	2	0.222222222222222	263	-0.383032707975102	0.649152243691414	0.947395492729033	0.222222222222222
INO80	0	0	0	0	9	3	0	0	0	12	10	10	1	3	0.181398057941386	1556	-0.640218048732346	0.738984574775771	0.947395492729033	0.25
INPP4B	0	0	0	0	18	4	0	2	0	24	18	18	1	2	0.0909090909090909	924	-1.21028325964217	0.886914890481703	0.947395492729033	0.0833333333333333
INS-IGF2	0	0	0	0	7	0	0	0	0	7	6	6	1	2	0.285714285714286	200	0.0169565697540304	0.493235631550558	0.947395492729033	0.285714285714286
INSIG2	0	0	0	0	5	1	0	0	0	6	5	5	1	2	0.333333333333333	225	0.316948528050879	0.375641329376376	0.947395492729033	0.333333333333333
INSM1	0	0	0	0	6	0	0	0	0	6	5	5	1	2	0.333333333333333	511	0.316948528050879	0.375641329376376	0.947395492729033	0.333333333333333
INSRR	1	0	0	0	35	2	0	1	0	39	36	36	3	8	0.189660704768067	1297	-0.588164769085072	0.72178914878352	0.947395492729033	0.205128205128205
INTS4	0	0	0	0	9	2	0	1	0	12	10	10	2	4	0.363636363636364	963	0.507852501512511	0.305778393690641	0.947395492729033	0.333333333333333
INTS6	0	0	0	0	6	0	0	0	0	6	6	6	1	2	0.333333333333333	887	0.316948528050879	0.375641329376376	0.947395492729033	0.333333333333333
IPMK	0	0	0	0	10	0	0	0	0	10	9	9	1	2	0.2	416	-0.523028955180298	0.699522948189084	0.947395492729033	0.2
IPO13	0	0	0	0	7	0	0	2	0	9	8	8	1	2	0.285714285714286	963	0.0169565697540304	0.493235631550558	0.947395492729033	0.222222222222222
IPO9	0	0	0	0	8	1	0	1	0	10	8	8	1	2	0.222222222222222	1041	-0.383032707975102	0.649152243691414	0.947395492729033	0.2
IQCG	0	0	0	0	6	2	0	0	0	8	6	6	1	2	0.25	443	-0.208037398968606	0.582400117012023	0.947395492729033	0.25
IQCJ	0	0	0	0	5	0	0	0	0	5	5	5	1	2	0.4	160	0.736937269666468	0.230580249046244	0.947395492729033	0.4
IQGAP2	2	1	0	0	22	6	0	1	0	32	30	30	2	4	0.129032258064516	1575	-0.970113744642053	0.834005100682721	0.947395492729033	0.125
IQSEC1	0	0	0	0	10	1	0	0	0	11	11	11	1	2	0.181818181818182	1114	-0.637571339257276	0.73812362125601	0.947395492729033	0.181818181818182
IRF6	0	0	0	0	10	1	0	1	0	12	10	10	1	4	0.25	467	-0.208037398968606	0.582400117012023	0.947395492729033	0.333333333333333
IRF8	0	0	0	0	9	2	0	0	0	11	10	10	1	2	0.181818181818182	426	-0.637571339257276	0.73812362125601	0.947395492729033	0.181818181818182
IRX2	1	0	0	0	13	1	0	0	0	15	15	15	1	4	0.204044011451988	471	-0.497552365968305	0.690600207546756	0.947395492729033	0.266666666666667
ISL1	1	0	0	0	12	0	0	0	0	13	13	13	1	2	0.153846153846154	349	-0.813790391683398	0.792117479810598	0.947395492729033	0.153846153846154
ISLR	0	0	0	0	5	1	0	0	0	6	6	6	1	2	0.333333333333333	428	0.316948528050879	0.375641329376376	0.947395492729033	0.333333333333333
ITGA2	1	0	0	0	19	0	0	2	0	22	21	21	1	2	0.1	1181	-1.15301206760368	0.875547284318904	0.947395492729033	0.0909090909090909
ITGA2B	2	0	0	0	9	0	0	1	0	12	12	12	1	2	0.181818181818182	1039	-0.637571339257276	0.73812362125601	0.947395492729033	0.166666666666667
ITGA4	1	1	1	0	33	1	0	0	0	37	36	36	1	3	0.073165048140177	1032	-1.32206773254751	0.906927201274019	0.947395492729033	0.0810810810810811
ITGA8	0	1	0	0	49	3	0	3	0	56	47	47	4	11	0.175672833429808	1063	-0.676285996303615	0.750570458985438	0.947395492729033	0.196428571428571
ITGAD	0	0	0	0	33	1	0	0	0	34	31	31	2	4	0.117647058823529	1161	-1.04183857717603	0.851256737330424	0.947395492729033	0.117647058823529
ITGAE	0	1	0	0	18	1	0	0	0	20	20	20	1	2	0.1	1179	-1.15301206760368	0.875547284318904	0.947395492729033	0.1
ITGAX	2	1	0	0	44	2	0	2	0	51	44	44	1	3	0.0459183673469388	1163	-1.49371722024082	0.93237522715308	0.947395492729033	0.0588235294117647
ITGBL1	1	0	0	0	12	4	0	3	0	20	18	18	1	3	0.138444317093722	495	-0.910819362226736	0.818804720577602	0.947395492729033	0.15
ITIH2	1	0	0	0	21	1	0	0	0	23	21	21	1	2	0.0869565217391304	946	-1.23518377791977	0.891618942387074	0.947395492729033	0.0869565217391304
ITIH5	1	0	0	0	27	0	0	3	0	31	27	27	1	2	0.0714285714285714	942	-1.33300724258179	0.90873528647819	0.947395492729033	0.0645161290322581
ITIH6	1	0	0	0	29	3	0	0	0	33	33	33	1	2	0.0606060606060606	1313	-1.4011872331038	0.919420954479131	0.947395492729033	0.0606060606060606
ITK	1	0	0	0	16	0	0	0	0	17	16	16	1	2	0.117647058823529	620	-1.04183857717603	0.851256737330424	0.947395492729033	0.117647058823529
ITPR2	1	4	0	0	28	3	0	1	0	37	35	35	1	2	0.0555555555555556	2701	-1.43300456201407	0.924071733200721	0.947395492729033	0.0540540540540541
ITPR3	1	0	1	0	17	2	0	0	0	21	19	19	1	2	0.0952380952380952	2671	-1.18301126343337	0.881597658233639	0.947395492729033	0.0952380952380952
IVL	1	0	0	0	12	1	0	0	0	14	12	12	1	3	0.155484049664045	585	-0.803471924631592	0.789148991123076	0.947395492729033	0.214285714285714
JAK2	0	0	0	0	14	3	0	0	0	17	15	15	1	2	0.117647058823529	1132	-1.04183857717603	0.851256737330424	0.947395492729033	0.117647058823529
JPH1	0	0	0	0	14	0	0	0	0	14	13	13	1	2	0.142857142857143	661	-0.883019305136517	0.811387079455669	0.947395492729033	0.142857142857143
JPH2	0	0	0	0	15	3	0	0	0	18	17	17	1	6	0.241864077255182	696	-0.259292338300774	0.602295154765816	0.947395492729033	0.333333333333333
KALRN	0	0	0	0	32	7	0	1	0	40	33	33	2	5	0.108974358974359	2986	-1.09647512161697	0.863564547573454	0.947395492729033	0.125
KANK4	0	0	0	0	21	0	0	0	0	21	21	21	1	2	0.0952380952380952	995	-1.18301126343337	0.881597658233639	0.947395492729033	0.0952380952380952
KAT7	0	0	0	0	6	0	0	0	0	6	5	5	1	2	0.333333333333333	611	0.316948528050879	0.375641329376376	0.947395492729033	0.333333333333333
KCNA1	2	0	0	0	15	3	0	0	0	20	18	18	1	3	0.117677669529664	495	-1.04164573489679	0.851212021805463	0.947395492729033	0.15
KCNA5	0	0	0	0	27	0	0	0	0	27	24	24	1	3	0.10026321411802	613	-1.15135386311064	0.875206656862532	0.947395492729033	0.111111111111111
KCNB1	0	1	0	0	24	3	0	0	0	28	26	26	4	11	0.351912621092617	858	0.433994903342911	0.332146071051396	0.947395492729033	0.392857142857143
KCNB2	0	0	0	0	42	0	0	0	0	42	40	40	3	6	0.142857142857143	911	-0.883019305136517	0.811387079455669	0.947395492729033	0.142857142857143
KCNC2	0	0	0	0	27	4	0	0	0	31	26	26	2	6	0.17741935483871	638	-0.665283206372675	0.747065315096024	0.947395492729033	0.193548387096774
KCND2	2	1	0	0	21	1	0	0	0	25	24	24	1	2	0.08	630	-1.27900869008836	0.899553002131904	0.947395492729033	0.08
KCNF1	3	0	0	0	9	0	0	0	0	12	11	11	1	2	0.166666666666667	494	-0.733023325988092	0.768227898675538	0.947395492729033	0.166666666666667
KCNG1	0	0	0	0	15	0	0	0	0	15	15	15	1	2	0.133333333333333	513	-0.943017696795887	0.827164074419315	0.947395492729033	0.133333333333333
KCNH5	0	0	0	0	33	5	0	0	0	38	35	35	1	2	0.0526315789473684	988	-1.45142512085686	0.926669240567927	0.947395492729033	0.0526315789473684
KCNH6	0	0	0	0	18	1	0	0	0	19	18	18	1	2	0.105263157894737	994	-1.11985506168666	0.868612234567941	0.947395492729033	0.105263157894737
KCNH7	2	0	0	0	30	2	0	0	0	34	28	28	3	7	0.197267846505487	1196	-0.540241060801217	0.705484600477313	0.947395492729033	0.205882352941176
KCNH8	1	0	1	0	31	8	0	0	0	41	37	37	2	5	0.103658536585366	1107	-1.12996390495404	0.870754282900222	0.947395492729033	0.121951219512195
KCNIP3	0	0	0	0	6	0	0	0	0	6	6	6	1	2	0.333333333333333	256	0.316948528050879	0.375641329376376	0.947395492729033	0.333333333333333
KCNJ1	0	0	0	0	11	0	0	0	0	11	10	10	1	2	0.181818181818182	391	-0.637571339257276	0.73812362125601	0.947395492729033	0.181818181818182
KCNJ12	0	0	0	0	33	0	0	0	0	33	30	30	1	2	0.0606060606060606	433	-1.4011872331038	0.919420954479131	0.947395492729033	0.0606060606060606
KCNJ3	0	1	0	0	31	2	0	1	0	35	31	31	1	4	0.0839280408998022	501	-1.25426269577052	0.895126730873387	0.947395492729033	0.114285714285714
KCNJ4	0	0	0	0	6	0	0	0	0	6	6	6	1	2	0.333333333333333	445	0.316948528050879	0.375641329376376	0.947395492729033	0.333333333333333
KCNK13	0	0	0	0	11	2	0	2	0	15	15	15	1	2	0.153846153846154	408	-0.813790391683398	0.792117479810598	0.947395492729033	0.133333333333333
KCNK18	0	0	0	0	15	1	0	0	0	16	14	14	3	6	0.375	384	0.579441491560623	0.28114565723764	0.947395492729033	0.375
KCNK9	0	0	0	0	17	0	0	0	0	17	15	15	2	5	0.264705882352941	374	-0.115392823612227	0.545933116552745	0.947395492729033	0.294117647058824
KCNQ2	0	0	0	0	25	1	0	0	0	26	25	25	1	2	0.0769230769230769	872	-1.29839278585523	0.902923801572952	0.947395492729033	0.0769230769230769
KCNS2	1	0	1	0	14	0	0	0	0	16	16	16	1	2	0.125	477	-0.995516289497835	0.840257387149385	0.947395492729033	0.125
KCNT2	3	0	0	0	47	6	0	1	0	57	51	51	3	10	0.130005894390891	1135	-0.963980000209471	0.832472023510618	0.947395492729033	0.175438596491228
KCNU1	0	0	0	0	36	4	0	2	0	42	41	41	1	2	0.05	1149	-1.46800362381537	0.928948380719197	0.947395492729033	0.0476190476190476
KCTD7	0	0	0	0	9	2	0	0	0	11	10	10	1	4	0.220616063208785	289	-0.393151238518421	0.652896109078032	0.947395492729033	0.363636363636364
KCTD8	4	0	0	0	14	1	0	0	0	19	18	18	2	6	0.260900356904555	473	-0.139366991276033	0.555419922543107	0.947395492729033	0.315789473684211
KDELC1	0	0	0	0	10	1	0	0	0	11	11	11	2	4	0.363636363636364	502	0.507852501512511	0.305778393690641	0.947395492729033	0.363636363636364
KDM2B	0	0	0	0	14	0	0	1	0	15	14	14	1	2	0.142857142857143	1336	-0.883019305136517	0.811387079455669	0.947395492729033	0.133333333333333
KDM3B	0	0	0	0	16	1	0	0	0	17	17	17	1	2	0.117647058823529	1761	-1.04183857717603	0.851256737330424	0.947395492729033	0.117647058823529
KDR	1	0	0	0	42	3	0	3	0	49	45	45	5	12	0.233695652173913	1356	-0.310752036863723	0.622005432701699	0.947395492729033	0.244897959183673
KEAP1	9	1	0	0	76	8	0	3	0	97	96	96	3	15	0.144262342252977	624	-0.874166786246887	0.808986284555517	0.947395492729033	0.154639175257732
KEL	0	0	0	0	28	0	0	0	0	28	26	26	2	7	0.202293341513325	732	-0.508581290936157	0.694477127176324	0.947395492729033	0.25
KHDRBS2	1	0	0	0	12	0	0	0	0	13	12	12	1	3	0.173076923076923	349	-0.692639793140439	0.755732184416894	0.947395492729033	0.230769230769231
KIAA0100	1	0	0	0	18	1	0	2	0	22	20	20	1	2	0.1	2235	-1.15301206760368	0.875547284318904	0.947395492729033	0.0909090909090909
KIAA0232	2	0	0	0	8	2	0	0	0	12	12	12	1	2	0.166666666666667	1396	-0.733023325988092	0.768227898675538	0.947395492729033	0.166666666666667
KIAA0586	1	0	0	0	10	1	0	1	0	13	12	12	1	2	0.166666666666667	1645	-0.733023325988092	0.768227898675538	0.947395492729033	0.153846153846154
KIAA1033	0	0	0	0	6	0	0	0	0	6	6	6	1	2	0.333333333333333	1174	0.316948528050879	0.375641329376376	0.947395492729033	0.333333333333333
KIAA1211	2	1	0	0	38	2	0	0	0	43	39	39	1	2	0.0465116279069767	1234	-1.48997977889991	0.931885223556946	0.947395492729033	0.0465116279069767
KIAA1377	0	0	0	0	12	0	0	0	0	12	11	11	1	3	0.196129449216106	1118	-0.5474127714766	0.70795240849465	0.947395492729033	0.25
KIAA1715	0	0	0	0	11	0	0	0	0	11	11	11	1	3	0.227272727272727	428	-0.35121537906483	0.637286613339198	0.947395492729033	0.272727272727273
KIAA2018	0	0	0	0	11	2	0	0	0	13	12	12	1	3	0.167444361176664	2245	-0.728123981908863	0.766731152698059	0.947395492729033	0.230769230769231
KIDINS220	2	0	0	0	15	3	0	0	0	20	19	19	2	5	0.217677669529664	1771	-0.411662622473402	0.65970663757949	0.947395492729033	0.25
KIF16B	0	0	0	0	16	0	0	0	0	16	16	16	1	2	0.125	1392	-0.995516289497835	0.840257387149385	0.947395492729033	0.125
KIF18A	0	0	1	0	7	1	0	1	0	10	9	9	1	3	0.277777777777778	898	-0.0330420899621112	0.51317948849207	0.947395492729033	0.3
KIF1A	0	1	0	0	28	4	0	1	0	34	32	32	1	2	0.0606060606060606	1791	-1.4011872331038	0.919420954479131	0.947395492729033	0.0588235294117647
KIF1C	0	0	0	0	7	1	0	0	0	8	7	7	2	4	0.5	1103	1.36692038208985	0.0858251312961253	0.947395492729033	0.5
KIF21A	1	0	0	0	22	3	0	1	0	27	24	24	2	5	0.181042568507175	1674	-0.642457572134328	0.739711935550265	0.947395492729033	0.185185185185185
KIF23	0	0	0	0	5	0	0	0	0	5	5	5	1	2	0.4	960	0.736937269666468	0.230580249046244	0.947395492729033	0.4
KIF26B	0	0	0	0	19	1	0	1	0	21	20	20	1	2	0.1	2108	-1.15301206760368	0.875547284318904	0.947395492729033	0.0952380952380952
KIF2B	1	1	0	0	54	4	0	0	0	60	53	53	3	8	0.114225889843221	673	-1.06339136399943	0.856197746253699	0.947395492729033	0.133333333333333
KIF2C	1	0	0	0	9	1	0	1	0	12	12	12	1	2	0.2	725	-0.523028955180298	0.699522948189084	0.947395492729033	0.166666666666667
KIF4B	1	0	0	0	32	0	0	0	0	33	29	29	2	4	0.121212121212121	1234	-1.01937928618054	0.845988531951828	0.947395492729033	0.121212121212121
KIF6	1	0	0	0	11	2	0	3	0	17	16	16	1	2	0.142857142857143	814	-0.883019305136517	0.811387079455669	0.947395492729033	0.117647058823529
KIF7	0	0	0	0	8	1	0	0	0	9	8	8	1	2	0.222222222222222	1343	-0.383032707975102	0.649152243691414	0.947395492729033	0.222222222222222
KIR3DL1	0	0	0	0	18	1	0	1	0	20	18	18	1	2	0.105263157894737	444	-1.11985506168666	0.868612234567941	0.947395492729033	0.1
KLB	0	0	1	0	14	1	0	0	0	16	15	15	1	2	0.125	1044	-0.995516289497835	0.840257387149385	0.947395492729033	0.125
KLF11	0	0	0	0	5	1	0	0	0	6	6	6	1	2	0.333333333333333	512	0.316948528050879	0.375641329376376	0.947395492729033	0.333333333333333
KLF17	2	0	0	0	9	0	0	0	0	11	9	9	1	3	0.246100616471504	389	-0.232602856686748	0.591965095581103	0.947395492729033	0.272727272727273
KLHL1	2	1	0	0	39	5	0	2	0	49	44	44	2	4	0.0851063829787234	748	-1.24683933966674	0.89377179368536	0.947395492729033	0.0816326530612245
KLHL34	2	0	0	0	8	1	0	0	0	11	11	11	1	2	0.181818181818182	644	-0.637571339257276	0.73812362125601	0.947395492729033	0.181818181818182
KLHL4	1	1	0	0	30	5	0	0	0	37	34	34	1	3	0.0675675675675676	720	-1.35733091487613	0.912661955700046	0.947395492729033	0.0810810810810811
KLHL5	1	0	0	0	8	1	0	2	0	12	12	12	1	2	0.2	755	-0.523028955180298	0.699522948189084	0.947395492729033	0.166666666666667
KLK6	1	0	0	0	7	2	0	0	0	10	9	9	2	4	0.4	244	0.736937269666468	0.230580249046244	0.947395492729033	0.4
KLK7	0	0	0	0	7	0	0	0	0	7	7	7	1	3	0.310968099328091	253	0.176051330763881	0.430126808022404	0.947395492729033	0.428571428571429
KLK8	1	0	0	0	11	0	0	0	0	12	12	12	1	2	0.166666666666667	305	-0.733023325988092	0.768227898675538	0.947395492729033	0.166666666666667
KLRD1	0	0	0	0	5	0	0	0	0	5	4	4	1	2	0.4	179	0.736937269666468	0.230580249046244	0.947395492729033	0.4
KMO	0	0	0	0	7	2	0	0	0	9	9	9	1	2	0.222222222222222	486	-0.383032707975102	0.649152243691414	0.947395492729033	0.222222222222222
KMT2C	2	2	0	0	71	4	0	2	0	81	68	68	3	10	0.102417598198351	4911	-1.13778160722782	0.872394156499479	0.947395492729033	0.123456790123457
KMT2E	0	0	0	0	11	0	0	0	0	11	10	10	1	2	0.181818181818182	1858	-0.637571339257276	0.73812362125601	0.947395492729033	0.181818181818182
KNG1	0	0	0	0	11	0	0	0	0	11	10	10	1	2	0.181818181818182	644	-0.637571339257276	0.73812362125601	0.947395492729033	0.181818181818182
KNSTRN	0	0	0	0	6	1	0	0	0	7	6	6	1	3	0.386729540169507	316	0.653335613793432	0.256769968784396	0.947395492729033	0.428571428571429
KRT2	0	0	0	0	11	1	0	0	0	12	10	10	1	3	0.225592231765546	639	-0.361802216965108	0.641250082334936	0.947395492729033	0.25
KRT26	0	1	0	0	9	0	0	0	0	10	10	10	1	3	0.225	468	-0.365533177074452	0.642643277054112	0.947395492729033	0.3
KRT33A	0	0	0	0	5	1	0	0	0	6	5	5	1	2	0.333333333333333	404	0.316948528050879	0.375641329376376	0.947395492729033	0.333333333333333
KRT37	1	0	0	0	13	2	0	0	0	16	15	15	1	3	0.140625	449	-0.897081428181681	0.815162266013947	0.947395492729033	0.1875
KRT38	0	0	0	0	12	2	0	0	0	14	13	13	1	2	0.142857142857143	456	-0.883019305136517	0.811387079455669	0.947395492729033	0.142857142857143
KRT6B	1	0	0	0	17	2	0	1	0	21	19	19	1	3	0.125	564	-0.995516289497835	0.840257387149385	0.947395492729033	0.142857142857143
KRT6C	0	0	0	0	3	1	0	2	0	6	5	5	1	2	0.5	564	1.36692038208985	0.0858251312961253	0.947395492729033	0.333333333333333
KRT72	0	0	0	0	9	3	0	1	0	13	12	12	1	2	0.166666666666667	511	-0.733023325988092	0.768227898675538	0.947395492729033	0.153846153846154
KRT78	0	0	0	0	5	0	0	0	0	5	4	4	1	3	0.435355339059327	520	0.959669935080259	0.168610679595096	0.947395492729033	0.6
KRT83	1	0	0	0	6	0	0	0	0	7	7	7	1	2	0.285714285714286	493	0.0169565697540304	0.493235631550558	0.947395492729033	0.285714285714286
KRTAP11-1	1	0	0	0	15	0	1	0	0	17	17	17	1	2	0.117647058823529	163	-1.04183857717603	0.851256737330424	0.947395492729033	0.117647058823529
KRTAP19-5	0	0	0	0	5	0	0	0	0	5	5	5	1	2	0.4	73	0.736937269666468	0.230580249046244	0.947395492729033	0.4
KRTAP19-6	1	0	0	0	3	2	0	0	0	6	6	6	1	2	0.333333333333333	59	0.316948528050879	0.375641329376376	0.947395492729033	0.333333333333333
KRTAP19-7	0	0	0	0	6	0	0	0	0	6	6	6	1	3	0.416666666666667	64	0.841934455070365	0.199912321466641	0.947395492729033	0.5
KRTAP24-1	1	0	0	0	16	1	0	0	0	18	17	17	1	3	0.125	254	-0.995516289497835	0.840257387149385	0.947395492729033	0.166666666666667
KRTAP26-1	0	0	0	0	7	1	0	0	0	8	7	7	1	2	0.25	210	-0.208037398968606	0.582400117012023	0.947395492729033	0.25
KRTAP6-2	0	0	0	0	10	0	0	0	0	10	8	8	1	3	0.25	63	-0.208037398968606	0.582400117012023	0.947395492729033	0.3
KRTAP8-1	0	0	0	0	5	0	0	0	0	5	5	5	1	2	0.4	64	0.736937269666468	0.230580249046244	0.947395492729033	0.4
KRTAP9-8	0	0	0	0	6	1	0	0	0	7	6	6	1	4	0.371936198656182	160	0.560140060496368	0.287691953679972	0.947395492729033	0.571428571428571
KYNU	0	0	0	0	14	3	0	0	0	17	14	14	1	2	0.117647058823529	465	-1.04183857717603	0.851256737330424	0.947395492729033	0.117647058823529
L1CAM	0	0	1	0	43	2	0	2	0	48	41	41	3	7	0.145806669156229	1257	-0.864437787555786	0.806326278892631	0.947395492729033	0.145833333333333
L1TD1	0	0	0	0	7	1	0	0	0	8	8	8	1	2	0.25	865	-0.208037398968606	0.582400117012023	0.947395492729033	0.25
L2HGDH	0	0	0	0	6	0	0	1	0	7	6	6	1	2	0.333333333333333	463	0.316948528050879	0.375641329376376	0.947395492729033	0.285714285714286
L3HYPDH	0	0	0	0	4	1	0	0	0	5	4	4	1	2	0.4	354	0.736937269666468	0.230580249046244	0.947395492729033	0.4
L3MBTL1	1	0	0	0	11	1	0	0	0	13	12	12	1	2	0.153846153846154	840	-0.813790391683398	0.792117479810598	0.947395492729033	0.153846153846154
LAMA2	2	0	0	0	68	7	0	2	0	79	63	63	5	15	0.152040347807617	3122	-0.825166664769298	0.795361511953769	0.947395492729033	0.189873417721519
LAMA4	1	0	0	0	36	3	0	3	0	43	40	40	1	2	0.05	1823	-1.46800362381537	0.928948380719197	0.947395492729033	0.0465116279069767
LAMB1	0	2	0	0	31	3	0	1	0	37	32	32	1	3	0.0751974105885152	1786	-1.30926419233975	0.904777562730596	0.947395492729033	0.0810810810810811
LAMB2	0	0	0	0	17	0	0	0	0	17	14	14	1	2	0.117647058823529	1798	-1.04183857717603	0.851256737330424	0.947395492729033	0.117647058823529
LAMB3	1	1	0	0	19	1	0	0	0	22	21	21	1	2	0.0909090909090909	1172	-1.21028325964217	0.886914890481703	0.947395492729033	0.0909090909090909
LAMB4	1	0	0	0	44	1	0	4	0	50	43	43	2	4	0.0869565217391304	1761	-1.23518377791977	0.891618942387074	0.947395492729033	0.08
LAMC1	0	0	0	0	22	2	0	2	0	26	25	25	2	4	0.166666666666667	1609	-0.733023325988092	0.768227898675538	0.947395492729033	0.153846153846154
LAMC2	0	0	0	0	13	0	0	0	0	13	12	12	1	2	0.153846153846154	1193	-0.813790391683398	0.792117479810598	0.947395492729033	0.153846153846154
LAMP1	0	0	0	0	5	1	0	0	0	6	6	6	1	2	0.333333333333333	417	0.316948528050879	0.375641329376376	0.947395492729033	0.333333333333333
LAMP3	0	0	0	0	6	0	0	0	0	6	5	5	1	2	0.333333333333333	416	0.316948528050879	0.375641329376376	0.947395492729033	0.333333333333333
LANCL2	0	1	0	0	7	0	0	0	0	8	8	8	2	4	0.5	450	1.36692038208985	0.0858251312961253	0.947395492729033	0.5
LARGE	0	0	0	0	11	2	0	2	0	15	14	14	2	5	0.346153846153846	756	0.397715593746185	0.345419920750597	0.947395492729033	0.333333333333333
LARP4B	0	0	1	0	12	2	0	1	0	16	14	14	1	2	0.133333333333333	738	-0.943017696795887	0.827164074419315	0.947395492729033	0.125
LCE1D	1	0	0	0	5	0	0	0	0	6	6	6	1	3	0.392258898432212	115	0.688169637073864	0.24567298098269	0.947395492729033	0.5
LCE1F	0	0	0	0	8	3	0	0	0	11	11	11	1	5	0.266070608663331	119	-0.106795278325974	0.542524303298268	0.947395492729033	0.454545454545455
LCE2B	1	0	0	0	6	1	0	0	0	8	7	7	1	2	0.25	111	-0.208037398968606	0.582400117012023	0.947395492729033	0.25
LCE2D	0	0	0	0	8	0	0	0	0	8	8	8	1	2	0.25	111	-0.208037398968606	0.582400117012023	0.947395492729033	0.25
LCT	2	0	0	0	39	1	0	0	0	42	36	36	1	4	0.0952380952380952	1927	-1.18301126343337	0.881597658233639	0.947395492729033	0.0952380952380952
LDB2	1	0	0	0	16	1	1	0	0	19	17	17	1	2	0.105263157894737	373	-1.11985506168666	0.868612234567941	0.947395492729033	0.105263157894737
LECT2	0	0	0	0	5	0	0	0	0	5	5	5	1	2	0.4	151	0.736937269666468	0.230580249046244	0.947395492729033	0.4
LEF1	0	0	0	0	15	0	0	1	0	16	15	15	1	2	0.133333333333333	399	-0.943017696795887	0.827164074419315	0.947395492729033	0.125
LELP1	0	0	0	0	5	2	0	0	0	7	7	7	1	4	0.487744794624728	99	1.28971465783283	0.0985748742084777	0.947395492729033	0.571428571428571
LEPR	0	0	0	0	21	5	0	0	0	26	25	25	1	2	0.0769230769230769	1165	-1.29839278585523	0.902923801572952	0.947395492729033	0.0769230769230769
LGR5	0	0	0	0	22	2	0	0	0	24	23	23	1	2	0.0833333333333333	907	-1.25800925300758	0.895805795049592	0.947395492729033	0.0833333333333333
LGR6	1	0	0	0	15	0	0	1	0	17	17	17	2	4	0.25	967	-0.208037398968606	0.582400117012023	0.947395492729033	0.235294117647059
LHFPL1	0	0	0	0	8	0	0	0	0	8	8	8	1	2	0.25	220	-0.208037398968606	0.582400117012023	0.947395492729033	0.25
LHFPL5	0	0	0	0	6	0	0	0	0	6	5	5	1	3	0.392258898432212	219	0.688169637073864	0.24567298098269	0.947395492729033	0.5
LHX3	0	0	0	0	5	0	0	0	0	5	5	5	1	2	0.4	402	0.736937269666468	0.230580249046244	0.947395492729033	0.4
LHX8	1	0	0	0	13	2	0	1	0	17	16	16	1	3	0.180473785412436	356	-0.646040809577499	0.740873536693647	0.947395492729033	0.176470588235294
LHX9	0	0	0	0	9	0	0	0	0	9	9	9	1	2	0.222222222222222	397	-0.383032707975102	0.649152243691414	0.947395492729033	0.222222222222222
LILRA3	0	1	0	0	16	0	0	0	0	17	15	15	2	4	0.235294117647059	439	-0.300681974324986	0.618171492261725	0.947395492729033	0.235294117647059
LILRB4	1	1	0	0	16	1	0	0	1	20	20	20	1	2	0.105263157894737	448	-1.11985506168666	0.868612234567941	0.947395492729033	0.1
LIMA1	0	0	0	0	8	0	0	1	0	9	7	7	1	2	0.25	760	-0.208037398968606	0.582400117012023	0.947395492729033	0.222222222222222
LIN7A	2	1	0	0	5	1	0	0	0	9	9	9	1	2	0.222222222222222	233	-0.383032707975102	0.649152243691414	0.947395492729033	0.222222222222222
LINGO2	0	0	0	0	17	1	0	0	0	18	17	17	1	2	0.111111111111111	606	-1.08301394400108	0.860598883080141	0.947395492729033	0.111111111111111
LIPG	1	1	0	0	8	2	0	1	0	13	12	12	1	2	0.166666666666667	500	-0.733023325988092	0.768227898675538	0.947395492729033	0.153846153846154
LIPN	0	0	0	0	5	0	0	0	0	5	5	5	1	2	0.4	398	0.736937269666468	0.230580249046244	0.947395492729033	0.4
LMBRD1	0	0	0	0	7	2	0	0	0	9	8	8	1	3	0.333333333333333	540	0.316948528050879	0.375641329376376	0.947395492729033	0.333333333333333
LMNB2	0	0	0	0	6	0	0	0	0	6	6	6	1	2	0.333333333333333	620	0.316948528050879	0.375641329376376	0.947395492729033	0.333333333333333
LPA	1	0	0	0	42	4	0	4	1	52	45	45	3	9	0.174619293216735	2040	-0.682923121728563	0.752672288688521	0.947395492729033	0.173076923076923
LPCAT1	0	0	0	0	9	0	0	0	0	9	9	9	1	2	0.222222222222222	534	-0.383032707975102	0.649152243691414	0.947395492729033	0.222222222222222
LPHN2	1	0	0	0	36	3	0	1	0	41	37	37	2	4	0.1	1403	-1.15301206760368	0.875547284318904	0.947395492729033	0.0975609756097561
LPHN3	5	0	0	0	58	3	0	4	1	71	63	63	2	7	0.101622830017978	1469	-1.14278851254708	0.873436795286653	0.947395492729033	0.0985915492957746
LPO	1	0	1	0	6	0	0	0	0	8	8	8	1	2	0.25	712	-0.208037398968606	0.582400117012023	0.947395492729033	0.25
LPP	1	0	0	0	10	1	0	1	0	13	13	13	1	2	0.166666666666667	612	-0.733023325988092	0.768227898675538	0.947395492729033	0.153846153846154
LPPR4	2	0	0	0	56	4	0	1	0	63	54	54	5	16	0.193345755920588	763	-0.564949569140026	0.713945966738151	0.947395492729033	0.253968253968254
LRCH2	0	0	0	0	5	0	0	0	0	5	4	4	1	2	0.4	765	0.736937269666468	0.230580249046244	0.947395492729033	0.4
LRFN2	1	0	2	0	26	0	0	0	0	29	27	27	1	2	0.0689655172413793	789	-1.34852406801094	0.911255057780453	0.947395492729033	0.0689655172413793
LRFN5	1	0	0	0	39	6	0	0	0	46	45	45	3	7	0.134277754245579	719	-0.937068004538544	0.825638210870291	0.947395492729033	0.152173913043478
LRIT2	1	0	0	0	15	1	0	0	0	17	14	14	2	4	0.235294117647059	550	-0.300681974324986	0.618171492261725	0.947395492729033	0.235294117647059
LRP1	0	1	0	0	44	2	0	1	0	48	42	42	2	4	0.0851063829787234	4544	-1.24683933966674	0.89377179368536	0.947395492729033	0.0833333333333333
LRP1B	7	4	0	0	254	20	0	12	0	297	176	176	12	30	0.090820643777134	4599	-1.21084046163692	0.887021722671687	0.947395492729033	0.101010101010101
LRP4	0	0	0	0	25	0	0	1	0	26	22	22	2	4	0.16	1905	-0.775022200149651	0.780836729214767	0.947395492729033	0.153846153846154
LRRC15	0	0	0	0	15	0	0	0	0	15	14	14	1	2	0.133333333333333	587	-0.943017696795887	0.827164074419315	0.947395492729033	0.133333333333333
LRRC16B	0	0	0	0	16	0	0	1	0	17	17	17	1	2	0.125	1372	-0.995516289497835	0.840257387149385	0.947395492729033	0.117647058823529
LRRC28	0	0	0	0	6	0	0	0	0	6	5	5	1	2	0.333333333333333	367	0.316948528050879	0.375641329376376	0.947395492729033	0.333333333333333
LRRC32	1	1	0	0	19	2	0	0	0	23	22	22	2	6	0.200154495243186	662	-0.52205566123873	0.699184211749396	0.947395492729033	0.260869565217391
LRRC36	0	0	0	0	5	0	0	0	0	5	5	5	1	2	0.4	754	0.736937269666468	0.230580249046244	0.947395492729033	0.4
LRRC4C	2	0	0	0	44	4	0	0	0	50	41	41	2	5	0.1	640	-1.15301206760368	0.875547284318904	0.947395492729033	0.1
LRRC7	3	2	0	0	75	9	0	5	0	94	77	77	5	14	0.130717791870598	1537	-0.959495166309553	0.831345323208189	0.947395492729033	0.148936170212766
LRRFIP2	0	0	0	0	7	1	0	0	0	8	7	7	1	2	0.25	721	-0.208037398968606	0.582400117012023	0.947395492729033	0.25
LRRIQ1	1	1	0	0	49	6	0	0	0	57	50	50	4	10	0.155325498080584	1722	-0.80447077283188	0.789437428876337	0.947395492729033	0.175438596491228
LRRIQ3	1	1	0	0	27	4	0	0	0	33	29	29	2	6	0.147077375472523	624	-0.856432552354635	0.804120717314499	0.947395492729033	0.181818181818182
LRRN2	3	0	0	0	16	1	0	0	0	20	18	18	1	2	0.1	713	-1.15301206760368	0.875547284318904	0.947395492729033	0.1
LRRN3	1	0	0	0	18	0	0	0	0	19	17	17	1	2	0.105263157894737	708	-1.11985506168666	0.868612234567941	0.947395492729033	0.105263157894737
LRRTM1	0	0	0	0	22	0	0	0	0	22	21	21	1	2	0.0909090909090909	522	-1.21028325964217	0.886914890481703	0.947395492729033	0.0909090909090909
LRRTM3	1	0	0	0	15	2	0	1	1	20	19	19	1	3	0.125	581	-0.995516289497835	0.840257387149385	0.947395492729033	0.15
LRRTM4	2	0	0	0	52	4	0	0	0	58	50	50	1	3	0.0375306326775282	590	-1.54655853217298	0.939015132193556	0.947395492729033	0.0517241379310345
LRTM2	0	1	0	0	12	0	0	0	0	13	13	13	1	2	0.153846153846154	370	-0.813790391683398	0.792117479810598	0.947395492729033	0.153846153846154
LSS	0	0	0	0	10	1	0	0	0	11	11	11	1	2	0.181818181818182	732	-0.637571339257276	0.73812362125601	0.947395492729033	0.181818181818182
LTBP1	1	0	0	0	46	4	0	4	0	55	49	49	1	2	0.0392156862745098	1721	-1.53594297907672	0.937723817065507	0.947395492729033	0.0363636363636364
LTN1	2	1	0	0	13	1	0	5	0	22	18	18	1	2	0.117647058823529	1812	-1.04183857717603	0.851256737330424	0.947395492729033	0.0909090909090909
LY75-CD302	0	0	0	0	22	2	0	0	0	24	20	20	1	4	0.166666666666667	1873	-0.733023325988092	0.768227898675538	0.947395492729033	0.166666666666667
LYAR	0	0	0	0	6	2	0	0	0	8	8	8	1	2	0.25	379	-0.208037398968606	0.582400117012023	0.947395492729033	0.25
LYST	1	1	0	0	46	2	0	1	1	52	48	48	1	2	0.04	3801	-1.53100193505771	0.937115542796203	0.947395492729033	0.0384615384615385
MAEL	0	0	0	0	8	2	0	1	0	11	9	9	1	2	0.2	434	-0.523028955180298	0.699522948189084	0.947395492729033	0.181818181818182
MAGEA10	0	0	0	0	12	1	0	0	0	13	13	13	1	2	0.153846153846154	369	-0.813790391683398	0.792117479810598	0.947395492729033	0.153846153846154
MAGEA11	0	0	0	0	11	2	0	0	0	13	11	11	1	2	0.153846153846154	429	-0.813790391683398	0.792117479810598	0.947395492729033	0.153846153846154
MAGEA4	0	0	0	0	12	2	0	0	0	14	14	14	1	2	0.142857142857143	317	-0.883019305136517	0.811387079455669	0.947395492729033	0.142857142857143
MAGEB18	0	0	0	0	16	1	0	0	0	17	16	16	3	7	0.363339805605685	343	0.505984236000697	0.306433858088041	0.947395492729033	0.411764705882353
MAGEB2	1	0	0	0	14	0	0	0	0	15	15	15	1	2	0.133333333333333	319	-0.943017696795887	0.827164074419315	0.947395492729033	0.133333333333333
MAGEB3	0	0	0	0	11	0	0	0	0	11	10	10	1	2	0.181818181818182	346	-0.637571339257276	0.73812362125601	0.947395492729033	0.181818181818182
MAGEB4	1	0	0	0	17	3	0	0	0	21	20	20	2	4	0.19047619047619	346	-0.583027346839668	0.720062554548934	0.947395492729033	0.19047619047619
MAGEC1	2	0	0	0	49	4	0	1	0	56	50	50	2	5	0.0772727272727273	1142	-1.2961900476999	0.902544991263752	0.947395492729033	0.0892857142857143
MAGEC2	0	0	0	0	27	0	0	0	0	27	25	25	2	9	0.256547285010987	373	-0.166790609077164	0.566232595973922	0.947395492729033	0.333333333333333
MAGEC3	0	0	0	0	23	2	0	0	0	25	22	22	3	7	0.247071067811865	643	-0.226489177128186	0.589589512024049	0.947395492729033	0.28
MAGED2	2	0	0	0	9	1	0	1	0	13	12	12	1	2	0.166666666666667	606	-0.733023325988092	0.768227898675538	0.947395492729033	0.153846153846154
MAGEE1	0	0	0	0	19	1	0	0	0	20	19	19	1	2	0.1	957	-1.15301206760368	0.875547284318904	0.947395492729033	0.1
MAGEL2	1	0	0	0	21	1	0	0	0	23	22	22	2	4	0.173913043478261	1249	-0.687372375812485	0.754075949614719	0.947395492729033	0.173913043478261
MAGI2	0	1	0	0	26	2	0	1	1	31	29	29	2	5	0.144026782596436	1455	-0.875650772302779	0.809390042595105	0.947395492729033	0.161290322580645
MAGT1	0	0	0	0	8	0	0	0	0	8	8	8	1	2	0.25	367	-0.208037398968606	0.582400117012023	0.947395492729033	0.25
MANBA	1	0	0	0	11	0	0	0	0	12	12	12	1	2	0.166666666666667	879	-0.733023325988092	0.768227898675538	0.947395492729033	0.166666666666667
MAP2K1	0	0	1	0	7	1	0	0	0	9	9	9	1	3	0.25	393	-0.208037398968606	0.582400117012023	0.947395492729033	0.333333333333333
MAP3K13	0	0	0	0	7	4	0	1	0	12	12	12	1	2	0.181818181818182	966	-0.637571339257276	0.73812362125601	0.947395492729033	0.166666666666667
MAPT	1	0	0	0	13	0	0	0	0	14	14	14	1	2	0.142857142857143	776	-0.883019305136517	0.811387079455669	0.947395492729033	0.142857142857143
MARCH1	1	0	0	0	12	1	0	0	0	14	13	13	2	7	0.432904297984273	289	0.944228790228855	0.172526373007872	0.947395492729033	0.5
MARCH11	1	0	0	0	14	0	0	2	0	17	17	17	1	3	0.166666666666667	402	-0.733023325988092	0.768227898675538	0.947395492729033	0.176470588235294
MARCH6	0	0	0	0	12	0	0	1	0	13	12	12	1	2	0.166666666666667	910	-0.733023325988092	0.768227898675538	0.947395492729033	0.153846153846154
MARCO	0	0	0	0	20	2	0	0	0	22	20	20	3	7	0.280762577058938	520	-0.0142383585510668	0.50568009130726	0.947395492729033	0.318181818181818
MARS2	0	0	0	0	7	3	0	0	0	10	8	8	1	2	0.2	593	-0.523028955180298	0.699522948189084	0.947395492729033	0.2
MASP1	1	0	0	0	18	3	0	0	0	22	21	21	1	2	0.0909090909090909	728	-1.21028325964217	0.886914890481703	0.947395492729033	0.0909090909090909
MASP2	0	0	0	0	8	1	0	0	0	9	9	9	1	2	0.222222222222222	686	-0.383032707975102	0.649152243691414	0.947395492729033	0.222222222222222
MAST1	0	0	0	0	12	1	0	1	0	14	13	13	1	2	0.153846153846154	1570	-0.813790391683398	0.792117479810598	0.947395492729033	0.142857142857143
MB21D2	0	0	0	0	10	1	0	0	0	11	11	11	1	4	0.363636363636364	491	0.507852501512511	0.305778393690641	0.947395492729033	0.363636363636364
MC2R	0	0	0	0	10	1	1	0	0	12	12	12	1	2	0.166666666666667	297	-0.733023325988092	0.768227898675538	0.947395492729033	0.166666666666667
MC3R	0	0	0	0	13	1	0	0	0	14	13	13	2	5	0.321428571428571	323	0.241950538476667	0.404409244599003	0.947395492729033	0.357142857142857
MCF2	0	0	1	0	20	2	0	1	0	24	21	21	2	4	0.173913043478261	1001	-0.687372375812485	0.754075949614719	0.947395492729033	0.166666666666667
MCF2L2	0	0	0	0	15	2	0	0	0	17	17	17	1	3	0.132352941176471	1114	-0.949194001819645	0.828739024160019	0.947395492729033	0.176470588235294
MCM10	1	0	0	0	12	0	0	1	0	14	13	13	1	2	0.153846153846154	875	-0.813790391683398	0.792117479810598	0.947395492729033	0.142857142857143
MCM5	0	0	0	0	9	2	0	1	0	12	11	11	1	2	0.181818181818182	734	-0.637571339257276	0.73812362125601	0.947395492729033	0.166666666666667
MCOLN3	0	0	0	0	7	1	0	0	0	8	7	7	1	2	0.25	553	-0.208037398968606	0.582400117012023	0.947395492729033	0.25
MCPH1	0	1	0	0	8	0	0	0	0	9	9	9	1	2	0.222222222222222	835	-0.383032707975102	0.649152243691414	0.947395492729033	0.222222222222222
MCRS1	0	0	0	0	5	0	0	0	0	5	4	4	1	2	0.4	475	0.736937269666468	0.230580249046244	0.947395492729033	0.4
MDGA2	1	0	0	0	33	7	0	1	0	42	35	35	3	7	0.158536585365854	1025	-0.784241465209505	0.783550780624194	0.947395492729033	0.166666666666667
MDM1	0	1	0	0	10	0	0	0	0	11	10	10	1	4	0.363636363636364	715	0.507852501512511	0.305778393690641	0.947395492729033	0.363636363636364
ME2	0	0	0	0	8	0	0	0	0	8	8	8	1	2	0.25	584	-0.208037398968606	0.582400117012023	0.947395492729033	0.25
MED12	0	1	0	0	38	4	0	1	0	44	38	38	3	6	0.13953488372093	2177	-0.903948976645599	0.816988771327348	0.947395492729033	0.136363636363636
MED13L	0	0	0	0	25	1	0	1	0	27	22	22	2	4	0.153846153846154	2210	-0.813790391683398	0.792117479810598	0.947395492729033	0.148148148148148
MED23	0	1	0	0	11	1	0	2	0	15	15	15	2	4	0.307692307692308	1368	0.155414396660269	0.438247317585095	0.947395492729033	0.266666666666667
MEFV	2	0	0	0	17	1	0	0	0	20	19	19	2	5	0.2125	781	-0.444281066127375	0.671580305757407	0.947395492729033	0.25
MEGF8	1	0	0	0	21	0	0	0	0	22	19	19	1	2	0.0909090909090909	2778	-1.21028325964217	0.886914890481703	0.947395492729033	0.0909090909090909
METTL17	0	0	0	0	6	0	0	1	0	7	6	6	1	2	0.333333333333333	478	0.316948528050879	0.375641329376376	0.947395492729033	0.285714285714286
MFN2	0	0	0	0	6	1	0	1	0	8	8	8	1	2	0.285714285714286	757	0.0169565697540304	0.493235631550558	0.947395492729033	0.25
MFSD2A	1	0	0	0	4	0	0	2	0	7	7	7	1	2	0.4	543	0.736937269666468	0.230580249046244	0.947395492729033	0.285714285714286
MGAM	0	0	0	0	46	3	0	1	0	50	49	49	1	2	0.0408163265306122	1857	-1.52585921577262	0.936477535199989	0.947395492729033	0.04
MGAT4B	1	0	0	0	7	1	0	0	0	9	7	7	1	3	0.300789642354061	563	0.111928770722211	0.455439942099142	0.947395492729033	0.333333333333333
MGAT4C	1	0	0	0	17	1	0	0	0	19	19	19	2	7	0.291070004520522	478	0.0506966937821996	0.479783605621462	0.947395492729033	0.368421052631579
MICAL2	0	0	0	0	11	0	0	0	0	11	11	11	1	2	0.181818181818182	1124	-0.637571339257276	0.73812362125601	0.947395492729033	0.181818181818182
MICAL3	1	0	0	0	25	1	0	1	0	28	26	26	1	3	0.10026321411802	2002	-1.15135386311064	0.875206656862532	0.947395492729033	0.107142857142857
MIOS	1	0	0	0	12	2	0	0	0	15	15	15	1	2	0.133333333333333	875	-0.943017696795887	0.827164074419315	0.947395492729033	0.133333333333333
MIPEP	0	0	0	0	5	0	0	0	0	5	4	4	1	2	0.4	713	0.736937269666468	0.230580249046244	0.947395492729033	0.4
MKRN3	2	0	0	0	22	0	0	0	0	24	24	24	1	4	0.13236569563736	507	-0.949113650869962	0.828718593864265	0.947395492729033	0.166666666666667
MME	0	1	0	0	15	0	0	2	0	18	15	15	1	2	0.125	750	-0.995516289497835	0.840257387149385	0.947395492729033	0.111111111111111
MMP16	3	0	0	0	47	2	0	2	0	54	47	47	4	14	0.215521284253587	607	-0.425247485551467	0.664671864356428	0.947395492729033	0.259259259259259
MMP17	0	0	0	0	9	0	0	1	0	10	10	10	1	2	0.222222222222222	603	-0.383032707975102	0.649152243691414	0.947395492729033	0.2
MMP19	0	0	0	0	9	0	0	0	0	9	8	8	1	2	0.222222222222222	508	-0.383032707975102	0.649152243691414	0.947395492729033	0.222222222222222
MMP2	0	0	0	0	18	4	0	0	0	22	20	20	1	3	0.113636363636364	660	-1.06710527954595	0.857037850975727	0.947395492729033	0.136363636363636
MMP3	1	0	0	0	6	0	0	0	0	7	7	7	1	2	0.285714285714286	477	0.0169565697540304	0.493235631550558	0.947395492729033	0.285714285714286
MMRN1	2	0	0	0	47	3	0	0	0	52	45	45	3	7	0.128982822715126	1228	-0.970425178994779	0.834082698447521	0.947395492729033	0.134615384615385
MNDA	0	0	0	0	18	2	0	0	0	20	18	18	2	5	0.2125	407	-0.444281066127375	0.671580305757407	0.947395492729033	0.25
MOGAT2	0	0	0	0	8	0	0	0	0	8	7	7	1	2	0.25	334	-0.208037398968606	0.582400117012023	0.947395492729033	0.25
MOV10L1	1	0	0	0	10	2	0	0	0	13	13	13	1	3	0.192307692307692	1211	-0.571489194597481	0.716165958581153	0.947395492729033	0.230769230769231
MPO	1	0	0	0	15	1	0	0	0	17	17	17	1	2	0.117647058823529	745	-1.04183857717603	0.851256737330424	0.947395492729033	0.117647058823529
MPPED1	0	1	0	0	10	1	0	0	0	12	12	12	1	3	0.1875	326	-0.601776844233221	0.726338654650208	0.947395492729033	0.25
MPPED2	0	0	0	0	22	1	0	0	0	23	20	20	1	2	0.0869565217391304	294	-1.23518377791977	0.891618942387074	0.947395492729033	0.0869565217391304
MRC2	0	0	0	0	17	2	0	0	0	19	17	17	1	2	0.105263157894737	1479	-1.11985506168666	0.868612234567941	0.947395492729033	0.105263157894737
MRGBP	0	0	0	0	7	0	0	0	0	7	7	7	1	2	0.285714285714286	204	0.0169565697540304	0.493235631550558	0.947395492729033	0.285714285714286
MRGPRF	1	0	0	0	2	2	0	0	0	5	5	5	1	4	0.506066017177982	343	1.40513526590784	0.0799905295529897	0.947395492729033	0.8
MRGPRX3	0	0	0	0	6	2	1	0	0	9	8	8	2	4	0.444444444444444	322	1.01692976407686	0.154593421451912	0.947395492729033	0.444444444444444
MRGPRX4	0	0	0	0	14	1	0	0	0	15	14	14	1	2	0.133333333333333	322	-0.943017696795887	0.827164074419315	0.947395492729033	0.133333333333333
MRM1	0	0	0	0	5	0	0	0	0	5	5	5	1	2	0.4	353	0.736937269666468	0.230580249046244	0.947395492729033	0.4
MRPL3	0	0	0	0	3	1	0	1	0	5	3	3	1	2	0.5	348	1.36692038208985	0.0858251312961253	0.947395492729033	0.4
MRPS15	0	0	0	0	5	1	0	0	0	6	5	5	2	5	0.708333333333333	257	2.67938519963857	0.00368787450228936	0.947395492729033	0.833333333333333
MRPS17	0	0	0	0	7	0	0	1	0	8	7	7	1	2	0.285714285714286	130	0.0169565697540304	0.493235631550558	0.947395492729033	0.25
MS4A14	1	0	0	0	25	2	0	0	0	28	28	28	2	5	0.149170596260594	712	-0.843245614884054	0.800454453995472	0.947395492729033	0.178571428571429
MS4A2	0	0	0	0	7	1	0	0	0	8	7	7	1	2	0.25	244	-0.208037398968606	0.582400117012023	0.947395492729033	0.25
MS4A3	1	0	0	0	10	1	0	0	1	13	10	10	2	5	0.362796115882773	214	0.502559082562372	0.307637151634592	0.947395492729033	0.384615384615385
MSGN1	0	0	0	0	8	0	0	0	0	8	7	7	1	2	0.25	193	-0.208037398968606	0.582400117012023	0.947395492729033	0.25
MSH2	0	0	0	0	9	1	0	0	0	10	8	8	1	2	0.2	934	-0.523028955180298	0.699522948189084	0.947395492729033	0.2
MSR1	1	0	0	0	7	1	0	2	0	11	9	9	1	3	0.277777777777778	451	-0.0330420899621112	0.51317948849207	0.947395492729033	0.272727272727273
MST1R	0	0	0	0	7	2	0	0	0	9	9	9	1	2	0.222222222222222	1400	-0.383032707975102	0.649152243691414	0.947395492729033	0.222222222222222
MTIF2	0	1	0	0	3	1	0	0	0	5	4	4	1	2	0.4	727	0.736937269666468	0.230580249046244	0.947395492729033	0.4
MTMR1	0	0	0	0	7	3	0	0	0	10	10	10	1	3	0.217677669529664	665	-0.411662622473402	0.65970663757949	0.947395492729033	0.3
MTMR8	0	0	0	0	16	0	0	0	0	16	16	16	1	3	0.15625	704	-0.798646566865528	0.787752311052866	0.947395492729033	0.1875
MTNR1A	1	0	0	0	13	1	0	0	0	15	15	15	2	4	0.266666666666667	350	-0.103040213564709	0.541034472506738	0.947395492729033	0.266666666666667
MTNR1B	0	0	0	0	12	2	0	0	0	14	12	12	1	2	0.142857142857143	362	-0.883019305136517	0.811387079455669	0.947395492729033	0.142857142857143
MTR	0	1	0	0	17	2	0	0	0	20	18	18	1	2	0.1	1265	-1.15301206760368	0.875547284318904	0.947395492729033	0.1
MUC16	8	4	0	0	338	30	0	4	0	384	216	216	7	14	0.0368421052631579	14507	-1.55089613860792	0.939536712026363	0.947395492729033	0.0364583333333333
MUC17	2	2	0	0	131	3	0	2	0	140	103	103	4	9	0.0630949766752648	4493	-1.38550748218542	0.917051326882979	0.947395492729033	0.0642857142857143
MUC5B	5	0	0	0	64	3	0	1	0	73	57	57	3	7	0.0972222222222222	5762	-1.17051159850433	0.879102425319579	0.947395492729033	0.0958904109589041
MXRA5	1	0	0	0	91	6	0	0	0	98	77	77	6	17	0.137317416134557	2828	-0.917918647963216	0.820669270997455	0.947395492729033	0.173469387755102
MYBL2	0	0	0	0	11	0	0	0	0	11	11	11	1	2	0.181818181818182	700	-0.637571339257276	0.73812362125601	0.947395492729033	0.181818181818182
MYF5	2	0	0	0	11	2	0	0	0	15	13	13	2	4	0.266666666666667	255	-0.103040213564709	0.541034472506738	0.947395492729033	0.266666666666667
MYH11	0	0	0	0	23	4	0	0	0	27	26	26	1	2	0.0740740740740741	1979	-1.31634102267641	0.905970196064814	0.947395492729033	0.0740740740740741
MYH2	0	0	0	0	65	10	0	1	0	76	64	64	4	10	0.126666666666667	1941	-0.985016570957445	0.837692034312236	0.947395492729033	0.131578947368421
MYH3	1	0	0	0	31	3	0	1	0	36	33	33	1	2	0.0571428571428571	1940	-1.42300483007085	0.922632622465973	0.947395492729033	0.0555555555555556
MYH4	2	0	0	0	40	7	0	1	0	50	45	45	1	2	0.0408163265306122	1939	-1.52585921577262	0.936477535199989	0.947395492729033	0.04
MYH7	2	0	0	0	54	6	0	1	0	63	55	55	6	14	0.210655809222255	1935	-0.455899156588037	0.675768751973195	0.947395492729033	0.222222222222222
MYH9	0	1	0	0	14	2	0	0	0	17	17	17	2	4	0.235294117647059	1960	-0.300681974324986	0.618171492261725	0.947395492729033	0.235294117647059
MYLIP	0	0	0	0	6	2	0	0	0	8	8	8	1	2	0.25	445	-0.208037398968606	0.582400117012023	0.947395492729033	0.25
MYO16	0	0	0	0	37	2	0	0	0	39	35	35	1	2	0.0512820512820513	1880	-1.45992691724584	0.927844919719152	0.947395492729033	0.0512820512820513
MYO1A	1	0	0	0	10	0	0	0	0	11	10	10	1	2	0.181818181818182	1043	-0.637571339257276	0.73812362125601	0.947395492729033	0.181818181818182
MYO1F	0	0	0	0	9	0	0	0	0	9	9	9	1	2	0.222222222222222	1098	-0.383032707975102	0.649152243691414	0.947395492729033	0.222222222222222
MYO1G	0	0	0	0	12	1	0	0	0	13	13	13	1	2	0.153846153846154	1018	-0.813790391683398	0.792117479810598	0.947395492729033	0.153846153846154
MYO3A	2	2	0	0	34	2	0	2	0	42	36	36	1	3	0.0625	1616	-1.38925573476245	0.917622500473754	0.947395492729033	0.0714285714285714
MYO6	1	0	0	0	7	2	0	0	0	10	9	9	1	2	0.2	1285	-0.523028955180298	0.699522948189084	0.947395492729033	0.2
MYO7A	0	0	0	0	24	3	0	0	0	27	22	22	1	2	0.0740740740740741	2215	-1.31634102267641	0.905970196064814	0.947395492729033	0.0740740740740741
MYO7B	1	0	0	0	41	4	0	1	0	47	41	41	1	2	0.0434782608695652	2116	-1.50908947897342	0.934362041073205	0.947395492729033	0.0425531914893617
MYO9A	1	0	0	0	14	3	0	1	0	19	18	18	1	2	0.111111111111111	2548	-1.08301394400108	0.860598883080141	0.947395492729033	0.105263157894737
MYO9B	0	0	0	0	11	2	0	1	0	14	13	13	2	4	0.307692307692308	2157	0.155414396660269	0.438247317585095	0.947395492729033	0.285714285714286
MYOC	0	0	0	0	16	0	0	0	0	16	16	16	1	2	0.125	504	-0.995516289497835	0.840257387149385	0.947395492729033	0.125
MYOF	1	0	0	0	18	3	0	1	0	23	19	19	1	2	0.0909090909090909	2061	-1.21028325964217	0.886914890481703	0.947395492729033	0.0869565217391304
MYOM2	0	0	0	0	32	3	0	1	0	36	32	32	1	2	0.0571428571428571	1465	-1.42300483007085	0.922632622465973	0.947395492729033	0.0555555555555556
MYT1	0	0	0	0	16	3	0	4	0	23	23	23	1	2	0.105263157894737	1121	-1.11985506168666	0.868612234567941	0.947395492729033	0.0869565217391304
MYT1L	2	0	0	0	36	1	0	2	0	41	38	38	3	9	0.184797609774014	1184	-0.618801446288712	0.731976415337617	0.947395492729033	0.219512195121951
N4BP1	0	1	0	0	8	1	0	0	0	10	10	10	1	2	0.2	896	-0.523028955180298	0.699522948189084	0.947395492729033	0.2
N6AMT1	0	0	0	0	5	0	0	0	0	5	5	5	1	2	0.4	214	0.736937269666468	0.230580249046244	0.947395492729033	0.4
NAA15	0	0	0	0	7	0	0	3	0	10	7	7	1	2	0.285714285714286	866	0.0169565697540304	0.493235631550558	0.947395492729033	0.2
NAALAD2	1	0	0	0	16	4	0	0	0	21	20	20	1	3	0.103656033109364	740	-1.12997967643008	0.870757605828273	0.947395492729033	0.142857142857143
NALCN	3	0	0	0	81	6	0	5	0	95	75	75	10	25	0.243154260849813	1738	-0.251164399535339	0.59915649623125	0.947395492729033	0.263157894736842
NAMPT	0	0	0	0	5	2	0	0	0	7	6	6	1	2	0.285714285714286	491	0.0169565697540304	0.493235631550558	0.947395492729033	0.285714285714286
NAP1L2	0	0	0	0	9	1	0	0	0	10	10	10	1	2	0.2	460	-0.523028955180298	0.699522948189084	0.947395492729033	0.2
NAV2	1	0	0	0	28	3	0	2	0	34	30	30	1	2	0.0625	2488	-1.38925573476245	0.917622500473754	0.947395492729033	0.0588235294117647
NAV3	7	0	0	0	118	4	0	3	0	132	104	104	7	17	0.117081809229405	2363	-1.04539955416205	0.852080828657215	0.947395492729033	0.128787878787879
NBEA	1	0	0	0	36	3	0	1	0	41	38	38	1	2	0.05	2946	-1.46800362381537	0.928948380719197	0.947395492729033	0.0487804878048781
NBPF10	0	0	0	0	17	2	0	0	0	19	18	18	2	4	0.210526315789474	3553	-0.456714943346258	0.676062025695289	0.947395492729033	0.210526315789474
NBPF14	0	0	0	0	11	1	0	1	0	13	12	12	1	2	0.166666666666667	921	-0.733023325988092	0.768227898675538	0.947395492729033	0.153846153846154
NCAM1	0	1	0	0	25	2	0	0	0	28	23	23	2	5	0.151785714285714	884	-0.826770812955858	0.795816511955942	0.947395492729033	0.178571428571429
NCAN	1	0	0	0	21	3	0	1	0	26	26	26	1	3	0.09	1321	-1.21601037884602	0.888009515829419	0.947395492729033	0.115384615384615
NCKAP1L	2	0	0	0	15	1	0	0	0	18	18	18	1	2	0.111111111111111	1127	-1.08301394400108	0.860598883080141	0.947395492729033	0.111111111111111
NCKAP5	0	0	0	0	57	5	0	3	0	65	59	59	2	4	0.0645161290322581	1909	-1.37655446233456	0.91567498095019	0.947395492729033	0.0615384615384615
NCKAP5L	1	0	0	0	10	2	0	1	0	14	13	13	1	2	0.153846153846154	1335	-0.813790391683398	0.792117479810598	0.947395492729033	0.142857142857143
NCL	0	0	0	0	10	0	0	0	0	10	7	7	1	4	0.4	710	0.736937269666468	0.230580249046244	0.947395492729033	0.4
NCOA2	1	0	0	0	19	0	0	0	0	20	20	20	1	2	0.1	1464	-1.15301206760368	0.875547284318904	0.947395492729033	0.1
NCOR2	0	1	0	0	30	1	0	1	0	33	29	29	1	2	0.0625	2514	-1.38925573476245	0.917622500473754	0.947395492729033	0.0606060606060606
NCR1	1	0	0	0	7	1	0	0	1	10	10	10	1	2	0.222222222222222	304	-0.383032707975102	0.649152243691414	0.947395492729033	0.2
NDE1	0	0	0	0	4	1	2	0	0	7	6	6	1	2	0.285714285714286	335	0.0169565697540304	0.493235631550558	0.947395492729033	0.285714285714286
NDRG2	1	0	0	0	5	0	0	0	0	6	6	6	1	2	0.333333333333333	371	0.316948528050879	0.375641329376376	0.947395492729033	0.333333333333333
NDST3	0	0	0	0	10	0	0	1	0	11	11	11	1	2	0.2	873	-0.523028955180298	0.699522948189084	0.947395492729033	0.181818181818182
NDST4	0	1	0	0	32	1	1	0	0	35	32	32	1	3	0.0857142857142857	872	-1.24300965509274	0.893067862204681	0.947395492729033	0.0857142857142857
NEB	3	1	0	0	71	4	0	5	0	84	66	66	4	11	0.123642619657802	8560	-1.00406755642504	0.842326973944581	0.947395492729033	0.130952380952381
NEDD4	0	0	0	0	16	0	0	0	0	16	15	15	1	2	0.125	1247	-0.995516289497835	0.840257387149385	0.947395492729033	0.125
NEFM	0	0	0	0	9	2	0	0	0	11	10	10	1	2	0.181818181818182	916	-0.637571339257276	0.73812362125601	0.947395492729033	0.181818181818182
NEK10	0	0	0	0	14	1	0	2	0	17	15	15	1	3	0.166666666666667	712	-0.733023325988092	0.768227898675538	0.947395492729033	0.176470588235294
NELL1	2	1	0	0	41	3	0	2	0	49	45	45	2	4	0.0851063829787234	810	-1.24683933966674	0.89377179368536	0.947395492729033	0.0816326530612245
NES	0	0	0	0	29	5	0	0	0	34	33	33	2	4	0.117647058823529	1621	-1.04183857717603	0.851256737330424	0.947395492729033	0.117647058823529
NEU4	0	0	0	0	16	1	0	0	0	17	16	16	1	4	0.18686921737039	497	-0.605750668275861	0.727659833727145	0.947395492729033	0.235294117647059
NEURL4	0	0	0	0	7	0	0	0	0	7	6	6	1	2	0.285714285714286	1562	0.0169565697540304	0.493235631550558	0.947395492729033	0.285714285714286
NEUROD4	1	0	0	0	5	2	0	0	0	8	8	8	1	2	0.25	331	-0.208037398968606	0.582400117012023	0.947395492729033	0.25
NF1	13	1	0	0	33	11	0	11	0	69	61	61	2	4	0.0689655172413793	2839	-1.34852406801094	0.911255057780453	0.947395492729033	0.0579710144927536
NFASC	1	2	0	0	28	1	0	1	0	33	29	29	1	2	0.0625	1240	-1.38925573476245	0.917622500473754	0.947395492729033	0.0606060606060606
NFATC2	0	0	0	0	17	1	0	0	0	18	16	16	1	3	0.15039482117703	925	-0.835533204652427	0.798291220277493	0.947395492729033	0.166666666666667
NFE2L2	0	0	2	0	12	0	0	0	0	14	14	14	2	8	0.371936198656182	605	0.560140060496368	0.287691953679972	0.947395492729033	0.571428571428571
NFIC	1	0	0	0	6	0	0	0	0	7	6	6	1	2	0.285714285714286	508	0.0169565697540304	0.493235631550558	0.947395492729033	0.285714285714286
NFKBID	0	0	0	0	9	0	0	0	0	9	9	9	1	2	0.222222222222222	313	-0.383032707975102	0.649152243691414	0.947395492729033	0.222222222222222
NHS	0	0	0	0	16	2	0	0	0	18	16	16	1	2	0.111111111111111	1631	-1.08301394400108	0.860598883080141	0.947395492729033	0.111111111111111
NID1	0	0	0	0	39	3	0	1	0	43	38	38	1	2	0.0476190476190476	1247	-1.48300322173021	0.930963222599832	0.947395492729033	0.0465116279069767
NIN	0	0	0	0	15	2	0	1	0	18	17	17	1	2	0.117647058823529	2133	-1.04183857717603	0.851256737330424	0.947395492729033	0.111111111111111
NLGN1	1	0	0	0	29	2	0	0	0	32	29	29	1	2	0.0625	823	-1.38925573476245	0.917622500473754	0.947395492729033	0.0625
NLGN4X	1	2	0	0	44	3	0	0	0	50	45	45	4	13	0.20389087296526	816	-0.498517112573312	0.690940194627218	0.947395492729033	0.26
NLRP10	2	1	0	0	28	4	0	0	0	35	32	32	2	5	0.121428571428571	655	-1.0180156863701	0.845664749259948	0.947395492729033	0.142857142857143
NLRP12	0	1	0	0	35	1	0	0	0	37	37	37	3	6	0.162162162162162	1061	-0.761400943664821	0.776791188007744	0.947395492729033	0.162162162162162
NLRP14	1	1	0	0	42	1	0	1	0	46	41	41	2	4	0.0888888888888889	1093	-1.22301019120628	0.889337076448024	0.947395492729033	0.0869565217391304
NLRP2	1	0	0	0	28	0	0	0	0	29	27	27	1	2	0.0689655172413793	1062	-1.34852406801094	0.911255057780453	0.947395492729033	0.0689655172413793
NLRP3	4	0	0	0	59	7	0	1	0	71	57	57	3	7	0.0958158111598078	1036	-1.1793717506888	0.880874910614275	0.947395492729033	0.0985915492957746
NLRP4	1	0	0	0	29	0	0	3	0	33	30	30	2	4	0.133333333333333	994	-0.943017696795887	0.827164074419315	0.947395492729033	0.121212121212121
NLRP5	0	1	0	0	47	2	0	0	0	50	43	43	4	13	0.221213203435596	1200	-0.389389355932023	0.651505927646876	0.947395492729033	0.26
NLRP6	0	0	0	0	9	1	0	0	0	10	10	10	1	2	0.2	892	-0.523028955180298	0.699522948189084	0.947395492729033	0.2
NLRP7	0	0	0	0	29	4	0	1	0	34	31	31	3	8	0.22467313825373	1037	-0.367592350876924	0.64341139039264	0.947395492729033	0.235294117647059
NLRP9	2	0	0	0	13	2	0	0	0	17	17	17	1	2	0.117647058823529	991	-1.04183857717603	0.851256737330424	0.947395492729033	0.117647058823529
NMD3	1	0	0	0	6	0	0	0	0	7	7	7	1	2	0.285714285714286	503	0.0169565697540304	0.493235631550558	0.947395492729033	0.285714285714286
NMNAT2	1	0	0	0	8	0	0	0	0	9	9	9	2	5	0.472222222222222	307	1.19192507308336	0.11664531293349	0.947395492729033	0.555555555555556
NMT1	0	0	0	0	7	0	0	0	0	7	7	7	1	2	0.285714285714286	496	0.0169565697540304	0.493235631550558	0.947395492729033	0.285714285714286
NMUR1	0	0	0	0	9	0	0	0	0	9	9	9	1	2	0.222222222222222	426	-0.383032707975102	0.649152243691414	0.947395492729033	0.222222222222222
NNT	2	0	0	0	12	0	0	0	0	14	13	13	2	5	0.336221912941896	1086	0.335146091773731	0.368757442569451	0.947395492729033	0.357142857142857
NOC4L	1	0	0	0	5	0	0	0	0	6	5	5	1	2	0.333333333333333	516	0.316948528050879	0.375641329376376	0.947395492729033	0.333333333333333
NOL6	0	0	0	0	6	3	0	0	0	9	9	9	1	2	0.222222222222222	1146	-0.383032707975102	0.649152243691414	0.947395492729033	0.222222222222222
NOS1	0	0	0	0	24	3	0	0	0	27	27	27	2	4	0.148148148148148	1468	-0.849686865325756	0.802250398586569	0.947395492729033	0.148148148148148
NOS2	0	0	0	0	20	0	0	1	0	21	21	21	1	2	0.1	1153	-1.15301206760368	0.875547284318904	0.947395492729033	0.0952380952380952
NOTCH2	0	1	0	0	18	3	0	1	0	23	23	23	2	4	0.181818181818182	2471	-0.637571339257276	0.73812362125601	0.947395492729033	0.173913043478261
NOTCH4	0	0	0	0	53	4	0	1	0	58	50	50	2	5	0.0789473684210526	2003	-1.28564009127176	0.900715650928934	0.947395492729033	0.0862068965517241
NOV	0	0	0	0	8	0	0	0	0	8	8	8	1	2	0.25	357	-0.208037398968606	0.582400117012023	0.947395492729033	0.25
NOVA1	1	0	0	0	19	2	0	0	0	22	22	22	1	2	0.0909090909090909	507	-1.21028325964217	0.886914890481703	0.947395492729033	0.0909090909090909
NPAS4	0	0	0	0	26	0	0	0	0	26	24	24	1	2	0.0769230769230769	802	-1.29839278585523	0.902923801572952	0.947395492729033	0.0769230769230769
NPC1L1	0	0	0	0	19	0	0	1	0	20	20	20	1	2	0.105263157894737	1359	-1.11985506168666	0.868612234567941	0.947395492729033	0.1
NPFFR2	0	0	0	0	17	3	0	0	0	20	19	19	1	2	0.1	522	-1.15301206760368	0.875547284318904	0.947395492729033	0.1
NPHS2	0	0	0	0	11	2	0	0	0	13	11	11	1	3	0.230769230769231	383	-0.329187997511564	0.628993202779373	0.947395492729033	0.230769230769231
NPTX2	1	0	0	0	11	0	0	0	0	12	11	11	1	2	0.166666666666667	431	-0.733023325988092	0.768227898675538	0.947395492729033	0.166666666666667
NPY2R	1	0	0	0	16	3	0	0	0	20	20	20	2	6	0.3	381	0.106954157243086	0.457412674142357	0.947395492729033	0.3
NR1H4	0	0	0	0	14	0	0	0	0	14	14	14	1	2	0.142857142857143	486	-0.883019305136517	0.811387079455669	0.947395492729033	0.142857142857143
NR5A2	0	1	0	0	15	0	0	0	0	16	15	15	1	2	0.125	541	-0.995516289497835	0.840257387149385	0.947395492729033	0.125
NRAP	0	0	0	0	25	2	0	1	0	28	25	25	1	2	0.0740740740740741	1731	-1.31634102267641	0.905970196064814	0.947395492729033	0.0714285714285714
NRG1	1	1	0	0	13	2	0	1	0	18	17	17	3	6	0.352941176470588	645	0.440474628526053	0.32979669206769	0.947395492729033	0.333333333333333
NRG3	0	0	0	0	28	1	0	2	0	31	29	29	1	3	0.0775862068965517	696	-1.29421517900892	0.90220444742631	0.947395492729033	0.0967741935483871
NRK	0	0	0	0	22	2	0	2	0	26	25	25	1	2	0.0833333333333333	1582	-1.25800925300758	0.895805795049592	0.947395492729033	0.0769230769230769
NRP2	0	0	0	0	18	1	0	0	0	19	17	17	1	2	0.105263157894737	931	-1.11985506168666	0.868612234567941	0.947395492729033	0.105263157894737
NRXN1	3	1	0	0	97	7	0	5	0	113	85	85	4	14	0.101338367113546	1547	-1.14458058080611	0.873808529835298	0.947395492729033	0.123893805309735
NRXN2	0	0	0	0	22	4	0	2	0	28	26	26	1	2	0.0769230769230769	1712	-1.29839278585523	0.902923801572952	0.947395492729033	0.0714285714285714
NSD1	1	0	0	0	20	0	0	1	0	22	21	21	1	2	0.0952380952380952	2696	-1.18301126343337	0.881597658233639	0.947395492729033	0.0909090909090909
NSUN2	1	0	0	0	12	0	0	0	0	13	11	11	1	2	0.153846153846154	767	-0.813790391683398	0.792117479810598	0.947395492729033	0.153846153846154
NTHL1	0	0	0	0	6	0	0	0	0	6	6	6	1	2	0.333333333333333	312	0.316948528050879	0.375641329376376	0.947395492729033	0.333333333333333
NTM	0	0	0	0	17	1	0	1	0	19	17	17	1	2	0.111111111111111	355	-1.08301394400108	0.860598883080141	0.947395492729033	0.105263157894737
NTNG1	1	0	0	0	28	2	0	1	0	32	31	31	1	3	0.0702186030740851	539	-1.34062983888072	0.909979667829953	0.947395492729033	0.09375
NTRK3	0	0	0	0	46	1	0	1	0	48	43	43	1	2	0.0425531914893617	839	-1.5149172598469	0.935103320582718	0.947395492729033	0.0416666666666667
NTS	0	1	0	0	5	0	0	0	0	6	6	6	1	2	0.333333333333333	170	0.316948528050879	0.375641329376376	0.947395492729033	0.333333333333333
NUAK1	0	0	0	0	11	0	0	0	0	11	11	11	1	3	0.204545454545455	661	-0.494393359161053	0.689485798468501	0.947395492729033	0.272727272727273
NUDT17	0	0	0	0	5	0	0	0	0	5	4	4	1	2	0.4	328	0.736937269666468	0.230580249046244	0.947395492729033	0.4
NUP188	0	0	0	0	11	1	0	0	0	12	11	11	1	2	0.166666666666667	1749	-0.733023325988092	0.768227898675538	0.947395492729033	0.166666666666667
NUP214	0	0	0	0	20	0	0	1	0	21	21	21	1	2	0.1	2090	-1.15301206760368	0.875547284318904	0.947395492729033	0.0952380952380952
NUTM1	1	0	0	0	14	0	0	0	1	16	15	15	1	2	0.133333333333333	1132	-0.943017696795887	0.827164074419315	0.947395492729033	0.125
NUTM2G	0	0	0	0	7	0	0	0	0	7	7	7	1	3	0.310968099328091	741	0.176051330763881	0.430126808022404	0.947395492729033	0.428571428571429
NWD1	0	0	0	0	9	0	0	0	0	9	8	8	1	2	0.222222222222222	1432	-0.383032707975102	0.649152243691414	0.947395492729033	0.222222222222222
NXF5	0	0	0	0	11	0	0	4	0	15	15	15	1	2	0.181818181818182	365	-0.637571339257276	0.73812362125601	0.947395492729033	0.133333333333333
OAS3	0	0	0	0	8	0	0	0	0	8	8	8	1	2	0.25	1087	-0.208037398968606	0.582400117012023	0.947395492729033	0.25
OBSCN	2	0	0	0	95	5	0	1	0	103	88	88	2	5	0.0490196078431373	8923	-1.47417992883913	0.929783423776322	0.947395492729033	0.0485436893203883
OBSL1	0	0	0	0	18	0	0	0	0	18	18	18	1	2	0.111111111111111	1896	-1.08301394400108	0.860598883080141	0.947395492729033	0.111111111111111
OC90	1	0	0	0	16	0	0	0	0	17	15	15	1	2	0.117647058823529	477	-1.04183857717603	0.851256737330424	0.947395492729033	0.117647058823529
OCA2	0	1	0	0	27	3	0	0	0	31	28	28	2	4	0.129032258064516	838	-0.970113744642053	0.834005100682721	0.947395492729033	0.129032258064516
OCM2	0	0	0	0	4	1	0	0	0	5	4	4	1	2	0.4	109	0.736937269666468	0.230580249046244	0.947395492729033	0.4
OGDHL	0	0	0	0	30	2	0	1	0	33	31	31	1	2	0.0625	1010	-1.38925573476245	0.917622500473754	0.947395492729033	0.0606060606060606
OLAH	0	0	0	0	7	1	0	0	0	8	8	8	1	2	0.25	318	-0.208037398968606	0.582400117012023	0.947395492729033	0.25
OLIG3	0	0	0	0	6	1	0	0	0	7	6	6	1	2	0.285714285714286	272	0.0169565697540304	0.493235631550558	0.947395492729033	0.285714285714286
OPCML	0	0	0	0	13	0	0	0	0	13	12	12	1	3	0.192307692307692	345	-0.571489194597481	0.716165958581153	0.947395492729033	0.230769230769231
OPRM1	1	0	0	0	11	0	0	0	0	12	11	11	1	2	0.166666666666667	493	-0.733023325988092	0.768227898675538	0.947395492729033	0.166666666666667
OR10A2	1	0	0	0	16	0	0	0	0	17	16	16	1	2	0.117647058823529	303	-1.04183857717603	0.851256737330424	0.947395492729033	0.117647058823529
OR10A6	0	0	0	0	6	0	0	0	0	6	6	6	1	2	0.333333333333333	314	0.316948528050879	0.375641329376376	0.947395492729033	0.333333333333333
OR10AG1	0	1	0	0	20	0	1	0	0	22	22	22	1	3	0.0989443952407562	301	-1.15966219932085	0.87690681692194	0.947395492729033	0.136363636363636
OR10G2	0	0	0	0	11	0	0	0	0	11	10	10	1	3	0.197888790481512	310	-0.536329218614644	0.704134479800583	0.947395492729033	0.272727272727273
OR10G4	1	1	0	0	13	0	0	0	0	15	14	14	1	2	0.133333333333333	311	-0.943017696795887	0.827164074419315	0.947395492729033	0.133333333333333
OR10G7	1	0	0	0	14	1	0	0	0	16	16	16	1	4	0.231694173824159	311	-0.323361012465982	0.626789073826557	0.947395492729033	0.25
OR10G8	3	0	0	0	21	3	0	0	0	27	25	25	2	5	0.174337288192094	311	-0.684699705759985	0.75323328261993	0.947395492729033	0.185185185185185
OR10G9	1	0	0	0	12	1	0	0	0	14	14	14	1	2	0.142857142857143	311	-0.883019305136517	0.811387079455669	0.947395492729033	0.142857142857143
OR10H5	0	0	0	0	8	0	0	0	0	8	6	6	1	2	0.25	315	-0.208037398968606	0.582400117012023	0.947395492729033	0.25
OR10J1	0	0	0	0	15	1	0	0	0	16	16	16	1	3	0.169194173824159	320	-0.717100457730597	0.763343943326046	0.947395492729033	0.1875
OR10J3	0	0	0	0	24	0	0	0	0	24	23	23	2	5	0.196129449216106	329	-0.5474127714766	0.70795240849465	0.947395492729033	0.208333333333333
OR10K2	0	0	0	0	20	0	0	0	0	20	17	17	1	2	0.1	312	-1.15301206760368	0.875547284318904	0.947395492729033	0.1
OR10Q1	1	1	0	0	19	0	0	0	0	21	20	20	1	2	0.0952380952380952	319	-1.18301126343337	0.881597658233639	0.947395492729033	0.0952380952380952
OR10T2	0	0	0	0	13	1	0	0	0	14	14	14	1	2	0.142857142857143	314	-0.883019305136517	0.811387079455669	0.947395492729033	0.142857142857143
OR10X1	1	0	0	0	20	1	0	0	0	22	20	20	1	3	0.123050308235752	326	-1.00779901835691	0.843224521368554	0.947395492729033	0.136363636363636
OR11H1	1	0	0	0	17	3	0	0	0	21	21	21	2	7	0.238095238095238	326	-0.283035388542819	0.611425145238797	0.947395492729033	0.333333333333333
OR11L1	0	1	0	0	17	1	0	0	0	19	17	17	1	2	0.105263157894737	322	-1.11985506168666	0.868612234567941	0.947395492729033	0.105263157894737
OR12D2	0	0	0	0	10	0	0	0	0	10	10	10	1	2	0.2	307	-0.523028955180298	0.699522948189084	0.947395492729033	0.2
OR13A1	1	0	0	0	11	3	0	0	0	15	13	13	1	3	0.180473785412436	328	-0.646040809577499	0.740873536693647	0.947395492729033	0.2
OR13C2	1	0	0	0	13	0	0	0	0	14	13	13	1	2	0.142857142857143	318	-0.883019305136517	0.811387079455669	0.947395492729033	0.142857142857143
OR13C3	0	0	0	0	6	0	0	0	0	6	5	5	1	2	0.333333333333333	347	0.316948528050879	0.375641329376376	0.947395492729033	0.333333333333333
OR13C4	2	0	0	0	11	0	0	0	0	13	11	11	2	4	0.307692307692308	318	0.155414396660269	0.438247317585095	0.947395492729033	0.307692307692308
OR13F1	0	0	0	0	16	1	0	0	0	17	17	17	1	2	0.117647058823529	319	-1.04183857717603	0.851256737330424	0.947395492729033	0.117647058823529
OR13G1	1	1	0	0	21	0	0	0	0	23	19	19	3	6	0.260869565217391	307	-0.139560973705195	0.555496561379262	0.947395492729033	0.260869565217391
OR14A16	0	0	1	0	27	0	0	0	0	28	26	26	1	3	0.0892857142857143	309	-1.22051025822047	0.888864248405199	0.947395492729033	0.107142857142857
OR14I1	1	0	0	0	16	1	0	0	0	18	14	14	1	2	0.111111111111111	311	-1.08301394400108	0.860598883080141	0.947395492729033	0.111111111111111
OR1A1	1	0	0	0	8	2	0	0	0	11	10	10	1	2	0.181818181818182	309	-0.637571339257276	0.73812362125601	0.947395492729033	0.181818181818182
OR1C1	1	0	0	0	25	1	0	0	0	27	25	25	2	8	0.207073713247027	314	-0.478465756302772	0.683840629254118	0.947395492729033	0.296296296296296
OR1D5	0	0	0	0	8	0	0	0	0	8	7	7	2	4	0.5	312	1.36692038208985	0.0858251312961253	0.947395492729033	0.5
OR1K1	0	0	0	0	5	0	0	0	0	5	5	5	1	3	0.6	316	1.99690349451323	0.0229178337582221	0.947395492729033	0.6
OR1L1	1	0	0	0	6	1	0	0	0	8	7	7	1	2	0.25	310	-0.208037398968606	0.582400117012023	0.947395492729033	0.25
OR1N2	0	0	0	0	13	0	0	0	0	13	12	12	1	2	0.153846153846154	330	-0.813790391683398	0.792117479810598	0.947395492729033	0.153846153846154
OR2A2	0	0	0	0	21	0	0	0	0	21	21	21	2	5	0.202380952380952	318	-0.508029357265455	0.694283622402438	0.947395492729033	0.238095238095238
OR2A5	0	0	0	0	12	2	0	0	0	14	14	14	1	4	0.218618583698559	311	-0.405735022106965	0.657531346783735	0.947395492729033	0.285714285714286
OR2B11	1	0	0	0	24	0	0	0	0	25	23	23	1	2	0.08	317	-1.27900869008836	0.899553002131904	0.947395492729033	0.08
OR2B3	0	0	0	0	9	0	0	0	0	9	8	8	1	2	0.222222222222222	313	-0.383032707975102	0.649152243691414	0.947395492729033	0.222222222222222
OR2D3	0	0	0	0	15	2	0	0	0	17	16	16	1	3	0.147058823529412	330	-0.856549426463265	0.804153027109015	0.947395492729033	0.176470588235294
OR2F2	2	0	0	0	12	2	0	0	0	16	14	14	1	3	0.15625	317	-0.798646566865528	0.787752311052866	0.947395492729033	0.1875
OR2G2	0	0	0	0	30	5	0	0	0	35	33	33	2	5	0.134488765176759	317	-0.935738671306746	0.825296122663595	0.947395492729033	0.142857142857143
OR2G3	0	0	0	0	21	1	0	0	0	22	22	22	2	5	0.204545454545455	309	-0.494393359161053	0.689485798468501	0.947395492729033	0.227272727272727
OR2G6	0	0	0	0	28	4	1	0	0	33	30	30	1	3	0.0909090909090909	316	-1.21028325964217	0.886914890481703	0.947395492729033	0.0909090909090909
OR2L13	1	0	0	0	29	2	0	0	1	33	32	32	2	6	0.1640625	312	-0.749429136207451	0.773200702369503	0.947395492729033	0.181818181818182
OR2L2	0	0	0	0	29	0	0	0	1	30	27	27	2	6	0.184605289330803	312	-0.620013032602682	0.732375396637454	0.947395492729033	0.2
OR2L3	0	0	0	0	25	0	0	0	2	27	23	23	1	3	0.09	312	-1.21601037884602	0.888009515829419	0.947395492729033	0.111111111111111
OR2L8	1	0	0	0	38	0	0	0	0	39	34	34	4	11	0.246244958733161	312	-0.231693524814222	0.59161196949881	0.947395492729033	0.282051282051282
OR2M2	1	0	0	0	23	4	0	0	0	28	23	23	3	7	0.220599167689166	347	-0.39325767743878	0.652935413140978	0.947395492729033	0.25
OR2M3	3	0	0	0	27	2	0	0	1	33	31	31	2	7	0.16177427172802	312	-0.763844587894623	0.777520068920826	0.947395492729033	0.212121212121212
OR2M4	0	0	0	0	24	3	0	0	0	27	27	27	2	4	0.148148148148148	311	-0.849686865325756	0.802250398586569	0.947395492729033	0.148148148148148
OR2M5	1	1	0	0	31	0	0	0	1	34	33	33	4	13	0.305787583565749	312	0.143414956324698	0.44298123581748	0.947395492729033	0.382352941176471
OR2M7	1	0	0	0	20	2	0	0	0	23	21	21	1	2	0.0869565217391304	313	-1.23518377791977	0.891618942387074	0.947395492729033	0.0869565217391304
OR2T1	0	0	0	0	26	2	0	0	0	28	25	25	3	8	0.264793341513325	369	-0.114841845671542	0.545714759795295	0.947395492729033	0.285714285714286
OR2T10	0	0	0	0	15	0	0	0	0	15	14	14	1	3	0.180473785412436	312	-0.646040809577499	0.740873536693647	0.947395492729033	0.2
OR2T12	1	0	0	0	32	0	0	0	0	33	28	28	4	13	0.315582229162821	320	0.20511956950797	0.418739353619894	0.947395492729033	0.393939393939394
OR2T2	0	0	0	0	21	1	0	0	0	22	21	21	1	3	0.113636363636364	324	-1.06710527954595	0.857037850975727	0.947395492729033	0.136363636363636
OR2T27	1	0	0	0	18	4	0	0	0	23	23	23	2	7	0.235400589668395	317	-0.30001121857111	0.617915700808081	0.947395492729033	0.304347826086957
OR2T3	1	0	0	0	24	4	0	0	0	29	28	28	1	2	0.0689655172413793	318	-1.34852406801094	0.911255057780453	0.947395492729033	0.0689655172413793
OR2T33	0	0	0	0	37	4	0	0	0	41	37	37	7	22	0.476349514289998	320	1.21792631611073	0.111625987369169	0.947395492729033	0.536585365853659
OR2T34	2	0	0	0	24	1	0	0	0	27	26	26	1	3	0.0925925925925926	318	-1.19967748333875	0.884867689420509	0.947395492729033	0.111111111111111
OR2T4	0	0	0	0	29	3	0	0	0	32	29	29	2	7	0.177006673824159	348	-0.66788302707252	0.747895868760959	0.947395492729033	0.21875
OR2T6	0	1	0	0	23	2	0	0	0	26	24	24	2	5	0.160645257511409	308	-0.77095718679613	0.779633845602309	0.947395492729033	0.192307692307692
OR2T8	0	0	0	0	17	0	0	0	0	17	16	16	1	3	0.128045687958626	312	-0.976328969701381	0.835549265840424	0.947395492729033	0.176470588235294
OR2V2	1	0	0	0	12	0	0	0	0	13	12	12	1	2	0.153846153846154	315	-0.813790391683398	0.792117479810598	0.947395492729033	0.153846153846154
OR2W1	1	0	0	0	7	0	0	0	0	8	8	8	1	2	0.25	320	-0.208037398968606	0.582400117012023	0.947395492729033	0.25
OR2W3	0	0	0	0	35	5	0	0	0	40	38	38	3	10	0.197855339059327	314	-0.536539956925276	0.704207285741784	0.947395492729033	0.25
OR4A15	2	1	0	0	36	2	0	0	0	41	38	38	2	6	0.127002604419184	344	-0.982900219848331	0.837171725185878	0.947395492729033	0.146341463414634
OR4A16	0	0	0	0	30	0	0	0	0	30	29	29	1	2	0.0666666666666667	328	-1.36300643841148	0.913559759253462	0.947395492729033	0.0666666666666667
OR4A47	0	0	0	0	17	0	0	0	0	17	16	16	1	2	0.117647058823529	309	-1.04183857717603	0.851256737330424	0.947395492729033	0.117647058823529
OR4A5	0	2	0	0	29	3	0	0	0	34	32	32	2	7	0.158349514014211	315	-0.785419983133034	0.783896315901402	0.947395492729033	0.205882352941176
OR4B1	0	0	0	0	10	0	0	0	0	10	10	10	1	2	0.2	309	-0.523028955180298	0.699522948189084	0.947395492729033	0.2
OR4C11	0	0	0	0	10	1	0	0	0	11	11	11	1	2	0.181818181818182	310	-0.637571339257276	0.73812362125601	0.947395492729033	0.181818181818182
OR4C12	0	0	0	0	11	0	0	0	0	11	10	10	2	4	0.363636363636364	309	0.507852501512511	0.305778393690641	0.947395492729033	0.363636363636364
OR4C15	1	0	0	0	37	2	0	0	0	40	37	37	4	10	0.216919417382416	370	-0.416439482950651	0.661455779031482	0.947395492729033	0.25
OR4C16	5	0	0	0	28	0	0	0	0	33	31	31	1	3	0.0757575757575758	310	-1.30573524637299	0.904178696297998	0.947395492729033	0.0909090909090909
OR4C3	0	0	0	0	14	0	1	0	0	15	15	15	2	6	0.347140452079103	329	0.403931044461473	0.343131713405957	0.947395492729033	0.4
OR4C46	0	0	0	0	26	0	0	0	0	26	26	26	1	2	0.0769230769230769	309	-1.29839278585523	0.902923801572952	0.947395492729033	0.0769230769230769
OR4C6	1	0	0	0	29	3	0	0	0	33	30	30	2	9	0.162228890624039	309	-0.76098056562382	0.77666566234957	0.947395492729033	0.272727272727273
OR4D10	0	0	0	0	13	1	0	0	0	14	14	14	1	4	0.285714285714286	311	0.0169565697540304	0.493235631550558	0.947395492729033	0.285714285714286
OR4F15	1	0	0	0	6	1	0	0	0	8	8	8	1	2	0.25	312	-0.208037398968606	0.582400117012023	0.947395492729033	0.25
OR4K1	2	0	0	0	19	0	0	0	0	21	18	18	1	3	0.119047619047619	311	-1.03301528428494	0.849201626990621	0.947395492729033	0.142857142857143
OR4K13	0	0	0	0	17	3	0	0	0	20	18	18	2	4	0.2	304	-0.523028955180298	0.699522948189084	0.947395492729033	0.2
OR4K14	0	0	0	0	11	1	0	0	0	12	12	12	2	5	0.392258898432212	310	0.688169637073864	0.24567298098269	0.947395492729033	0.416666666666667
OR4K5	0	1	0	0	17	0	0	0	0	18	16	16	2	5	0.261505932288142	323	-0.135551968626445	0.553912260825528	0.947395492729033	0.277777777777778
OR4L1	0	1	0	0	18	2	0	0	0	21	19	19	3	7	0.333333333333333	312	0.316948528050879	0.375641329376376	0.947395492729033	0.333333333333333
OR4M1	0	0	0	0	23	1	0	0	0	24	24	24	1	3	0.104166666666667	313	-1.12676277125271	0.870078602637663	0.947395492729033	0.125
OR4M2	0	0	0	0	31	0	0	0	0	31	26	26	2	5	0.14043720614817	313	-0.898264497734379	0.815477722495307	0.947395492729033	0.161290322580645
OR4N2	1	0	0	0	23	2	0	0	0	26	25	25	2	6	0.18784167217243	307	-0.59962436724706	0.725621698071485	0.947395492729033	0.230769230769231
OR4N4	0	0	0	0	21	1	0	0	0	22	20	20	2	6	0.225323035508479	316	-0.363498107923901	0.64188358696832	0.947395492729033	0.272727272727273
OR4N5	0	0	0	0	18	1	0	0	0	19	18	18	1	3	0.123871231083857	308	-1.00262734304782	0.841979651016678	0.947395492729033	0.157894736842105
OR4P4	1	0	0	0	16	1	0	0	0	18	15	15	1	2	0.111111111111111	312	-1.08301394400108	0.860598883080141	0.947395492729033	0.111111111111111
OR4Q3	0	2	0	0	25	0	0	0	0	27	27	27	1	2	0.0740740740740741	313	-1.31634102267641	0.905970196064814	0.947395492729033	0.0740740740740741
OR51A7	1	0	0	0	14	0	0	0	0	15	15	15	1	3	0.180473785412436	312	-0.646040809577499	0.740873536693647	0.947395492729033	0.2
OR51B2	0	0	0	0	10	0	0	0	0	10	10	10	1	2	0.2	312	-0.523028955180298	0.699522948189084	0.947395492729033	0.2
OR51F1	0	0	0	0	12	1	0	0	0	13	13	13	1	2	0.153846153846154	312	-0.813790391683398	0.792117479810598	0.947395492729033	0.153846153846154
OR51G1	0	0	0	0	10	2	0	0	0	12	11	11	1	3	0.225592231765546	321	-0.361802216965108	0.641250082334936	0.947395492729033	0.25
OR51L1	1	1	0	0	9	0	0	0	0	11	10	10	1	2	0.181818181818182	315	-0.637571339257276	0.73812362125601	0.947395492729033	0.181818181818182
OR51S1	1	0	0	0	15	0	0	0	0	16	16	16	1	2	0.125	323	-0.995516289497835	0.840257387149385	0.947395492729033	0.125
OR51V1	0	0	0	0	24	1	0	0	0	25	24	24	1	3	0.108284271247462	321	-1.10082255775732	0.864513053986555	0.947395492729033	0.12
OR52D1	0	0	0	0	5	0	0	0	0	5	4	4	1	2	0.4	318	0.736937269666468	0.230580249046244	0.947395492729033	0.4
OR52E6	0	0	0	0	6	3	0	0	0	9	8	8	1	2	0.222222222222222	313	-0.383032707975102	0.649152243691414	0.947395492729033	0.222222222222222
OR52E8	1	1	0	0	10	0	0	0	0	12	11	11	1	2	0.166666666666667	317	-0.733023325988092	0.768227898675538	0.947395492729033	0.166666666666667
OR52K2	0	0	0	0	9	0	0	0	0	9	9	9	1	2	0.222222222222222	314	-0.383032707975102	0.649152243691414	0.947395492729033	0.222222222222222
OR52N1	0	0	0	0	10	0	0	0	0	10	9	9	2	4	0.4	320	0.736937269666468	0.230580249046244	0.947395492729033	0.4
OR52N5	0	0	0	0	8	1	0	0	0	9	8	8	1	2	0.222222222222222	324	-0.383032707975102	0.649152243691414	0.947395492729033	0.222222222222222
OR52R1	0	1	0	0	16	1	0	0	0	18	16	16	1	2	0.111111111111111	315	-1.08301394400108	0.860598883080141	0.947395492729033	0.111111111111111
OR56A1	0	0	0	0	13	0	0	0	0	13	13	13	1	2	0.153846153846154	318	-0.813790391683398	0.792117479810598	0.947395492729033	0.153846153846154
OR56A4	1	1	0	0	20	0	0	0	0	22	21	21	3	7	0.284090909090909	365	0.00672957117572903	0.497315309792698	0.947395492729033	0.318181818181818
OR5A1	0	0	0	0	15	2	0	0	0	17	16	16	2	4	0.235294117647059	315	-0.300681974324986	0.618171492261725	0.947395492729033	0.235294117647059
OR5A2	1	0	0	0	9	0	0	0	0	10	10	10	1	2	0.2	324	-0.523028955180298	0.699522948189084	0.947395492729033	0.2
OR5AN1	0	0	0	0	11	0	0	0	0	11	10	10	1	2	0.181818181818182	311	-0.637571339257276	0.73812362125601	0.947395492729033	0.181818181818182
OR5AS1	2	0	0	0	26	1	0	0	0	29	25	25	4	12	0.323582188844248	324	0.255517964501637	0.399161535169888	0.947395492729033	0.413793103448276
OR5B21	0	0	0	0	14	0	0	0	0	14	13	13	1	4	0.173341192521188	309	-0.690974940270273	0.755209355274813	0.947395492729033	0.285714285714286
OR5D13	0	0	0	0	31	0	0	0	0	31	29	29	2	5	0.14043720614817	314	-0.898264497734379	0.815477722495307	0.947395492729033	0.161290322580645
OR5D14	1	0	0	0	26	1	0	0	0	28	26	26	2	4	0.142857142857143	314	-0.883019305136517	0.811387079455669	0.947395492729033	0.142857142857143
OR5D16	0	1	0	0	23	0	0	0	0	24	21	21	3	8	0.300296115882773	328	0.108819637297758	0.456672774000907	0.947395492729033	0.333333333333333
OR5D18	0	0	0	0	21	1	0	0	0	22	18	18	4	9	0.395777580963025	313	0.710336742797775	0.238747670004796	0.947395492729033	0.409090909090909
OR5F1	1	1	0	0	30	2	0	0	0	34	30	30	6	14	0.365493432214607	314	0.519551719941565	0.301688027995274	0.947395492729033	0.411764705882353
OR5I1	0	0	0	0	18	0	0	0	0	18	18	18	1	2	0.111111111111111	314	-1.08301394400108	0.860598883080141	0.947395492729033	0.111111111111111
OR5L1	0	0	0	0	37	0	0	0	0	37	35	35	2	7	0.140732615707745	311	-0.896403467396576	0.814981341951019	0.947395492729033	0.189189189189189
OR5M1	0	0	0	0	12	0	0	0	0	12	11	11	1	2	0.166666666666667	315	-0.733023325988092	0.768227898675538	0.947395492729033	0.166666666666667
OR5M10	1	0	0	0	11	2	0	0	0	14	14	14	1	2	0.142857142857143	315	-0.883019305136517	0.811387079455669	0.947395492729033	0.142857142857143
OR5M11	1	0	0	0	11	1	0	0	0	13	13	13	1	2	0.153846153846154	305	-0.813790391683398	0.792117479810598	0.947395492729033	0.153846153846154
OR5M3	0	0	0	0	19	0	0	0	0	19	19	19	1	2	0.105263157894737	307	-1.11985506168666	0.868612234567941	0.947395492729033	0.105263157894737
OR5P3	0	0	0	0	4	0	0	0	1	5	5	5	1	2	0.5	311	1.36692038208985	0.0858251312961253	0.947395492729033	0.4
OR5R1	1	0	0	0	15	2	0	0	0	18	16	16	1	3	0.15039482117703	324	-0.835533204652427	0.798291220277493	0.947395492729033	0.166666666666667
OR5T1	1	0	0	0	21	0	1	0	0	23	18	18	1	2	0.0869565217391304	326	-1.23518377791977	0.891618942387074	0.947395492729033	0.0869565217391304
OR5T2	1	0	0	0	22	0	0	0	0	23	23	23	1	4	0.133072181381731	359	-0.944662909988743	0.827584500826161	0.947395492729033	0.173913043478261
OR5T3	1	0	0	0	26	2	0	0	0	29	26	26	1	5	0.120689655172414	340	-1.02267073399884	0.846768223401185	0.947395492729033	0.172413793103448
OR5W2	1	1	0	0	25	1	0	0	1	29	27	27	2	5	0.151785714285714	310	-0.826770812955858	0.795816511955942	0.947395492729033	0.172413793103448
OR6B3	0	0	0	0	9	0	0	0	0	9	8	8	1	2	0.222222222222222	331	-0.383032707975102	0.649152243691414	0.947395492729033	0.222222222222222
OR6C6	0	1	0	0	5	0	0	0	0	6	6	6	1	2	0.333333333333333	314	0.316948528050879	0.375641329376376	0.947395492729033	0.333333333333333
OR6F1	1	0	0	0	31	2	0	0	0	34	30	30	2	5	0.138444317093722	308	-0.910819362226736	0.818804720577602	0.947395492729033	0.147058823529412
OR6N1	0	0	0	0	18	1	0	0	0	19	19	19	1	2	0.105263157894737	312	-1.11985506168666	0.868612234567941	0.947395492729033	0.105263157894737
OR6N2	0	1	0	0	19	2	0	0	0	22	20	20	3	7	0.295454545454545	317	0.0783185612238407	0.468787326545021	0.947395492729033	0.318181818181818
OR6X1	0	0	0	0	8	0	0	0	0	8	8	8	1	2	0.25	312	-0.208037398968606	0.582400117012023	0.947395492729033	0.25
OR6Y1	3	0	0	0	18	0	0	0	0	21	20	20	4	10	0.406206194566186	325	0.776035247357579	0.218864087268236	0.947395492729033	0.476190476190476
OR7D4	0	0	0	0	12	0	0	0	0	12	12	12	1	2	0.166666666666667	312	-0.733023325988092	0.768227898675538	0.947395492729033	0.166666666666667
OR7E24	0	0	0	0	9	0	0	0	0	9	9	9	1	2	0.222222222222222	339	-0.383032707975102	0.649152243691414	0.947395492729033	0.222222222222222
OR8A1	0	0	0	0	9	0	0	0	0	9	9	9	1	3	0.261505932288142	326	-0.135551968626445	0.553912260825528	0.947395492729033	0.333333333333333
OR8B12	0	0	0	0	10	1	0	0	0	11	11	11	1	2	0.181818181818182	310	-0.637571339257276	0.73812362125601	0.947395492729033	0.181818181818182
OR8D1	0	0	0	0	15	0	0	0	0	15	13	13	2	4	0.266666666666667	308	-0.103040213564709	0.541034472506738	0.947395492729033	0.266666666666667
OR8D4	0	0	0	0	12	2	0	0	0	14	12	12	2	5	0.336221912941896	314	0.335146091773731	0.368757442569451	0.947395492729033	0.357142857142857
OR8G5	1	0	0	0	14	0	0	0	0	15	13	13	1	2	0.133333333333333	346	-0.943017696795887	0.827164074419315	0.947395492729033	0.133333333333333
OR8H2	2	0	0	0	22	4	0	0	0	28	24	24	1	2	0.0714285714285714	312	-1.33300724258179	0.90873528647819	0.947395492729033	0.0714285714285714
OR8H3	0	0	0	0	23	1	0	0	0	24	23	23	1	3	0.0980647246080531	312	-1.16520397575183	0.878031781646861	0.947395492729033	0.125
OR8I2	2	0	0	0	26	2	0	0	0	30	24	24	2	7	0.18880711874577	310	-0.59354221687555	0.723590830707261	0.947395492729033	0.233333333333333
OR8J1	1	0	0	0	13	4	0	0	0	18	17	17	1	5	0.15039482117703	316	-0.835533204652427	0.798291220277493	0.947395492729033	0.277777777777778
OR8J3	1	0	0	0	28	0	0	0	1	30	27	27	3	8	0.232758620689655	315	-0.316655176972638	0.624247368329776	0.947395492729033	0.266666666666667
OR8K1	1	0	1	0	15	1	0	0	0	18	18	18	2	5	0.232043149738702	319	-0.321162523137937	0.62595638443176	0.947395492729033	0.277777777777778
OR8K3	1	0	0	0	17	1	0	0	1	20	19	19	1	2	0.105263157894737	312	-1.11985506168666	0.868612234567941	0.947395492729033	0.1
OR8K5	0	1	0	0	21	1	0	0	0	23	23	23	1	2	0.0869565217391304	307	-1.23518377791977	0.891618942387074	0.947395492729033	0.0869565217391304
OR8U1	0	0	0	0	36	1	0	0	0	37	35	35	2	10	0.170558383021076	309	-0.708506170171893	0.760684509066194	0.947395492729033	0.27027027027027
OR9A2	0	0	0	0	11	0	0	0	0	11	11	11	2	4	0.363636363636364	310	0.507852501512511	0.305778393690641	0.947395492729033	0.363636363636364
OR9G1	0	0	0	0	10	1	0	0	0	11	11	11	1	3	0.204545454545455	305	-0.494393359161053	0.689485798468501	0.947395492729033	0.272727272727273
ORM1	0	0	0	0	5	0	0	0	0	5	5	5	1	2	0.4	201	0.736937269666468	0.230580249046244	0.947395492729033	0.4
OSBPL11	0	0	0	0	4	2	0	0	0	6	6	6	1	2	0.333333333333333	747	0.316948528050879	0.375641329376376	0.947395492729033	0.333333333333333
OSBPL8	0	0	0	0	8	0	0	0	0	8	7	7	1	4	0.356694173824159	889	0.464117878063246	0.321281646786148	0.947395492729033	0.5
OTOGL	0	1	0	0	47	7	0	0	0	55	48	48	1	3	0.0409090909090909	2344	-1.52527481585386	0.936404716727451	0.947395492729033	0.0545454545454545
OTP	0	0	0	0	7	0	0	0	0	7	6	6	1	2	0.285714285714286	325	0.0169565697540304	0.493235631550558	0.947395492729033	0.285714285714286
OTX2	0	0	0	0	6	1	0	0	0	7	7	7	1	2	0.285714285714286	297	0.0169565697540304	0.493235631550558	0.947395492729033	0.285714285714286
OVCH1	3	0	0	0	46	3	0	6	0	58	47	47	5	12	0.200514936448012	1134	-0.519784942518108	0.698393262340606	0.947395492729033	0.206896551724138
OXGR1	0	0	0	0	11	0	0	0	0	11	9	9	1	2	0.181818181818182	337	-0.637571339257276	0.73812362125601	0.947395492729033	0.181818181818182
P2RY10	0	0	0	0	21	1	1	0	0	23	21	21	2	8	0.243632756112751	339	-0.248149960185085	0.597990809225806	0.947395492729033	0.347826086956522
PADI1	0	0	0	0	13	0	0	0	0	13	11	11	1	2	0.153846153846154	663	-0.813790391683398	0.792117479810598	0.947395492729033	0.153846153846154
PADI2	1	0	0	0	8	0	0	0	0	9	9	9	1	2	0.222222222222222	665	-0.383032707975102	0.649152243691414	0.947395492729033	0.222222222222222
PADI3	0	0	0	0	14	0	0	0	0	14	12	12	1	2	0.142857142857143	664	-0.883019305136517	0.811387079455669	0.947395492729033	0.142857142857143
PAH	0	0	0	0	11	0	0	1	0	12	12	12	1	2	0.181818181818182	452	-0.637571339257276	0.73812362125601	0.947395492729033	0.166666666666667
PAK3	0	0	0	0	13	1	0	0	0	14	13	13	1	3	0.155484049664045	580	-0.803471924631592	0.789148991123076	0.947395492729033	0.214285714285714
PAK7	4	0	0	0	28	3	0	1	0	36	34	34	4	9	0.235714285714286	719	-0.298034986457661	0.617161769509114	0.947395492729033	0.25
PANK4	0	0	0	0	5	0	0	0	0	5	5	5	1	2	0.4	773	0.736937269666468	0.230580249046244	0.947395492729033	0.4
PAPD7	0	1	0	0	12	1	0	0	0	14	13	13	1	2	0.142857142857143	542	-0.883019305136517	0.811387079455669	0.947395492729033	0.142857142857143
PAPPA	0	1	0	0	28	2	0	2	0	33	26	26	2	4	0.129032258064516	1627	-0.970113744642053	0.834005100682721	0.947395492729033	0.121212121212121
PAPPA2	3	1	0	0	118	11	0	0	0	133	96	96	9	25	0.152161179451703	1791	-0.824405445817098	0.795145389216699	0.947395492729033	0.18796992481203
PARD3B	0	0	0	0	21	4	0	3	0	28	26	26	1	2	0.08	1143	-1.27900869008836	0.899553002131904	0.947395492729033	0.0714285714285714
PARK2	0	0	0	0	11	2	0	1	0	14	13	13	1	2	0.153846153846154	465	-0.813790391683398	0.792117479810598	0.947395492729033	0.142857142857143
PARP8	1	0	0	0	6	1	0	2	0	10	10	10	1	3	0.28125	854	-0.0111676763362991	0.504455165658384	0.947395492729033	0.3
PASK	0	0	0	0	9	1	0	0	0	10	10	10	1	2	0.2	1330	-0.523028955180298	0.699522948189084	0.947395492729033	0.2
PAXIP1	0	0	0	0	8	1	0	0	0	9	9	9	1	2	0.222222222222222	1069	-0.383032707975102	0.649152243691414	0.947395492729033	0.222222222222222
PBRM1	0	0	0	0	8	2	0	1	0	11	11	11	1	2	0.2	1582	-0.523028955180298	0.699522948189084	0.947395492729033	0.181818181818182
PBX2	0	0	0	0	5	0	0	1	0	6	4	4	1	2	0.4	430	0.736937269666468	0.230580249046244	0.947395492729033	0.333333333333333
PCBP3	0	0	0	0	7	0	0	0	0	7	7	7	1	3	0.321428571428571	371	0.241950538476667	0.404409244599003	0.947395492729033	0.428571428571429
PCCA	0	0	0	0	7	0	0	0	0	7	7	7	1	2	0.285714285714286	728	0.0169565697540304	0.493235631550558	0.947395492729033	0.285714285714286
PCDH10	1	0	0	0	66	4	0	0	0	71	62	62	5	15	0.164284698061593	1040	-0.748029325943284	0.772778765509916	0.947395492729033	0.211267605633803
PCDH11X	2	0	0	0	84	9	0	1	0	96	78	78	8	22	0.198458456743087	1347	-0.53274041736955	0.702893358085822	0.947395492729033	0.229166666666667
PCDH12	0	0	0	0	11	0	0	0	0	11	11	11	1	2	0.181818181818182	1184	-0.637571339257276	0.73812362125601	0.947395492729033	0.181818181818182
PCDH15	3	0	0	0	141	10	0	1	0	155	105	105	9	33	0.170488336493785	1962	-0.708947451464669	0.76082145649773	0.947395492729033	0.212903225806452
PCDH17	3	0	0	0	53	4	0	0	0	60	53	53	3	7	0.105892556509888	1159	-1.11588995670138	0.867765379329898	0.947395492729033	0.116666666666667
PCDH18	0	0	0	0	37	1	0	0	0	38	35	35	1	4	0.0855263157894737	1135	-1.24419383387549	0.893285883698249	0.947395492729033	0.105263157894737
PCDH20	0	0	0	0	21	1	0	0	0	22	21	21	1	2	0.0909090909090909	951	-1.21028325964217	0.886914890481703	0.947395492729033	0.0909090909090909
PCDH7	1	1	0	0	22	1	0	0	0	25	24	24	2	4	0.16	1255	-0.775022200149651	0.780836729214767	0.947395492729033	0.16
PCDH8	0	0	0	0	23	2	0	1	0	26	23	23	1	2	0.08	1070	-1.27900869008836	0.899553002131904	0.947395492729033	0.0769230769230769
PCDH9	1	0	0	0	15	2	0	1	0	19	16	16	2	5	0.236111111111111	1237	-0.295535053471854	0.616207410653053	0.947395492729033	0.263157894736842
PCDHA1	1	0	0	0	29	2	0	0	0	32	29	29	1	2	0.0625	950	-1.38925573476245	0.917622500473754	0.947395492729033	0.0625
PCDHA2	1	1	0	0	36	4	0	0	0	42	37	37	4	10	0.213264447171108	948	-0.439465178045995	0.669837745873151	0.947395492729033	0.238095238095238
PCDHA3	0	0	0	0	31	2	0	0	0	33	32	32	2	6	0.143939393939394	950	-0.876201306084316	0.809539696685987	0.947395492729033	0.181818181818182
PCDHA5	0	1	0	0	33	1	0	0	0	35	32	32	1	2	0.0571428571428571	936	-1.42300483007085	0.922632622465973	0.947395492729033	0.0571428571428571
PCDHA6	0	0	0	0	28	1	0	0	0	29	27	27	1	2	0.0689655172413793	950	-1.34852406801094	0.911255057780453	0.947395492729033	0.0689655172413793
PCDHA7	0	0	0	0	23	0	0	0	0	23	23	23	1	2	0.0869565217391304	937	-1.23518377791977	0.891618942387074	0.947395492729033	0.0869565217391304
PCDHA8	0	0	0	0	19	1	0	0	0	20	19	19	1	3	0.1125	950	-1.07426417855076	0.858647852432309	0.947395492729033	0.15
PCDHA9	1	0	0	0	23	2	0	0	0	26	23	23	1	2	0.0769230769230769	950	-1.29839278585523	0.902923801572952	0.947395492729033	0.0769230769230769
PCDHAC2	2	0	0	0	5	0	0	0	0	7	7	7	1	2	0.285714285714286	1007	0.0169565697540304	0.493235631550558	0.947395492729033	0.285714285714286
PCDHB11	1	0	0	0	32	2	0	0	0	35	28	28	4	11	0.283263244639231	797	0.00151542490262722	0.499395433164968	0.947395492729033	0.314285714285714
PCDHB14	0	0	0	0	30	2	0	0	0	32	29	29	4	11	0.2890625	798	0.0380497543217777	0.484824006256809	0.947395492729033	0.34375
PCDHB15	1	0	1	0	18	0	0	0	0	20	17	17	1	2	0.1	787	-1.15301206760368	0.875547284318904	0.947395492729033	0.1
PCDHB16	2	0	0	0	26	1	0	0	0	29	28	28	1	2	0.0689655172413793	776	-1.34852406801094	0.911255057780453	0.947395492729033	0.0689655172413793
PCDHB5	1	0	0	0	28	1	0	0	0	30	27	27	2	4	0.133333333333333	795	-0.943017696795887	0.827164074419315	0.947395492729033	0.133333333333333
PCDHB6	0	0	0	0	26	0	0	0	0	26	26	26	1	2	0.0769230769230769	794	-1.29839278585523	0.902923801572952	0.947395492729033	0.0769230769230769
PCDHB7	0	0	0	0	36	3	0	0	0	39	36	36	3	6	0.153846153846154	793	-0.813790391683398	0.792117479810598	0.947395492729033	0.153846153846154
PCDHB8	1	0	0	0	43	2	0	0	0	46	42	42	2	10	0.142196812838984	801	-0.887179272737178	0.812508805063529	0.947395492729033	0.217391304347826
PCDHGA1	0	0	0	0	26	1	0	0	0	27	24	24	2	6	0.222222222222222	931	-0.383032707975102	0.649152243691414	0.947395492729033	0.222222222222222
PCDHGA10	1	0	0	0	11	4	0	0	0	16	15	15	1	2	0.125	936	-0.995516289497835	0.840257387149385	0.947395492729033	0.125
PCDHGA11	0	1	0	0	13	0	0	0	0	14	13	13	1	2	0.142857142857143	935	-0.883019305136517	0.811387079455669	0.947395492729033	0.142857142857143
PCDHGA2	1	1	0	0	39	2	0	0	0	43	37	37	4	13	0.269557912969064	932	-0.0848258501210435	0.53380007891113	0.947395492729033	0.302325581395349
PCDHGA3	1	2	0	0	34	2	0	0	0	39	38	38	2	5	0.107096838340939	932	-1.10830318453977	0.866134549686163	0.947395492729033	0.128205128205128
PCDHGA4	1	0	0	0	18	3	0	0	0	22	21	21	1	2	0.0909090909090909	931	-1.21028325964217	0.886914890481703	0.947395492729033	0.0909090909090909
PCDHGA5	3	0	0	0	27	2	0	0	0	32	29	29	1	3	0.09375	931	-1.19238601213014	0.883445038769561	0.947395492729033	0.09375
PCDHGA6	0	0	0	0	27	3	0	0	0	30	26	26	2	5	0.145118446353109	932	-0.86877347499129	0.807514477978172	0.947395492729033	0.166666666666667
PCDHGA7	0	0	0	0	17	0	0	0	0	17	16	16	1	2	0.117647058823529	932	-1.04183857717603	0.851256737330424	0.947395492729033	0.117647058823529
PCDHGA8	0	0	0	0	26	2	0	0	0	28	26	26	2	4	0.142857142857143	932	-0.883019305136517	0.811387079455669	0.947395492729033	0.142857142857143
PCDHGB1	1	0	0	0	23	1	0	0	0	25	22	22	1	2	0.08	927	-1.27900869008836	0.899553002131904	0.947395492729033	0.08
PCDHGC4	0	0	0	0	10	0	0	0	0	10	10	10	1	2	0.2	938	-0.523028955180298	0.699522948189084	0.947395492729033	0.2
PCLO	6	0	0	0	109	8	0	2	0	125	96	96	3	7	0.0528455284552846	5142	-1.45007727508788	0.926481514296003	0.947395492729033	0.056
PCSK4	0	0	0	0	8	1	0	0	0	9	8	8	1	2	0.222222222222222	755	-0.383032707975102	0.649152243691414	0.947395492729033	0.222222222222222
PDCD11	1	0	0	0	16	2	0	0	0	19	19	19	1	2	0.105263157894737	1871	-1.11985506168666	0.868612234567941	0.947395492729033	0.105263157894737
PDCL3	1	0	0	0	5	0	0	1	0	7	6	6	1	2	0.333333333333333	239	0.316948528050879	0.375641329376376	0.947395492729033	0.285714285714286
PDE10A	1	0	0	0	25	3	0	1	0	30	27	27	1	2	0.0689655172413793	789	-1.34852406801094	0.911255057780453	0.947395492729033	0.0666666666666667
PDE2A	0	0	0	0	12	2	0	0	0	14	14	14	1	2	0.142857142857143	941	-0.883019305136517	0.811387079455669	0.947395492729033	0.142857142857143
PDE6A	0	0	0	0	14	1	0	2	0	17	17	17	1	2	0.133333333333333	860	-0.943017696795887	0.827164074419315	0.947395492729033	0.117647058823529
PDE6C	1	0	0	0	11	1	0	0	0	13	11	11	1	2	0.153846153846154	858	-0.813790391683398	0.792117479810598	0.947395492729033	0.153846153846154
PDGFRA	0	0	0	0	38	3	0	0	0	41	39	39	3	6	0.146341463414634	1089	-0.861068674041625	0.805399889447047	0.947395492729033	0.146341463414634
PDZD8	1	0	0	0	10	0	0	0	0	11	10	10	1	2	0.181818181818182	1154	-0.637571339257276	0.73812362125601	0.947395492729033	0.181818181818182
PDZRN3	0	1	0	0	39	0	0	1	0	41	38	38	3	9	0.192677669529664	1066	-0.569158400579248	0.715375675694384	0.947395492729033	0.219512195121951
PFAS	0	0	0	0	8	0	0	1	0	9	9	9	2	4	0.5	1338	1.36692038208985	0.0858251312961253	0.947395492729033	0.444444444444444
PGBD5	0	0	0	0	8	1	0	0	0	9	9	9	1	2	0.222222222222222	524	-0.383032707975102	0.649152243691414	0.947395492729033	0.222222222222222
PGLYRP2	0	0	0	0	9	2	0	0	0	11	11	11	1	2	0.181818181818182	576	-0.637571339257276	0.73812362125601	0.947395492729033	0.181818181818182
PHACTR3	0	0	0	0	13	3	0	1	0	17	15	15	1	3	0.13604854345604	559	-0.925912331556025	0.822754228892918	0.947395492729033	0.176470588235294
PHF14	1	0	0	0	13	4	0	0	0	18	17	17	1	2	0.111111111111111	888	-1.08301394400108	0.860598883080141	0.947395492729033	0.111111111111111
PHF20	0	0	0	0	6	3	0	0	0	9	9	9	1	2	0.222222222222222	1012	-0.383032707975102	0.649152243691414	0.947395492729033	0.222222222222222
PHF20L1	0	0	0	0	14	2	0	2	0	18	17	17	2	5	0.265625	1017	-0.109602537652453	0.543637700985084	0.947395492729033	0.277777777777778
PHKA1	0	0	0	0	15	4	0	1	0	20	16	16	3	6	0.315789473684211	1223	0.206425174994146	0.418229403737832	0.947395492729033	0.3
PIGG	0	0	1	0	16	0	0	0	0	17	17	17	1	2	0.117647058823529	983	-1.04183857717603	0.851256737330424	0.947395492729033	0.117647058823529
PIK3C3	0	1	0	0	11	0	0	0	0	12	12	12	1	2	0.166666666666667	887	-0.733023325988092	0.768227898675538	0.947395492729033	0.166666666666667
PIK3CA	0	0	1	0	28	0	0	0	0	29	28	28	2	12	0.324628053874934	1068	0.262106737573704	0.396619576246359	0.947395492729033	0.413793103448276
PIK3CG	2	0	0	0	31	1	0	1	0	35	32	32	1	2	0.0588235294117647	1102	-1.41241687860154	0.921086375238605	0.947395492729033	0.0571428571428571
PIK3R5	1	0	0	0	12	0	0	0	0	13	11	11	2	4	0.307692307692308	880	0.155414396660269	0.438247317585095	0.947395492729033	0.307692307692308
PIP5K1C	1	0	0	0	5	0	0	0	0	6	6	6	1	2	0.333333333333333	668	0.316948528050879	0.375641329376376	0.947395492729033	0.333333333333333
PITPNM1	1	0	0	0	4	0	0	0	0	5	4	4	1	2	0.4	1244	0.736937269666468	0.230580249046244	0.947395492729033	0.4
PJA2	0	0	0	0	9	1	0	1	0	11	10	10	1	2	0.2	708	-0.523028955180298	0.699522948189084	0.947395492729033	0.181818181818182
PKD1	1	0	0	0	29	2	0	0	0	32	28	28	1	2	0.0625	4303	-1.38925573476245	0.917622500473754	0.947395492729033	0.0625
PKD1L1	0	0	0	0	49	3	0	1	0	53	46	46	1	3	0.0432692307692308	2849	-1.51040633330541	0.934530113211	0.947395492729033	0.0566037735849057
PKD2	0	0	0	0	17	1	0	0	0	18	15	15	3	7	0.352975188366293	968	0.440688897725207	0.329719117589429	0.947395492729033	0.388888888888889
PKHD1	1	0	0	0	77	3	0	3	0	84	69	69	2	5	0.0515651443863782	4074	-1.45814347849615	0.927599500358475	0.947395492729033	0.0595238095238095
PKHD1L1	1	0	0	0	75	5	0	4	0	85	67	67	5	10	0.123456790123457	4243	-1.00523825110931	0.842608929749253	0.947395492729033	0.117647058823529
PKLR	1	0	0	0	13	0	0	0	0	14	12	12	1	2	0.142857142857143	574	-0.883019305136517	0.811387079455669	0.947395492729033	0.142857142857143
PKM	0	0	0	0	6	1	0	1	0	8	8	8	1	2	0.285714285714286	605	0.0169565697540304	0.493235631550558	0.947395492729033	0.25
PKP2	0	1	0	0	24	3	0	2	0	30	26	26	1	3	0.107142857142857	881	-1.10801327385915	0.866071958340847	0.947395492729033	0.1
PLA2G4A	1	1	0	0	15	2	0	0	0	19	17	17	2	5	0.261505932288142	749	-0.135551968626445	0.553912260825528	0.947395492729033	0.263157894736842
PLA2G4F	0	0	0	0	8	0	0	1	0	9	8	8	1	2	0.25	849	-0.208037398968606	0.582400117012023	0.947395492729033	0.222222222222222
PLAG1	1	0	0	0	7	0	0	0	0	8	8	8	1	2	0.25	500	-0.208037398968606	0.582400117012023	0.947395492729033	0.25
PLAT	0	0	0	0	9	3	0	0	0	12	11	11	2	4	0.333333333333333	562	0.316948528050879	0.375641329376376	0.947395492729033	0.333333333333333
PLCB1	0	0	0	0	42	1	1	1	0	45	40	40	2	5	0.0989443952407562	1216	-1.15966219932085	0.87690681692194	0.947395492729033	0.111111111111111
PLCB4	1	0	0	0	29	3	0	3	0	36	33	33	1	2	0.0606060606060606	1194	-1.4011872331038	0.919420954479131	0.947395492729033	0.0555555555555556
PLCE1	2	0	0	0	19	4	0	1	0	26	23	23	1	2	0.08	2302	-1.27900869008836	0.899553002131904	0.947395492729033	0.0769230769230769
PLCG1	0	0	0	0	9	0	0	0	0	9	9	9	1	2	0.222222222222222	1291	-0.383032707975102	0.649152243691414	0.947395492729033	0.222222222222222
PLCG2	0	0	0	0	17	2	0	1	0	20	19	19	3	6	0.315789473684211	1265	0.206425174994146	0.418229403737832	0.947395492729033	0.3
PLCL1	1	1	0	0	29	1	0	0	0	32	29	29	1	4	0.10479854345604	1095	-1.12278205418833	0.869234965558939	0.947395492729033	0.125
PLEKHA6	0	0	0	0	13	1	0	0	0	14	12	12	1	2	0.142857142857143	1048	-0.883019305136517	0.811387079455669	0.947395492729033	0.142857142857143
PLEKHA7	0	0	0	0	15	2	0	0	0	17	16	16	1	2	0.117647058823529	1121	-1.04183857717603	0.851256737330424	0.947395492729033	0.117647058823529
PLEKHB2	0	0	0	0	6	2	0	0	0	8	8	8	1	3	0.338388347648318	236	0.34879426456587	0.363621884777381	0.947395492729033	0.375
PLEKHG2	1	0	0	0	8	2	0	0	0	11	9	9	1	2	0.181818181818182	1386	-0.637571339257276	0.73812362125601	0.947395492729033	0.181818181818182
PLEKHG3	0	0	0	0	14	0	0	1	0	15	15	15	1	2	0.142857142857143	1163	-0.883019305136517	0.811387079455669	0.947395492729033	0.133333333333333
PLEKHM3	0	0	0	0	10	3	0	0	0	13	11	11	2	4	0.307692307692308	761	0.155414396660269	0.438247317585095	0.947395492729033	0.307692307692308
PLG	0	1	0	0	28	3	0	1	0	33	30	30	2	5	0.13052427172802	810	-0.96071431052693	0.831652083102391	0.947395492729033	0.151515151515152
PLIN2	0	0	0	0	5	1	0	0	0	6	5	5	1	2	0.333333333333333	437	0.316948528050879	0.375641329376376	0.947395492729033	0.333333333333333
PLOD3	0	0	0	0	9	0	0	0	0	9	8	8	1	2	0.222222222222222	738	-0.383032707975102	0.649152243691414	0.947395492729033	0.222222222222222
PLVAP	0	0	0	0	9	1	0	0	0	10	9	9	1	2	0.2	442	-0.523028955180298	0.699522948189084	0.947395492729033	0.2
PLXND1	0	0	0	0	12	2	0	3	0	17	15	15	1	2	0.142857142857143	1925	-0.883019305136517	0.811387079455669	0.947395492729033	0.117647058823529
PMS2	0	0	0	0	6	2	0	1	0	9	8	8	1	2	0.25	862	-0.208037398968606	0.582400117012023	0.947395492729033	0.222222222222222
PNLIP	0	0	0	0	15	2	0	1	0	18	17	17	1	3	0.138444317093722	465	-0.910819362226736	0.818804720577602	0.947395492729033	0.166666666666667
PNLIPRP2	0	0	0	0	7	0	0	3	0	10	10	10	1	2	0.285714285714286	470	0.0169565697540304	0.493235631550558	0.947395492729033	0.2
PNLIPRP3	0	0	0	0	14	0	0	1	0	15	14	14	1	3	0.214285714285714	467	-0.433031367691243	0.667504009106579	0.947395492729033	0.2
PNPLA6	0	0	0	0	18	1	0	1	0	20	17	17	1	2	0.105263157894737	1375	-1.11985506168666	0.868612234567941	0.947395492729033	0.1
POF1B	1	0	0	0	16	3	0	0	0	20	20	20	1	2	0.1	589	-1.15301206760368	0.875547284318904	0.947395492729033	0.1
POLQ	0	0	0	0	33	2	0	1	0	36	33	33	1	2	0.0571428571428571	2590	-1.42300483007085	0.922632622465973	0.947395492729033	0.0555555555555556
POLR2A	1	0	0	0	13	0	0	0	0	14	14	14	1	2	0.142857142857143	1970	-0.883019305136517	0.811387079455669	0.947395492729033	0.142857142857143
POLR3A	1	0	0	0	15	1	0	1	0	18	18	18	1	2	0.117647058823529	1390	-1.04183857717603	0.851256737330424	0.947395492729033	0.111111111111111
POP1	1	0	0	0	15	3	0	0	0	19	18	18	1	2	0.105263157894737	1024	-1.11985506168666	0.868612234567941	0.947395492729033	0.105263157894737
POSTN	2	1	0	0	23	0	0	6	0	32	30	30	1	2	0.0769230769230769	836	-1.29839278585523	0.902923801572952	0.947395492729033	0.0625
POTEC	0	0	0	0	23	0	0	1	0	24	21	21	1	2	0.0869565217391304	542	-1.23518377791977	0.891618942387074	0.947395492729033	0.0833333333333333
POTEF	0	1	0	0	27	2	1	0	0	31	28	28	3	6	0.193548387096774	1075	-0.563673026949548	0.713511661288412	0.947395492729033	0.193548387096774
POTEG	0	0	0	0	36	4	0	0	0	40	36	36	4	13	0.27834708691208	508	-0.0294555385585254	0.51174936068457	0.947395492729033	0.325
POTEH	3	0	0	0	33	1	0	2	0	39	36	36	6	19	0.411822618029093	545	0.811417766696079	0.208562899806715	0.947395492729033	0.487179487179487
POTEM	0	0	0	0	15	1	0	0	0	16	16	16	1	3	0.140625	508	-0.897081428181681	0.815162266013947	0.947395492729033	0.1875
POU3F2	1	0	0	0	7	0	0	0	0	8	6	6	1	4	0.5	443	1.36692038208985	0.0858251312961253	0.947395492729033	0.5
POU3F3	1	0	0	0	3	1	0	0	0	5	5	5	1	2	0.4	500	0.736937269666468	0.230580249046244	0.947395492729033	0.4
POU3F4	0	0	0	0	17	1	0	0	0	18	16	16	2	4	0.222222222222222	361	-0.383032707975102	0.649152243691414	0.947395492729033	0.222222222222222
POU5F1B	0	0	0	0	8	0	0	0	0	8	8	8	1	3	0.28125	359	-0.0111676763362991	0.504455165658384	0.947395492729033	0.375
PPAN	0	0	0	0	6	0	0	0	0	6	5	5	1	2	0.333333333333333	473	0.316948528050879	0.375641329376376	0.947395492729033	0.333333333333333
PPARGC1A	1	0	0	0	15	4	0	0	0	20	20	20	1	3	0.15	798	-0.838020511391989	0.798990408099973	0.947395492729033	0.15
PPEF2	0	0	0	0	13	2	0	0	0	15	14	14	1	2	0.133333333333333	753	-0.943017696795887	0.827164074419315	0.947395492729033	0.133333333333333
PPIG	0	0	0	0	12	1	0	0	0	13	11	11	1	2	0.153846153846154	754	-0.813790391683398	0.792117479810598	0.947395492729033	0.153846153846154
PPM1L	0	0	0	0	8	0	0	0	0	8	8	8	2	4	0.5	360	1.36692038208985	0.0858251312961253	0.947395492729033	0.5
PPP1R13L	0	0	0	0	13	1	0	0	0	14	12	12	1	2	0.142857142857143	828	-0.883019305136517	0.811387079455669	0.947395492729033	0.142857142857143
PPP1R21	0	0	0	0	8	2	0	1	0	11	10	10	1	2	0.2	780	-0.523028955180298	0.699522948189084	0.947395492729033	0.181818181818182
PPP1R3A	1	0	0	0	46	6	0	0	0	53	45	45	2	6	0.0935303166261613	1122	-1.19376998028613	0.883716021224078	0.947395492729033	0.113207547169811
PPP2R5B	1	0	0	0	6	0	0	0	0	7	7	7	1	2	0.285714285714286	497	0.0169565697540304	0.493235631550558	0.947395492729033	0.285714285714286
PPP3CA	1	0	0	0	8	1	0	1	0	11	11	11	1	6	0.6	521	1.99690349451323	0.0229178337582221	0.947395492729033	0.545454545454545
PPP6R1	0	0	0	0	6	3	0	1	0	10	10	10	1	2	0.222222222222222	881	-0.383032707975102	0.649152243691414	0.947395492729033	0.2
PRB2	0	1	0	0	13	0	0	0	0	14	13	13	1	2	0.142857142857143	417	-0.883019305136517	0.811387079455669	0.947395492729033	0.142857142857143
PRDM11	0	0	0	0	8	1	0	0	0	9	9	9	1	3	0.300789642354061	1177	0.111928770722211	0.455439942099142	0.947395492729033	0.333333333333333
PRDM14	0	0	0	0	23	0	0	0	0	23	20	20	2	4	0.173913043478261	571	-0.687372375812485	0.754075949614719	0.947395492729033	0.173913043478261
PRDM16	0	0	0	0	15	2	0	0	0	17	17	17	1	2	0.117647058823529	1276	-1.04183857717603	0.851256737330424	0.947395492729033	0.117647058823529
PRDM9	1	0	0	0	72	9	0	5	0	87	76	76	6	18	0.17756902648512	894	-0.664340300276205	0.746763733440461	0.947395492729033	0.206896551724138
PRDX3	0	0	0	0	5	0	0	0	0	5	4	4	1	2	0.4	256	0.736937269666468	0.230580249046244	0.947395492729033	0.4
PREB	0	0	0	0	10	0	0	0	0	10	9	9	1	2	0.2	417	-0.523028955180298	0.699522948189084	0.947395492729033	0.2
PRELID2	0	0	0	0	4	0	0	1	0	5	5	5	1	3	0.5625	189	1.76065982735447	0.0391479979969194	0.947395492729033	0.6
PRELP	0	0	0	0	9	0	0	1	0	10	10	10	1	2	0.222222222222222	382	-0.383032707975102	0.649152243691414	0.947395492729033	0.2
PREX2	0	0	0	0	27	1	0	1	0	29	26	26	2	4	0.142857142857143	1606	-0.883019305136517	0.811387079455669	0.947395492729033	0.137931034482759
PRICKLE1	0	0	0	0	10	0	0	0	0	10	10	10	1	2	0.2	831	-0.523028955180298	0.699522948189084	0.947395492729033	0.2
PRIM2	0	0	0	0	9	2	0	2	0	13	12	12	1	2	0.181818181818182	509	-0.637571339257276	0.73812362125601	0.947395492729033	0.153846153846154
PRKAG3	0	0	0	0	9	0	0	0	0	9	9	9	1	2	0.222222222222222	489	-0.383032707975102	0.649152243691414	0.947395492729033	0.222222222222222
PRKCA	0	0	0	0	10	0	0	0	0	10	9	9	1	2	0.2	672	-0.523028955180298	0.699522948189084	0.947395492729033	0.2
PRKCB	3	0	0	0	23	0	0	0	0	26	24	24	2	5	0.163461538461538	673	-0.753215092411919	0.774339664267704	0.947395492729033	0.192307692307692
PRKD1	0	0	0	0	26	0	0	0	0	26	25	25	3	8	0.271563852760762	912	-0.0721887681879601	0.528774158229549	0.947395492729033	0.307692307692308
PRKDC	0	0	0	0	38	7	0	2	0	47	44	44	1	2	0.0444444444444444	4128	-1.50300268561667	0.933580824274014	0.947395492729033	0.0425531914893617
PRKG1	0	0	0	0	21	2	0	0	0	23	20	20	2	5	0.189284930025794	686	-0.590532086502141	0.722583009663087	0.947395492729033	0.217391304347826
PRMT5	0	0	0	0	7	1	0	1	0	9	9	9	1	2	0.25	637	-0.208037398968606	0.582400117012023	0.947395492729033	0.222222222222222
PROM2	0	0	0	0	9	0	0	0	0	9	9	9	1	2	0.222222222222222	834	-0.383032707975102	0.649152243691414	0.947395492729033	0.222222222222222
PROS1	0	0	0	0	24	1	0	3	0	28	27	27	3	6	0.24	676	-0.271035710210945	0.606818216473591	0.947395492729033	0.214285714285714
PRPF8	0	0	0	0	12	0	0	0	0	12	11	11	1	2	0.166666666666667	2335	-0.733023325988092	0.768227898675538	0.947395492729033	0.166666666666667
PRR21	0	0	0	0	6	0	0	0	0	6	6	6	1	2	0.333333333333333	389	0.316948528050879	0.375641329376376	0.947395492729033	0.333333333333333
PRR23A	0	0	0	0	8	1	0	0	0	9	8	8	1	2	0.222222222222222	266	-0.383032707975102	0.649152243691414	0.947395492729033	0.222222222222222
PRSS1	0	0	0	0	26	1	0	0	0	27	26	26	2	9	0.224468895251104	247	-0.368879047301772	0.643891059230066	0.947395492729033	0.333333333333333
PRSS38	0	0	0	0	17	0	0	0	0	17	15	15	1	3	0.147058823529412	326	-0.856549426463265	0.804153027109015	0.947395492729033	0.176470588235294
PRSS55	1	0	0	0	11	2	0	0	0	14	12	12	1	3	0.155484049664045	352	-0.803471924631592	0.789148991123076	0.947395492729033	0.214285714285714
PRTG	0	1	0	0	13	0	0	0	0	14	14	14	1	2	0.142857142857143	1150	-0.883019305136517	0.811387079455669	0.947395492729033	0.142857142857143
PRUNE2	1	0	0	0	74	1	0	1	0	77	62	62	3	7	0.0822368421052631	3088	-1.26491696257362	0.897049451974559	0.947395492729033	0.0909090909090909
PSG11	0	0	0	0	23	1	1	1	0	26	23	23	4	10	0.35	335	0.421945713454777	0.33653232111113	0.947395492729033	0.384615384615385
PSG2	1	0	0	0	18	1	0	0	0	20	19	19	2	5	0.235355339059327	335	-0.300296289766507	0.61802441847207	0.947395492729033	0.25
PSG4	1	0	0	0	16	0	0	0	0	17	15	15	1	2	0.117647058823529	419	-1.04183857717603	0.851256737330424	0.947395492729033	0.117647058823529
PSG8	0	0	0	0	24	1	0	0	0	25	24	24	1	2	0.08	426	-1.27900869008836	0.899553002131904	0.947395492729033	0.08
PSKH2	1	1	0	0	17	1	0	0	0	20	20	20	1	2	0.1	385	-1.15301206760368	0.875547284318904	0.947395492729033	0.1
PSMB11	0	0	0	0	6	1	0	0	0	7	6	6	1	2	0.285714285714286	300	0.0169565697540304	0.493235631550558	0.947395492729033	0.285714285714286
PSME4	1	0	0	0	17	0	0	1	0	19	18	18	1	2	0.111111111111111	1843	-1.08301394400108	0.860598883080141	0.947395492729033	0.105263157894737
PSPH	0	0	0	0	4	0	0	1	0	5	4	4	1	2	0.5	225	1.36692038208985	0.0858251312961253	0.947395492729033	0.4
PTBP2	0	0	0	0	8	0	0	1	0	9	9	9	1	2	0.25	531	-0.208037398968606	0.582400117012023	0.947395492729033	0.222222222222222
PTDSS1	1	0	0	0	10	0	0	0	0	11	10	10	1	2	0.2	473	-0.523028955180298	0.699522948189084	0.947395492729033	0.181818181818182
PTK2B	0	0	0	0	13	0	0	2	0	15	14	14	1	2	0.153846153846154	1009	-0.813790391683398	0.792117479810598	0.947395492729033	0.133333333333333
PTK7	0	0	0	0	14	1	0	0	0	15	15	15	1	2	0.133333333333333	1078	-0.943017696795887	0.827164074419315	0.947395492729033	0.133333333333333
PTPN13	1	0	0	0	17	1	0	0	0	19	18	18	1	2	0.105263157894737	2490	-1.11985506168666	0.868612234567941	0.947395492729033	0.105263157894737
PTPN2	0	0	0	0	3	2	0	0	0	5	5	5	1	2	0.4	415	0.736937269666468	0.230580249046244	0.947395492729033	0.4
PTPRB	0	0	0	0	35	5	0	3	0	43	38	38	1	4	0.0801776695296637	2215	-1.27788940205555	0.899355787311136	0.947395492729033	0.0930232558139535
PTPRC	3	1	0	1	29	3	0	2	0	39	36	36	2	5	0.114864864864865	1306	-1.05936592927048	0.855283420028914	0.947395492729033	0.128205128205128
PTPRD	3	0	0	0	88	10	0	3	0	104	85	85	5	17	0.128163798497654	1912	-0.975584893251513	0.835364893134531	0.947395492729033	0.163461538461538
PTPRG	0	0	0	0	11	3	0	0	0	14	12	12	1	2	0.142857142857143	1445	-0.883019305136517	0.811387079455669	0.947395492729033	0.142857142857143
PTPRK	0	0	0	0	20	0	0	1	0	21	20	20	1	2	0.1	1446	-1.15301206760368	0.875547284318904	0.947395492729033	0.0952380952380952
PTPRN2	0	1	0	0	29	2	0	3	0	35	28	28	2	5	0.140625	1015	-0.897081428181681	0.815162266013947	0.947395492729033	0.142857142857143
PTPRR	0	0	0	0	15	1	0	0	0	16	16	16	1	2	0.125	657	-0.995516289497835	0.840257387149385	0.947395492729033	0.125
PTPRT	1	0	0	0	52	8	0	3	0	64	52	52	2	5	0.069672131147541	1460	-1.34407251973208	0.910537531315352	0.947395492729033	0.078125
PTPRU	0	0	0	0	17	1	0	1	0	19	19	19	1	2	0.111111111111111	1446	-1.08301394400108	0.860598883080141	0.947395492729033	0.105263157894737
PTPRZ1	2	0	0	0	58	2	0	3	0	65	53	53	2	4	0.0645161290322581	2315	-1.37655446233456	0.91567498095019	0.947395492729033	0.0615384615384615
PUM2	0	0	0	0	10	1	0	1	0	12	12	12	1	2	0.181818181818182	1064	-0.637571339257276	0.73812362125601	0.947395492729033	0.166666666666667
PVRL1	0	0	0	0	9	0	0	0	0	9	9	9	1	2	0.222222222222222	517	-0.383032707975102	0.649152243691414	0.947395492729033	0.222222222222222
PXDNL	3	1	0	0	82	6	0	0	0	92	79	79	6	17	0.162770366675575	1463	-0.757569357941322	0.775645585042823	0.947395492729033	0.184782608695652
PXK	1	0	0	0	3	2	0	1	0	7	7	7	1	2	0.333333333333333	578	0.316948528050879	0.375641329376376	0.947395492729033	0.285714285714286
PZP	0	0	0	0	24	1	0	2	0	27	25	25	2	4	0.16	1482	-0.775022200149651	0.780836729214767	0.947395492729033	0.148148148148148
QRSL1	0	0	0	0	3	2	0	0	0	5	4	4	1	2	0.4	528	0.736937269666468	0.230580249046244	0.947395492729033	0.4
QTRT1	0	0	0	0	7	0	0	0	0	7	7	7	1	2	0.285714285714286	403	0.0169565697540304	0.493235631550558	0.947395492729033	0.285714285714286
R3HDM2	0	0	0	0	7	0	0	0	0	7	7	7	1	2	0.285714285714286	976	0.0169565697540304	0.493235631550558	0.947395492729033	0.285714285714286
RAB11FIP3	0	0	0	0	5	1	0	0	0	6	6	6	1	2	0.333333333333333	756	0.316948528050879	0.375641329376376	0.947395492729033	0.333333333333333
RAB11FIP4	0	0	0	0	7	0	0	1	0	8	7	7	1	2	0.285714285714286	637	0.0169565697540304	0.493235631550558	0.947395492729033	0.25
RAB3GAP2	2	0	0	0	11	2	0	0	0	15	15	15	1	2	0.133333333333333	1394	-0.943017696795887	0.827164074419315	0.947395492729033	0.133333333333333
RAB3IP	1	0	0	0	8	0	0	0	0	9	8	8	1	2	0.222222222222222	476	-0.383032707975102	0.649152243691414	0.947395492729033	0.222222222222222
RAB41	0	0	0	0	5	0	0	0	0	5	5	5	1	2	0.4	221	0.736937269666468	0.230580249046244	0.947395492729033	0.4
RABEPK	0	0	0	0	5	0	0	1	0	6	6	6	1	2	0.4	372	0.736937269666468	0.230580249046244	0.947395492729033	0.333333333333333
RABGAP1L	0	0	0	0	14	3	0	1	0	18	15	15	2	5	0.256091375917251	815	-0.169662759375698	0.567362318450189	0.947395492729033	0.277777777777778
RAD50	0	0	0	0	9	0	0	0	0	9	9	9	1	2	0.222222222222222	1312	-0.383032707975102	0.649152243691414	0.947395492729033	0.222222222222222
RADIL	0	0	0	0	10	1	0	1	0	12	10	10	1	2	0.181818181818182	1075	-0.637571339257276	0.73812362125601	0.947395492729033	0.166666666666667
RAF1	0	0	0	0	6	0	0	0	0	6	6	6	1	4	0.583333333333333	648	1.89190630910934	0.0292517325175532	0.947395492729033	0.666666666666667
RALGAPA2	0	0	0	0	13	0	0	1	0	14	14	14	1	2	0.153846153846154	1873	-0.813790391683398	0.792117479810598	0.947395492729033	0.142857142857143
RALYL	0	0	0	0	12	1	0	0	0	13	11	11	1	2	0.153846153846154	304	-0.813790391683398	0.792117479810598	0.947395492729033	0.153846153846154
RAPGEF5	0	0	0	0	6	0	0	0	0	6	6	6	1	2	0.333333333333333	730	0.316948528050879	0.375641329376376	0.947395492729033	0.333333333333333
RARA	0	0	0	0	7	0	0	0	0	7	6	6	1	3	0.357142857142857	462	0.466944507199304	0.320269790608227	0.947395492729033	0.428571428571429
RARS2	0	0	0	0	7	0	0	0	0	7	7	7	2	4	0.571428571428571	578	1.81690831953512	0.034615576296351	0.947395492729033	0.571428571428571
RASA1	1	1	0	0	4	2	0	1	0	9	9	9	1	2	0.25	1047	-0.208037398968606	0.582400117012023	0.947395492729033	0.222222222222222
RASAL2	2	1	0	0	21	1	0	0	0	25	24	24	1	3	0.0870710678118655	1280	-1.2344621570056	0.891484630105375	0.947395492729033	0.12
RASGRF2	0	0	0	0	16	1	0	1	0	18	17	17	1	2	0.117647058823529	1237	-1.04183857717603	0.851256737330424	0.947395492729033	0.111111111111111
RASSF2	0	0	0	0	12	0	0	0	0	12	12	12	1	2	0.166666666666667	326	-0.733023325988092	0.768227898675538	0.947395492729033	0.166666666666667
RB1CC1	1	1	0	0	16	1	0	0	0	19	18	18	1	2	0.105263157894737	1594	-1.11985506168666	0.868612234567941	0.947395492729033	0.105263157894737
RBBP6	2	0	0	0	16	4	0	0	0	22	21	21	1	2	0.0909090909090909	1792	-1.21028325964217	0.886914890481703	0.947395492729033	0.0909090909090909
RBBP8	0	0	0	0	6	1	0	0	0	7	7	7	1	2	0.285714285714286	897	0.0169565697540304	0.493235631550558	0.947395492729033	0.285714285714286
RBFOX1	0	0	0	0	29	0	0	1	0	30	27	27	1	2	0.0689655172413793	418	-1.34852406801094	0.911255057780453	0.947395492729033	0.0666666666666667
RBL1	0	0	0	0	7	0	0	0	0	7	6	6	1	2	0.285714285714286	1068	0.0169565697540304	0.493235631550558	0.947395492729033	0.285714285714286
RBM10	5	3	0	0	9	14	0	8	0	39	37	37	1	2	0.0645161290322581	995	-1.37655446233456	0.91567498095019	0.947395492729033	0.0512820512820513
RBM15B	0	1	0	0	4	0	0	0	0	5	5	5	1	2	0.4	890	0.736937269666468	0.230580249046244	0.947395492729033	0.4
RBM19	0	0	0	0	18	4	0	0	0	22	20	20	2	4	0.181818181818182	960	-0.637571339257276	0.73812362125601	0.947395492729033	0.181818181818182
RBM41	0	0	0	0	7	2	0	0	0	9	9	9	1	2	0.222222222222222	413	-0.383032707975102	0.649152243691414	0.947395492729033	0.222222222222222
RBM5	0	0	0	0	4	0	0	1	0	5	3	3	1	2	0.5	815	1.36692038208985	0.0858251312961253	0.947395492729033	0.4
RCBTB2	1	0	0	0	7	0	0	3	0	11	10	10	1	2	0.25	551	-0.208037398968606	0.582400117012023	0.947395492729033	0.181818181818182
RCN2	0	0	0	0	5	0	0	0	0	5	5	5	1	2	0.4	317	0.736937269666468	0.230580249046244	0.947395492729033	0.4
REG3G	2	0	0	0	18	4	0	1	0	25	23	23	2	6	0.216962782549439	175	-0.416166289721729	0.661355837356995	0.947395492729033	0.24
RELN	0	2	0	0	85	5	0	1	0	93	76	76	3	8	0.0733695652173913	3460	-1.32077930949904	0.906712519724742	0.947395492729033	0.0860215053763441
REM1	0	1	0	0	14	0	0	0	0	15	13	13	2	5	0.3	298	0.106954157243085	0.457412674142357	0.947395492729033	0.333333333333333
RET	0	1	0	0	17	1	0	0	0	19	18	18	1	3	0.131578947368421	1114	-0.95407003210156	0.829975902883086	0.947395492729033	0.157894736842105
RFX1	0	0	0	0	8	0	0	1	0	9	9	9	1	2	0.25	979	-0.208037398968606	0.582400117012023	0.947395492729033	0.222222222222222
RFX6	2	0	0	0	14	0	0	1	0	17	15	15	1	2	0.125	928	-0.995516289497835	0.840257387149385	0.947395492729033	0.117647058823529
RGPD4	2	0	0	0	49	4	0	1	0	56	52	52	3	7	0.113636363636364	1758	-1.06710527954595	0.857037850975727	0.947395492729033	0.125
RGS1	0	0	0	0	12	1	0	0	0	13	12	12	1	3	0.208238983168196	209	-0.471124752585258	0.681224175059642	0.947395492729033	0.230769230769231
RGS12	1	0	0	0	18	0	0	0	0	19	18	18	1	2	0.105263157894737	1447	-1.11985506168666	0.868612234567941	0.947395492729033	0.105263157894737
RGS20	0	0	0	0	7	0	0	0	0	7	7	7	1	2	0.285714285714286	388	0.0169565697540304	0.493235631550558	0.947395492729033	0.285714285714286
RGS21	1	0	0	0	6	0	1	0	0	8	5	5	1	5	0.445082521472478	152	1.02094954159772	0.153639172759363	0.947395492729033	0.625
RGS22	0	0	0	0	24	3	0	2	0	29	24	24	1	2	0.0740740740740741	1264	-1.31634102267641	0.905970196064814	0.947395492729033	0.0689655172413793
RGS5	0	0	0	0	8	0	0	0	0	8	6	6	2	5	0.588388347648318	185	1.92375204562433	0.0271928354549527	0.947395492729033	0.625
RGS7	0	0	0	0	25	4	0	3	0	32	29	29	2	6	0.179555406247812	487	-0.651826443222648	0.742743429526808	0.947395492729033	0.1875
RHOH	0	0	0	0	4	1	0	0	0	5	5	5	1	2	0.4	191	0.736937269666468	0.230580249046244	0.947395492729033	0.4
RHOJ	1	0	0	0	6	1	0	0	0	8	7	7	1	3	0.338388347648318	214	0.34879426456587	0.363621884777381	0.947395492729033	0.375
RHOT2	0	0	0	0	5	0	0	1	0	6	6	6	1	2	0.4	618	0.736937269666468	0.230580249046244	0.947395492729033	0.333333333333333
RHOXF2B	2	0	0	0	4	0	0	0	0	6	5	5	1	2	0.333333333333333	288	0.316948528050879	0.375641329376376	0.947395492729033	0.333333333333333
RHPN1	0	0	0	0	6	0	0	1	0	7	6	6	1	2	0.333333333333333	670	0.316948528050879	0.375641329376376	0.947395492729033	0.285714285714286
RIMS2	1	1	0	0	68	7	0	2	0	79	69	69	6	15	0.187197578732118	1349	-0.603682047149253	0.726972473873894	0.947395492729033	0.189873417721519
RIMS4	0	0	0	0	10	1	0	0	0	11	11	11	1	3	0.227272727272727	270	-0.35121537906483	0.637286613339198	0.947395492729033	0.272727272727273
RIPK1	0	0	0	0	10	0	0	0	0	10	9	9	1	2	0.2	671	-0.523028955180298	0.699522948189084	0.947395492729033	0.2
RIT1	0	0	1	0	7	1	0	0	0	9	9	9	2	5	0.464086299477404	236	1.14067013375119	0.12700360980054	0.947395492729033	0.555555555555556
RIT2	0	0	0	0	10	0	0	0	0	10	9	9	1	2	0.2	217	-0.523028955180298	0.699522948189084	0.947395492729033	0.2
RNASE10	1	0	0	0	6	0	0	0	0	7	6	6	1	2	0.285714285714286	216	0.0169565697540304	0.493235631550558	0.947395492729033	0.285714285714286
RNASE12	0	0	0	0	6	1	0	0	0	7	7	7	1	4	0.361475726555701	147	0.494240852783582	0.310568045650134	0.947395492729033	0.571428571428571
RNASE2	0	0	0	0	6	0	0	0	0	6	6	6	1	3	0.362796115882773	161	0.502559082562372	0.307637151634592	0.947395492729033	0.5
RNF130	0	0	0	0	7	0	0	0	0	7	7	7	1	2	0.285714285714286	419	0.0169565697540304	0.493235631550558	0.947395492729033	0.285714285714286
RNF144B	1	0	0	0	4	0	0	0	0	5	5	5	1	2	0.4	303	0.736937269666468	0.230580249046244	0.947395492729033	0.4
RNF20	0	0	0	0	12	1	0	1	0	14	14	14	1	2	0.153846153846154	975	-0.813790391683398	0.792117479810598	0.947395492729033	0.142857142857143
RNF219	0	1	0	0	9	1	0	0	0	11	11	11	1	2	0.181818181818182	726	-0.637571339257276	0.73812362125601	0.947395492729033	0.181818181818182
ROBO2	0	0	0	0	48	3	0	2	0	53	50	50	4	8	0.156862745098039	1394	-0.794786376225679	0.786631111386402	0.947395492729033	0.150943396226415
ROBO3	1	0	0	0	22	1	0	0	0	24	22	22	1	2	0.0833333333333333	1386	-1.25800925300758	0.895805795049592	0.947395492729033	0.0833333333333333
ROBO4	1	0	0	0	18	1	0	1	0	21	20	20	1	2	0.1	1007	-1.15301206760368	0.875547284318904	0.947395492729033	0.0952380952380952
ROR2	2	0	0	0	31	1	0	0	0	34	32	32	3	7	0.18686921737039	943	-0.605750668275861	0.727659833727145	0.947395492729033	0.205882352941176
RORA	0	0	0	0	7	0	0	0	0	7	7	7	1	2	0.285714285714286	556	0.0169565697540304	0.493235631550558	0.947395492729033	0.285714285714286
RPAP1	0	0	0	0	23	2	0	0	0	25	17	17	2	6	0.208284271247462	1393	-0.470839445333942	0.681122303166968	0.947395492729033	0.24
RPE65	0	0	0	0	18	3	0	1	0	22	22	22	1	2	0.0952380952380952	533	-1.18301126343337	0.881597658233639	0.947395492729033	0.0909090909090909
RPL10L	1	0	0	0	11	1	1	0	1	15	15	15	1	2	0.142857142857143	214	-0.883019305136517	0.811387079455669	0.947395492729033	0.133333333333333
RPL6	1	0	0	0	4	0	0	0	0	5	5	5	1	2	0.4	288	0.736937269666468	0.230580249046244	0.947395492729033	0.4
RPS6KA6	0	0	0	0	15	1	0	1	0	17	14	14	1	2	0.125	745	-0.995516289497835	0.840257387149385	0.947395492729033	0.117647058823529
RPTN	0	0	0	0	16	1	0	0	0	17	17	17	1	2	0.117647058823529	784	-1.04183857717603	0.851256737330424	0.947395492729033	0.117647058823529
RRBP1	2	0	0	0	3	1	0	0	0	6	6	6	1	2	0.333333333333333	977	0.316948528050879	0.375641329376376	0.947395492729033	0.333333333333333
RREB1	0	0	0	0	19	2	0	0	0	21	20	20	1	2	0.0952380952380952	1742	-1.18301126343337	0.881597658233639	0.947395492729033	0.0952380952380952
RSPO1	0	0	0	0	9	0	0	1	0	10	10	10	1	2	0.222222222222222	263	-0.383032707975102	0.649152243691414	0.947395492729033	0.2
RTCB	0	0	0	0	7	0	0	0	0	7	7	7	1	3	0.336221912941896	505	0.335146091773731	0.368757442569451	0.947395492729033	0.428571428571429
RTN1	0	0	0	0	18	1	0	1	0	20	18	18	1	2	0.105263157894737	776	-1.11985506168666	0.868612234567941	0.947395492729033	0.1
RTN3	0	0	0	0	13	0	0	0	0	13	12	12	1	2	0.153846153846154	1032	-0.813790391683398	0.792117479810598	0.947395492729033	0.153846153846154
RUNX1T1	0	1	0	0	23	1	0	2	0	27	25	25	2	5	0.18	663	-0.649025577664974	0.741839078076944	0.947395492729033	0.185185185185185
RXFP1	2	0	0	0	19	0	0	0	0	21	20	20	2	6	0.257819693446338	784	-0.1587746508134	0.563076789421802	0.947395492729033	0.285714285714286
RYR2	8	1	0	0	310	22	0	11	0	352	193	193	28	72	0.190924157536391	4967	-0.580205230011182	0.719111886426232	0.947395492729033	0.204545454545455
RYR3	1	1	0	0	112	5	0	6	0	125	95	95	4	8	0.0672268907563025	4870	-1.35947712125504	0.913002276253781	0.947395492729033	0.064
S1PR1	1	1	0	0	8	1	0	0	0	11	11	11	1	3	0.227272727272727	382	-0.35121537906483	0.637286613339198	0.947395492729033	0.272727272727273
SAGE1	2	0	0	0	27	3	0	1	0	33	33	33	2	4	0.129032258064516	905	-0.970113744642053	0.834005100682721	0.947395492729033	0.121212121212121
SALL1	2	0	0	0	52	1	0	0	0	55	42	42	2	4	0.0727272727272727	1324	-1.32482564371915	0.907385506313326	0.947395492729033	0.0727272727272727
SALL3	1	0	0	0	24	2	0	0	0	27	24	24	1	2	0.0740740740740741	1300	-1.31634102267641	0.905970196064814	0.947395492729033	0.0740740740740741
SAMD7	2	0	0	0	10	1	0	0	0	13	12	12	1	4	0.186675130407434	446	-0.606973383365904	0.728065711930507	0.947395492729033	0.307692307692308
SATB2	2	0	0	0	29	2	0	1	0	34	33	33	1	3	0.0820335388238348	733	-1.26619773891363	0.897278851581802	0.947395492729033	0.0882352941176471
SCAF8	2	2	0	0	10	1	0	1	0	16	15	15	1	2	0.133333333333333	1271	-0.943017696795887	0.827164074419315	0.947395492729033	0.125
SCARB1	1	0	0	0	4	0	0	0	0	5	5	5	1	2	0.4	509	0.736937269666468	0.230580249046244	0.947395492729033	0.4
SCG2	0	0	0	0	13	2	0	1	0	16	15	15	1	3	0.15	617	-0.838020511391989	0.798990408099973	0.947395492729033	0.1875
SCML4	0	0	0	0	10	0	0	0	0	10	10	10	1	2	0.2	414	-0.523028955180298	0.699522948189084	0.947395492729033	0.2
SCN10A	0	0	0	0	40	5	0	1	0	46	43	43	1	3	0.0555555555555556	1956	-1.43300456201407	0.924071733200721	0.947395492729033	0.0652173913043478
SCN11A	1	0	0	0	32	1	0	1	0	35	32	32	1	2	0.0588235294117647	1791	-1.41241687860154	0.921086375238605	0.947395492729033	0.0571428571428571
SCN3A	2	0	0	0	43	1	0	0	0	46	45	45	1	2	0.0434782608695652	2000	-1.50908947897342	0.934362041073205	0.947395492729033	0.0434782608695652
SCN9A	0	0	0	0	25	0	0	1	0	26	23	23	4	8	0.32	1977	0.232950779727762	0.407899813199798	0.947395492729033	0.307692307692308
SCUBE1	0	0	0	0	12	0	0	1	0	13	12	12	1	2	0.166666666666667	988	-0.733023325988092	0.768227898675538	0.947395492729033	0.153846153846154
SDK1	0	0	0	0	44	1	0	2	0	47	40	40	2	4	0.0888888888888889	2213	-1.22301019120628	0.889337076448024	0.947395492729033	0.0851063829787234
SDK2	5	1	0	0	26	3	0	0	0	35	31	31	2	4	0.114285714285714	2172	-1.06301448011463	0.856112307620064	0.947395492729033	0.114285714285714
SDPR	0	0	0	0	6	0	0	0	0	6	6	6	1	2	0.333333333333333	426	0.316948528050879	0.375641329376376	0.947395492729033	0.333333333333333
SEC14L5	0	0	0	0	8	0	0	0	0	8	8	8	1	2	0.25	696	-0.208037398968606	0.582400117012023	0.947395492729033	0.25
SEC22A	1	0	0	0	5	2	0	0	0	8	6	6	1	2	0.25	307	-0.208037398968606	0.582400117012023	0.947395492729033	0.25
SEC23A	0	0	0	0	9	0	0	0	0	9	8	8	1	2	0.222222222222222	765	-0.383032707975102	0.649152243691414	0.947395492729033	0.222222222222222
SEC24C	1	1	0	0	10	0	0	1	0	13	11	11	1	2	0.166666666666667	1094	-0.733023325988092	0.768227898675538	0.947395492729033	0.153846153846154
SEL1L2	0	0	0	0	9	1	0	0	0	10	9	9	1	3	0.235355339059327	575	-0.300296289766507	0.61802441847207	0.947395492729033	0.3
SELL	0	0	0	0	7	0	0	1	0	8	6	6	1	4	0.571428571428571	385	1.81690831953512	0.034615576296351	0.947395492729033	0.5
SEMA3A	0	0	0	0	24	1	0	1	0	26	24	24	1	3	0.0870710678118655	771	-1.2344621570056	0.891484630105375	0.947395492729033	0.115384615384615
SEMA4C	0	0	0	0	6	1	0	0	0	7	6	6	1	2	0.285714285714286	833	0.0169565697540304	0.493235631550558	0.947395492729033	0.285714285714286
SEMA4D	0	0	0	0	9	0	0	0	0	9	8	8	3	6	0.666666666666667	862	2.41689223612882	0.00782682536884338	0.947395492729033	0.666666666666667
SEMA6A	0	0	0	0	15	0	0	1	0	16	16	16	1	2	0.133333333333333	1030	-0.943017696795887	0.827164074419315	0.947395492729033	0.125
SENP7	0	0	0	0	12	1	0	1	0	14	14	14	1	2	0.153846153846154	1050	-0.813790391683398	0.792117479810598	0.947395492729033	0.142857142857143
SEPT14	0	0	0	0	16	0	0	0	0	16	14	14	1	2	0.125	432	-0.995516289497835	0.840257387149385	0.947395492729033	0.125
SERINC5	0	0	0	0	8	0	0	1	0	9	9	9	1	2	0.25	461	-0.208037398968606	0.582400117012023	0.947395492729033	0.222222222222222
SERPINA12	0	0	0	0	12	0	0	0	0	12	11	11	1	3	0.208333333333333	414	-0.470530362478349	0.681011926506096	0.947395492729033	0.25
SERPINA3	1	0	0	0	14	2	0	0	1	18	17	17	1	2	0.117647058823529	423	-1.04183857717603	0.851256737330424	0.947395492729033	0.111111111111111
SERPINA4	0	0	0	0	15	0	0	0	0	15	15	15	2	4	0.266666666666667	427	-0.103040213564709	0.541034472506738	0.947395492729033	0.266666666666667
SERPINA5	0	0	0	0	14	1	0	0	0	15	14	14	2	4	0.266666666666667	406	-0.103040213564709	0.541034472506738	0.947395492729033	0.266666666666667
SERPINA6	2	0	0	0	12	0	0	0	0	14	13	13	1	3	0.160714285714286	405	-0.770522320775198	0.77950494010391	0.947395492729033	0.214285714285714
SERPINB11	2	0	0	0	10	1	0	0	0	13	12	12	2	4	0.307692307692308	392	0.155414396660269	0.438247317585095	0.947395492729033	0.307692307692308
SERPINB12	0	0	0	0	13	0	0	0	0	13	13	13	1	2	0.153846153846154	405	-0.813790391683398	0.792117479810598	0.947395492729033	0.153846153846154
SERPINB3	0	0	0	0	18	4	0	0	0	22	21	21	1	3	0.113636363636364	390	-1.06710527954595	0.857037850975727	0.947395492729033	0.136363636363636
SERPINE1	1	0	0	0	11	0	0	0	0	12	12	12	1	2	0.166666666666667	402	-0.733023325988092	0.768227898675538	0.947395492729033	0.166666666666667
SETD1A	0	0	0	0	19	2	0	0	0	21	15	15	1	2	0.0952380952380952	1707	-1.18301126343337	0.881597658233639	0.947395492729033	0.0952380952380952
SETD2	6	4	0	0	18	12	0	2	0	42	33	33	1	3	0.0676776695296637	2564	-1.35663729110848	0.912551756653159	0.947395492729033	0.0714285714285714
SETDB1	0	1	0	0	7	2	0	0	0	10	9	9	1	2	0.2	1291	-0.523028955180298	0.699522948189084	0.947395492729033	0.2
SEZ6L	0	0	0	0	34	3	0	1	0	38	34	34	1	2	0.0540540540540541	1024	-1.44246376790632	0.925414207114719	0.947395492729033	0.0526315789473684
SF3A1	0	0	0	0	9	2	0	0	0	11	11	11	1	3	0.213959399144843	793	-0.435087097972012	0.668250395967908	0.947395492729033	0.272727272727273
SF3B1	0	0	0	0	13	1	0	1	0	15	15	15	1	3	0.193364770084753	1304	-0.564829783116816	0.713905226416562	0.947395492729033	0.2
SF3B3	0	0	0	0	5	0	2	0	0	7	6	6	1	2	0.285714285714286	1217	0.0169565697540304	0.493235631550558	0.947395492729033	0.285714285714286
SFMBT2	0	0	0	0	12	1	0	0	0	13	13	13	1	2	0.153846153846154	894	-0.813790391683398	0.792117479810598	0.947395492729033	0.153846153846154
SFRP2	0	1	0	0	2	1	0	1	0	5	4	4	1	2	0.5	295	1.36692038208985	0.0858251312961253	0.947395492729033	0.4
SFRP4	1	0	0	0	4	1	0	1	0	7	7	7	1	2	0.333333333333333	346	0.316948528050879	0.375641329376376	0.947395492729033	0.285714285714286
SFTPA2	1	0	0	0	4	0	0	0	0	5	4	4	1	2	0.4	248	0.736937269666468	0.230580249046244	0.947395492729033	0.4
SGCZ	0	0	0	0	20	2	0	1	0	23	20	20	3	9	0.361686671872116	312	0.49556977265344	0.31009899181905	0.947395492729033	0.391304347826087
SGIP1	1	0	0	0	29	0	0	2	0	32	29	29	1	5	0.106903559372885	828	-1.10952080939838	0.866397213771946	0.947395492729033	0.15625
SGK223	2	0	0	0	6	1	0	0	0	9	8	8	1	2	0.222222222222222	1402	-0.383032707975102	0.649152243691414	0.947395492729033	0.222222222222222
SH3BP4	0	0	1	0	14	2	0	0	0	17	16	16	1	2	0.117647058823529	963	-1.04183857717603	0.851256737330424	0.947395492729033	0.117647058823529
SHANK3	0	0	0	0	9	0	0	0	0	9	8	8	1	2	0.222222222222222	1731	-0.383032707975102	0.649152243691414	0.947395492729033	0.222222222222222
SHC1	0	0	0	0	6	0	0	0	0	6	4	4	1	2	0.333333333333333	584	0.316948528050879	0.375641329376376	0.947395492729033	0.333333333333333
SI	1	0	0	0	96	6	0	3	0	106	84	84	6	15	0.133078706613462	1827	-0.944621802130796	0.827574003861133	0.947395492729033	0.141509433962264
SIGLEC1	0	0	0	0	23	4	0	0	0	27	25	25	1	3	0.0806213590850606	1709	-1.27509423278497	0.898862054779111	0.947395492729033	0.111111111111111
SIGLEC12	1	0	0	0	19	1	0	1	0	22	21	21	1	2	0.0952380952380952	595	-1.18301126343337	0.881597658233639	0.947395492729033	0.0909090909090909
SIGLEC14	0	1	0	0	9	2	0	0	0	12	11	11	1	3	0.181398057941386	396	-0.640218048732346	0.738984574775771	0.947395492729033	0.25
SIPA1L1	0	0	0	0	16	1	0	2	0	19	18	18	1	2	0.117647058823529	1804	-1.04183857717603	0.851256737330424	0.947395492729033	0.105263157894737
SIPA1L2	1	1	0	0	32	5	0	2	0	41	38	38	3	8	0.169321881810084	1722	-0.716295918986055	0.763095676908927	0.947395492729033	0.195121951219512
SIRPA	0	0	0	0	9	1	0	0	0	10	10	10	1	2	0.2	504	-0.523028955180298	0.699522948189084	0.947395492729033	0.2
SIRPG	0	0	0	0	15	3	0	0	0	18	17	17	2	4	0.222222222222222	387	-0.383032707975102	0.649152243691414	0.947395492729033	0.222222222222222
SKAP1	0	0	0	0	8	1	0	0	0	9	8	8	2	5	0.483728154510364	359	1.26441050342552	0.103041362434182	0.947395492729033	0.555555555555556
SKIV2L2	0	0	0	0	13	1	0	2	0	16	16	16	1	3	0.160714285714286	1042	-0.770522320775198	0.77950494010391	0.947395492729033	0.1875
SLAMF8	0	0	0	0	9	2	0	0	0	11	10	10	1	2	0.181818181818182	285	-0.637571339257276	0.73812362125601	0.947395492729033	0.181818181818182
SLC10A2	0	0	0	0	16	0	1	0	0	17	17	17	1	3	0.128045687958626	348	-0.976328969701381	0.835549265840424	0.947395492729033	0.176470588235294
SLC10A5	0	0	0	0	6	0	0	0	0	6	5	5	1	2	0.333333333333333	438	0.316948528050879	0.375641329376376	0.947395492729033	0.333333333333333
SLC11A1	0	0	0	0	9	0	0	0	0	9	9	9	1	2	0.222222222222222	550	-0.383032707975102	0.649152243691414	0.947395492729033	0.222222222222222
SLC12A1	0	0	0	0	22	1	0	2	0	25	24	24	1	2	0.0869565217391304	1099	-1.23518377791977	0.891618942387074	0.947395492729033	0.08
SLC13A2	0	0	0	0	6	1	0	0	0	7	7	7	1	2	0.285714285714286	641	0.0169565697540304	0.493235631550558	0.947395492729033	0.285714285714286
SLC14A1	0	0	0	0	7	0	0	0	0	7	5	5	1	2	0.285714285714286	445	0.0169565697540304	0.493235631550558	0.947395492729033	0.285714285714286
SLC15A2	1	0	0	0	7	0	0	1	0	9	8	8	1	2	0.25	729	-0.208037398968606	0.582400117012023	0.947395492729033	0.222222222222222
SLC16A9	0	0	0	0	7	0	0	0	0	7	6	6	1	4	0.5	509	1.36692038208985	0.0858251312961255	0.947395492729033	0.571428571428571
SLC18A3	2	0	0	0	17	0	0	0	0	19	17	17	1	3	0.131578947368421	532	-0.95407003210156	0.829975902883086	0.947395492729033	0.157894736842105
SLC1A6	0	0	0	0	15	1	1	0	0	17	15	15	1	2	0.117647058823529	564	-1.04183857717603	0.851256737330424	0.947395492729033	0.117647058823529
SLC22A1	0	0	0	0	7	0	0	0	0	7	6	6	2	4	0.571428571428571	554	1.81690831953512	0.034615576296351	0.947395492729033	0.571428571428571
SLC22A11	0	0	0	0	9	0	0	0	0	9	9	9	1	2	0.222222222222222	550	-0.383032707975102	0.649152243691414	0.947395492729033	0.222222222222222
SLC22A25	0	0	0	0	13	0	0	0	0	13	13	13	2	4	0.307692307692308	547	0.155414396660269	0.438247317585095	0.947395492729033	0.307692307692308
SLC25A12	0	0	0	0	10	0	0	1	0	11	10	10	2	4	0.4	678	0.736937269666468	0.230580249046244	0.947395492729033	0.363636363636364
SLC25A2	0	0	0	0	9	0	0	0	1	10	9	9	1	2	0.222222222222222	301	-0.383032707975102	0.649152243691414	0.947395492729033	0.2
SLC25A31	0	0	0	0	4	1	0	0	0	5	5	5	1	2	0.4	315	0.736937269666468	0.230580249046244	0.947395492729033	0.4
SLC25A40	0	0	0	0	6	0	0	2	0	8	6	6	1	2	0.333333333333333	338	0.316948528050879	0.375641329376376	0.947395492729033	0.25
SLC26A4	1	0	0	0	9	2	0	0	0	12	12	12	1	2	0.166666666666667	780	-0.733023325988092	0.768227898675538	0.947395492729033	0.166666666666667
SLC27A6	1	0	0	0	18	3	0	1	0	23	23	23	2	6	0.215909090909091	619	-0.422804369112941	0.663781000157605	0.947395492729033	0.260869565217391
SLC28A3	0	0	0	0	18	1	0	1	0	20	18	18	2	4	0.210526315789474	691	-0.456714943346258	0.676062025695289	0.947395492729033	0.2
SLC2A10	1	0	0	0	15	0	0	1	0	17	16	16	1	2	0.133333333333333	541	-0.943017696795887	0.827164074419315	0.947395492729033	0.117647058823529
SLC34A1	1	0	0	0	13	0	0	0	0	14	14	14	1	2	0.142857142857143	639	-0.883019305136517	0.811387079455669	0.947395492729033	0.142857142857143
SLC35F1	1	0	0	0	12	5	0	0	0	18	17	17	1	2	0.117647058823529	408	-1.04183857717603	0.851256737330424	0.947395492729033	0.111111111111111
SLC38A8	0	0	0	0	9	0	0	1	0	10	9	9	1	2	0.222222222222222	435	-0.383032707975102	0.649152243691414	0.947395492729033	0.2
SLC39A12	0	0	0	0	44	7	0	0	0	51	42	42	4	15	0.231335236056005	691	-0.32562225978946	0.62764491577402	0.947395492729033	0.294117647058824
SLC39A6	0	1	0	0	12	1	0	0	0	14	14	14	1	2	0.142857142857143	755	-0.883019305136517	0.811387079455669	0.947395492729033	0.142857142857143
SLC44A5	0	0	0	0	26	3	0	2	0	31	28	28	1	4	0.105540005923442	719	-1.11811096585874	0.868240198220991	0.947395492729033	0.129032258064516
SLC45A3	0	0	0	0	6	0	0	0	0	6	5	5	1	2	0.333333333333333	553	0.316948528050879	0.375641329376376	0.947395492729033	0.333333333333333
SLC4A2	0	1	0	0	9	0	0	0	0	10	10	10	1	2	0.2	1241	-0.523028955180298	0.699522948189084	0.947395492729033	0.2
SLC4A3	1	0	0	0	19	2	0	1	0	23	22	22	2	4	0.181818181818182	1259	-0.637571339257276	0.73812362125601	0.947395492729033	0.173913043478261
SLC4A4	0	0	0	0	11	2	0	1	0	14	13	13	1	2	0.153846153846154	1094	-0.813790391683398	0.792117479810598	0.947395492729033	0.142857142857143
SLC5A12	0	0	0	0	18	0	0	1	0	19	19	19	1	2	0.111111111111111	618	-1.08301394400108	0.860598883080141	0.947395492729033	0.105263157894737
SLC5A4	0	0	0	0	12	2	0	1	0	15	14	14	2	4	0.285714285714286	659	0.0169565697540304	0.493235631550558	0.947395492729033	0.266666666666667
SLC5A7	0	0	0	0	16	2	0	0	0	18	17	17	1	2	0.111111111111111	580	-1.08301394400108	0.860598883080141	0.947395492729033	0.111111111111111
SLC5A8	0	0	0	0	13	1	0	1	0	15	13	13	1	2	0.142857142857143	610	-0.883019305136517	0.811387079455669	0.947395492729033	0.133333333333333
SLC6A3	0	0	0	0	6	0	0	0	0	6	6	6	1	3	0.451184463531091	620	1.05939074609685	0.144710931176688	0.947395492729033	0.5
SLC6A5	0	0	0	0	21	2	0	1	0	24	23	23	1	3	0.130434782608696	797	-0.96127807686613	0.831793816030266	0.947395492729033	0.125
SLC7A13	2	0	0	0	16	1	0	0	0	19	17	17	2	4	0.210526315789474	470	-0.456714943346258	0.676062025695289	0.947395492729033	0.210526315789474
SLC7A14	1	0	0	0	12	1	0	1	0	15	15	15	1	2	0.142857142857143	771	-0.883019305136517	0.811387079455669	0.947395492729033	0.133333333333333
SLC8A1	2	0	0	0	51	3	0	0	0	56	51	51	2	6	0.0848214285714286	973	-1.2486345043108	0.894100606898639	0.947395492729033	0.107142857142857
SLC8A3	0	0	0	0	24	4	0	0	0	28	27	27	2	4	0.142857142857143	927	-0.883019305136517	0.811387079455669	0.947395492729033	0.142857142857143
SLC9A9	1	1	0	0	12	2	0	0	0	16	15	15	1	3	0.1875	645	-0.601776844233221	0.726338654650208	0.947395492729033	0.1875
SLCO1B1	1	0	0	0	20	1	0	2	0	24	18	18	2	5	0.197888790481512	691	-0.536329218614644	0.704134479800583	0.947395492729033	0.208333333333333
SLCO1C1	1	1	0	0	16	1	0	0	0	19	17	17	1	2	0.105263157894737	730	-1.11985506168666	0.868612234567941	0.947395492729033	0.105263157894737
SLCO4A1	0	0	0	0	9	0	0	0	0	9	9	9	1	2	0.222222222222222	722	-0.383032707975102	0.649152243691414	0.947395492729033	0.222222222222222
SLIT1	1	0	0	0	21	2	0	1	0	25	21	21	1	2	0.0833333333333333	1534	-1.25800925300758	0.895805795049592	0.947395492729033	0.08
SLIT2	3	0	1	0	45	3	0	2	0	54	48	48	2	5	0.0905212842535875	1529	-1.2127263760807	0.887382773991152	0.947395492729033	0.0925925925925926
SLIT3	0	0	0	0	30	1	0	1	0	32	28	28	3	9	0.28087441229634	1523	-0.0135338154416943	0.505399046375706	0.947395492729033	0.28125
SLITRK1	2	0	0	0	49	3	0	0	0	54	48	48	4	13	0.188787845338204	696	-0.593663636088405	0.723631445338462	0.947395492729033	0.240740740740741
SLITRK2	2	0	0	0	60	2	0	0	0	64	56	56	5	17	0.220923239008219	845	-0.391216082856537	0.65218123931925	0.947395492729033	0.265625
SLITRK3	2	0	0	0	43	4	0	0	0	49	45	45	1	2	0.0408163265306122	977	-1.52585921577262	0.936477535199989	0.947395492729033	0.0408163265306122
SLITRK6	0	0	0	0	35	1	0	0	0	36	32	32	2	4	0.111111111111111	841	-1.08301394400108	0.860598883080141	0.947395492729033	0.111111111111111
SMAD4	0	1	0	0	15	5	0	0	1	22	22	22	2	6	0.219216828123489	552	-0.401966183258889	0.656145543065922	0.947395492729033	0.272727272727273
SMAD9	0	0	0	0	5	2	0	0	0	7	7	7	1	2	0.285714285714286	467	0.0169565697540304	0.493235631550558	0.947395492729033	0.285714285714286
SMAP1	0	1	0	0	6	1	0	0	0	8	7	7	1	2	0.25	467	-0.208037398968606	0.582400117012023	0.947395492729033	0.25
SMARCA2	0	0	0	0	23	1	0	0	0	24	21	21	1	2	0.0833333333333333	1590	-1.25800925300758	0.895805795049592	0.947395492729033	0.0833333333333333
SMARCA4	2	0	0	0	27	14	0	6	0	49	44	44	3	8	0.179235041422943	1679	-0.653844687517468	0.743394063664125	0.947395492729033	0.163265306122449
SMARCC1	1	0	0	0	8	0	0	0	0	9	7	7	1	2	0.222222222222222	1105	-0.383032707975102	0.649152243691414	0.947395492729033	0.222222222222222
SMARCC2	1	0	0	0	9	0	0	0	0	10	10	10	1	3	0.217677669529664	1214	-0.411662622473402	0.65970663757949	0.947395492729033	0.3
SMC3	1	0	1	0	15	0	0	1	0	18	17	17	1	2	0.117647058823529	1217	-1.04183857717603	0.851256737330424	0.947395492729033	0.111111111111111
SMCHD1	0	1	0	0	13	0	0	1	0	15	15	15	1	2	0.142857142857143	2005	-0.883019305136517	0.811387079455669	0.947395492729033	0.133333333333333
SMG8	0	1	0	0	12	1	0	0	0	14	12	12	1	2	0.142857142857143	991	-0.883019305136517	0.811387079455669	0.947395492729033	0.142857142857143
SMOC2	1	0	0	0	8	0	0	1	0	10	9	9	1	2	0.222222222222222	457	-0.383032707975102	0.649152243691414	0.947395492729033	0.2
SMR3A	0	0	0	0	7	1	0	0	0	8	7	7	1	2	0.25	135	-0.208037398968606	0.582400117012023	0.947395492729033	0.25
SMYD1	0	0	0	0	15	1	0	0	0	16	16	16	1	2	0.125	490	-0.995516289497835	0.840257387149385	0.947395492729033	0.125
SNAI2	0	0	0	0	10	1	0	1	0	12	10	10	1	2	0.181818181818182	268	-0.637571339257276	0.73812362125601	0.947395492729033	0.166666666666667
SNCA	0	0	0	0	5	0	0	0	0	5	5	5	1	2	0.4	140	0.736937269666468	0.230580249046244	0.947395492729033	0.4
SND1	2	0	0	0	11	2	0	1	0	16	15	15	1	3	0.145118446353109	910	-0.86877347499129	0.807514477978172	0.947395492729033	0.1875
SNTG1	3	1	0	0	57	1	0	6	0	68	62	62	5	14	0.186279611588277	517	-0.609465085133046	0.728891895660329	0.947395492729033	0.205882352941176
SOD2	0	0	0	0	5	0	0	0	0	5	5	5	1	4	0.59142135623731	222	1.94285948753332	0.0260165689941885	0.947395492729033	0.8
SOGA1	1	0	0	0	9	1	0	0	0	11	10	10	1	2	0.181818181818182	1661	-0.637571339257276	0.73812362125601	0.947395492729033	0.181818181818182
SOGA2	0	0	0	0	28	1	0	0	0	29	29	29	1	2	0.0689655172413793	1586	-1.34852406801094	0.911255057780453	0.947395492729033	0.0689655172413793
SOHLH1	0	1	0	0	4	0	0	0	0	5	4	4	1	2	0.4	387	0.736937269666468	0.230580249046244	0.947395492729033	0.4
SORBS1	0	0	0	0	11	1	0	2	0	14	14	14	1	2	0.166666666666667	1292	-0.733023325988092	0.768227898675538	0.947395492729033	0.142857142857143
SORCS1	1	0	0	0	63	7	0	3	0	74	61	61	4	10	0.123239436619718	1198	-1.00660754147712	0.842938295532386	0.947395492729033	0.135135135135135
SORCS3	4	0	0	0	43	6	0	6	0	59	51	51	3	7	0.11987836586025	1222	-1.02778171965837	0.847973741447232	0.947395492729033	0.11864406779661
SORL1	1	0	0	0	23	1	0	1	0	26	24	24	1	2	0.08	2214	-1.27900869008836	0.899553002131904	0.947395492729033	0.0769230769230769
SOS1	0	0	0	0	12	0	0	1	0	13	13	13	1	3	0.25	1333	-0.208037398968606	0.582400117012023	0.947395492729033	0.230769230769231
SOX11	1	0	0	0	6	0	0	0	0	7	7	7	1	3	0.386729540169507	441	0.653335613793432	0.256769968784396	0.947395492729033	0.428571428571429
SOX7	0	0	0	0	11	0	0	0	0	11	10	10	1	2	0.181818181818182	388	-0.637571339257276	0.73812362125601	0.947395492729033	0.181818181818182
SPAG16	0	0	0	0	18	0	0	1	0	19	18	18	2	5	0.261505932288142	631	-0.135551968626445	0.553912260825528	0.947395492729033	0.263157894736842
SPAG6	0	0	0	0	13	0	0	0	0	13	12	12	1	2	0.153846153846154	509	-0.813790391683398	0.792117479810598	0.947395492729033	0.153846153846154
SPANXN2	1	0	0	0	10	0	0	0	0	11	10	10	1	5	0.314282434653323	180	0.196931083601922	0.421940734381215	0.947395492729033	0.454545454545455
SPANXN3	2	0	0	0	7	1	0	0	0	10	10	10	1	2	0.2	141	-0.523028955180298	0.699522948189084	0.947395492729033	0.2
SPATA16	0	0	0	0	11	2	0	0	0	13	13	13	1	2	0.153846153846154	569	-0.813790391683398	0.792117479810598	0.947395492729033	0.153846153846154
SPATA5	0	0	0	0	13	1	0	0	0	14	13	13	2	5	0.303571428571429	893	0.129453554115349	0.448499387038104	0.947395492729033	0.357142857142857
SPATA7	0	0	0	0	9	1	0	0	0	10	9	9	1	3	0.235355339059327	600	-0.300296289766507	0.61802441847207	0.947395492729033	0.3
SPEF2	3	1	0	0	44	4	0	3	0	55	47	47	2	6	0.0837221805883322	1822	-1.25555958096796	0.895362153236537	0.947395492729033	0.109090909090909
SPEG	1	1	0	0	39	9	0	0	0	50	42	42	3	6	0.12	3267	-1.027015445119	0.847793404314878	0.947395492729033	0.12
SPEN	3	0	0	0	25	2	0	0	0	30	26	26	1	2	0.0666666666666667	3664	-1.36300643841148	0.913559759253462	0.947395492729033	0.0666666666666667
SPERT	0	0	0	0	12	0	0	0	0	12	10	10	1	2	0.166666666666667	448	-0.733023325988092	0.768227898675538	0.947395492729033	0.166666666666667
SPHKAP	0	0	0	0	50	3	0	0	0	53	47	47	1	2	0.0377358490566038	1700	-1.54526570364088	0.938858996230928	0.947395492729033	0.0377358490566038
SPNS3	0	0	0	0	9	0	0	0	0	9	9	9	1	2	0.222222222222222	512	-0.383032707975102	0.649152243691414	0.947395492729033	0.222222222222222
SPP2	0	0	0	0	7	0	0	0	0	7	7	7	1	2	0.285714285714286	211	0.0169565697540304	0.493235631550558	0.947395492729033	0.285714285714286
SPRR1A	0	0	0	0	6	0	0	0	0	6	6	6	1	2	0.333333333333333	89	0.316948528050879	0.375641329376376	0.947395492729033	0.333333333333333
SPRY3	0	0	0	0	9	0	0	0	0	9	8	8	1	2	0.222222222222222	288	-0.383032707975102	0.649152243691414	0.947395492729033	0.222222222222222
SPTA1	6	2	1	0	147	15	0	7	0	178	133	133	13	41	0.197398852748788	2419	-0.539415743592196	0.705199989885061	0.947395492729033	0.230337078651685
SPTBN2	0	0	0	0	17	0	0	0	0	17	17	17	1	2	0.117647058823529	2390	-1.04183857717603	0.851256737330424	0.947395492729033	0.117647058823529
SPTLC3	0	0	1	0	6	0	0	0	0	7	7	7	1	2	0.285714285714286	552	0.0169565697540304	0.493235631550558	0.947395492729033	0.285714285714286
SRBD1	0	0	0	0	11	1	0	0	0	12	11	11	1	2	0.166666666666667	995	-0.733023325988092	0.768227898675538	0.947395492729033	0.166666666666667
SRCAP	3	0	0	0	34	2	0	1	0	40	36	36	1	3	0.0641025641025641	3230	-1.37915985155054	0.916077263178435	0.947395492729033	0.075
SRGAP1	0	0	0	0	18	2	0	1	0	21	20	20	1	2	0.1	1085	-1.15301206760368	0.875547284318904	0.947395492729033	0.0952380952380952
SRGAP3	2	1	0	0	17	1	0	1	0	22	20	20	1	2	0.0952380952380952	1099	-1.18301126343337	0.881597658233639	0.947395492729033	0.0909090909090909
SRP72	1	1	0	0	5	0	0	1	0	8	7	7	1	2	0.285714285714286	671	0.0169565697540304	0.493235631550558	0.947395492729033	0.25
SSH1	0	0	0	0	10	1	0	0	0	11	10	10	1	2	0.181818181818182	1049	-0.637571339257276	0.73812362125601	0.947395492729033	0.181818181818182
SSTR4	1	0	0	0	17	1	0	0	0	19	18	18	1	4	0.161087377462096	388	-0.768171905770149	0.778807469008932	0.947395492729033	0.210526315789474
ST6GAL2	1	0	0	0	40	0	0	0	0	41	39	39	1	2	0.0487804878048781	529	-1.47568634469858	0.929985943281608	0.947395492729033	0.0487804878048781
ST8SIA1	0	0	0	0	4	2	0	1	0	7	7	7	1	2	0.333333333333333	356	0.316948528050879	0.375641329376376	0.947395492729033	0.285714285714286
ST8SIA4	0	0	0	0	8	0	0	0	0	8	7	7	1	2	0.25	359	-0.208037398968606	0.582400117012023	0.947395492729033	0.25
ST8SIA6	1	2	0	0	15	3	0	0	0	21	20	20	2	4	0.19047619047619	398	-0.583027346839668	0.720062554548934	0.947395492729033	0.19047619047619
STAB2	0	1	0	0	37	5	0	2	0	45	39	39	1	2	0.0465116279069767	2551	-1.48997977889991	0.931885223556946	0.947395492729033	0.0444444444444444
STAM2	0	0	0	0	8	0	0	0	0	8	8	8	1	2	0.25	525	-0.208037398968606	0.582400117012023	0.947395492729033	0.25
STARD8	1	0	0	0	16	1	0	0	0	18	17	17	1	2	0.111111111111111	1103	-1.08301394400108	0.860598883080141	0.947395492729033	0.111111111111111
STAT1	0	0	1	0	7	2	0	0	0	10	10	10	1	2	0.2	750	-0.523028955180298	0.699522948189084	0.947395492729033	0.2
STIM1	0	1	0	0	7	2	0	1	0	11	10	10	1	3	0.3	685	0.106954157243085	0.457412674142357	0.947395492729033	0.272727272727273
STK11	15	5	0	0	27	23	0	11	0	81	74	74	5	35	0.329104211685693	433	0.290305775866902	0.385791160264224	0.947395492729033	0.432098765432099
STK32B	1	0	0	0	6	1	0	0	0	8	8	8	1	2	0.25	414	-0.208037398968606	0.582400117012023	0.947395492729033	0.25
STOML3	0	0	0	0	8	1	0	0	0	9	9	9	1	3	0.333333333333333	291	0.316948528050879	0.375641329376376	0.947395492729033	0.333333333333333
STON2	0	0	0	0	14	0	0	0	0	14	14	14	1	2	0.142857142857143	920	-0.883019305136517	0.811387079455669	0.947395492729033	0.142857142857143
STX11	0	0	0	0	5	1	0	0	0	6	6	6	1	2	0.333333333333333	287	0.316948528050879	0.375641329376376	0.947395492729033	0.333333333333333
STX2	0	0	0	0	6	0	0	3	0	9	9	9	1	2	0.333333333333333	288	0.316948528050879	0.375641329376376	0.947395492729033	0.222222222222222
STXBP5L	3	0	0	0	22	1	0	0	0	26	26	26	3	8	0.28282897656128	1186	-0.00122039065111315	0.500486865308483	0.947395492729033	0.307692307692308
SULT1E1	0	0	0	0	9	3	0	0	0	12	12	12	1	2	0.166666666666667	294	-0.733023325988092	0.768227898675538	0.947395492729033	0.166666666666667
SUN3	0	0	0	0	8	2	0	0	0	10	9	9	1	2	0.2	357	-0.523028955180298	0.699522948189084	0.947395492729033	0.2
SUPT5H	1	0	0	0	8	1	0	1	0	11	9	9	1	2	0.2	1087	-0.523028955180298	0.699522948189084	0.947395492729033	0.181818181818182
SUPT6H	1	0	1	0	11	2	0	0	0	15	14	14	1	2	0.133333333333333	1726	-0.943017696795887	0.827164074419315	0.947395492729033	0.133333333333333
SUSD1	1	0	0	0	4	1	0	1	0	7	7	7	1	2	0.333333333333333	747	0.316948528050879	0.375641329376376	0.947395492729033	0.285714285714286
SUSD2	1	0	0	0	6	0	0	1	0	8	6	6	1	2	0.285714285714286	822	0.0169565697540304	0.493235631550558	0.947395492729033	0.25
SUV420H1	0	0	0	0	16	1	0	0	0	17	10	10	2	5	0.294117647058824	885	0.0698963271005334	0.472138088265289	0.947395492729033	0.294117647058824
SV2C	0	0	0	0	13	2	0	0	1	16	15	15	1	2	0.133333333333333	727	-0.943017696795887	0.827164074419315	0.947395492729033	0.125
SVEP1	0	0	0	0	54	6	0	1	0	61	55	55	3	6	0.1	3571	-1.15301206760368	0.875547284318904	0.947395492729033	0.0983606557377049
SYMPK	0	0	0	0	14	1	0	1	0	16	14	14	1	2	0.133333333333333	1274	-0.943017696795887	0.827164074419315	0.947395492729033	0.125
SYNE2	2	1	1	0	65	6	0	1	0	76	65	65	4	8	0.106666666666667	6907	-1.11101319344212	0.866718664807078	0.947395492729033	0.105263157894737
SYNE3	0	0	0	0	14	3	0	1	0	18	18	18	1	2	0.117647058823529	975	-1.04183857717603	0.851256737330424	0.947395492729033	0.111111111111111
SYNGAP1	0	0	0	0	10	1	0	0	0	11	11	11	1	2	0.181818181818182	1343	-0.637571339257276	0.73812362125601	0.947395492729033	0.181818181818182
SYNPO2	0	0	0	0	25	1	0	0	0	26	25	25	1	3	0.0961538461538462	1261	-1.17724218731227	0.880450572687999	0.947395492729033	0.115384615384615
SYT13	0	0	0	0	12	0	0	0	0	12	12	12	1	3	0.225592231765546	426	-0.361802216965108	0.641250082334936	0.947395492729033	0.25
SYT14	0	0	0	0	12	0	0	0	0	12	12	12	1	2	0.166666666666667	619	-0.733023325988092	0.768227898675538	0.947395492729033	0.166666666666667
SYT16	1	0	0	0	14	2	0	0	0	17	17	17	1	3	0.176470588235294	645	-0.671260275750506	0.748972631939273	0.947395492729033	0.176470588235294
SYT4	1	0	0	0	19	1	0	0	0	21	19	19	1	3	0.103656033109364	425	-1.12997967643008	0.870757605828273	0.947395492729033	0.142857142857143
SYT8	0	0	0	0	5	0	0	0	0	5	4	4	1	2	0.4	401	0.736937269666468	0.230580249046244	0.947395492729033	0.4
SYT9	1	0	0	0	16	0	0	1	0	18	18	18	1	2	0.117647058823529	491	-1.04183857717603	0.851256737330424	0.947395492729033	0.111111111111111
SYTL5	0	0	0	0	13	0	0	1	0	14	13	13	1	2	0.153846153846154	752	-0.813790391683398	0.792117479810598	0.947395492729033	0.142857142857143
TAB3	0	0	0	0	11	3	0	0	0	14	14	14	1	2	0.142857142857143	712	-0.883019305136517	0.811387079455669	0.947395492729033	0.142857142857143
TACC2	0	0	0	0	30	0	0	0	0	30	27	27	1	2	0.0666666666666667	2948	-1.36300643841148	0.913559759253462	0.947395492729033	0.0666666666666667
TACR1	0	0	0	0	5	0	0	1	0	6	6	6	1	2	0.4	407	0.736937269666468	0.230580249046244	0.947395492729033	0.333333333333333
TAF1	0	0	0	0	21	4	0	0	0	25	22	22	1	2	0.08	1893	-1.27900869008836	0.899553002131904	0.947395492729033	0.08
TAF1L	2	0	0	0	57	7	0	0	0	66	57	57	2	4	0.0615384615384615	1826	-1.3953132646896	0.918539303118487	0.947395492729033	0.0606060606060606
TAF4B	0	0	0	0	6	3	0	0	0	9	9	9	1	2	0.222222222222222	862	-0.383032707975102	0.649152243691414	0.947395492729033	0.222222222222222
TAGLN2	0	0	0	0	5	0	0	0	0	5	4	4	1	2	0.4	199	0.736937269666468	0.230580249046244	0.947395492729033	0.4
TAPT1	0	0	0	0	5	0	0	0	0	5	4	4	1	2	0.4	567	0.736937269666468	0.230580249046244	0.947395492729033	0.4
TARS2	0	0	0	0	8	0	0	2	0	10	10	10	1	2	0.25	718	-0.208037398968606	0.582400117012023	0.947395492729033	0.2
TAS1R2	1	0	0	0	26	2	0	0	0	29	28	28	3	7	0.224137931034483	839	-0.370964065974654	0.644667851853955	0.947395492729033	0.241379310344828
TAS2R1	0	0	0	0	17	3	0	0	0	20	20	20	1	2	0.1	299	-1.15301206760368	0.875547284318904	0.947395492729033	0.1
TAS2R19	0	0	0	0	8	0	0	0	0	8	8	8	1	2	0.25	299	-0.208037398968606	0.582400117012023	0.947395492729033	0.25
TAS2R41	0	0	0	0	14	1	0	0	0	15	14	14	1	2	0.133333333333333	307	-0.943017696795887	0.827164074419315	0.947395492729033	0.133333333333333
TAT	0	0	0	0	10	0	0	0	0	10	10	10	1	2	0.2	454	-0.523028955180298	0.699522948189084	0.947395492729033	0.2
TBC1D23	2	0	0	0	5	1	0	0	0	8	8	8	1	2	0.25	699	-0.208037398968606	0.582400117012023	0.947395492729033	0.25
TBC1D9B	0	0	0	0	9	0	0	0	0	9	8	8	1	3	0.277777777777778	1250	-0.0330420899621112	0.51317948849207	0.947395492729033	0.333333333333333
TBR1	0	0	0	0	16	1	0	0	0	17	16	16	2	4	0.235294117647059	682	-0.300681974324986	0.618171492261725	0.947395492729033	0.235294117647059
TBX15	0	1	0	0	21	1	0	0	0	23	22	22	1	2	0.0869565217391304	496	-1.23518377791977	0.891618942387074	0.947395492729033	0.0869565217391304
TBX18	0	0	0	0	17	0	0	1	0	18	17	17	1	2	0.117647058823529	607	-1.04183857717603	0.851256737330424	0.947395492729033	0.111111111111111
TBX19	0	0	0	0	6	0	0	0	0	6	6	6	1	2	0.333333333333333	448	0.316948528050879	0.375641329376376	0.947395492729033	0.333333333333333
TBX22	1	0	0	0	24	1	0	0	0	26	26	26	2	7	0.201923076923077	520	-0.510913895326002	0.695294324575923	0.947395492729033	0.269230769230769
TBX4	0	0	0	0	19	1	0	0	0	20	18	18	2	4	0.2	545	-0.523028955180298	0.699522948189084	0.947395492729033	0.2
TBX5	1	0	0	0	16	5	0	2	0	24	23	23	1	3	0.113636363636364	518	-1.06710527954595	0.857037850975727	0.947395492729033	0.125
TBXAS1	0	0	0	0	10	0	0	2	0	12	12	12	2	4	0.4	580	0.736937269666468	0.230580249046244	0.947395492729033	0.333333333333333
TCEAL5	2	0	0	0	11	0	0	0	0	13	12	12	1	3	0.167444361176664	206	-0.728123981908863	0.766731152698059	0.947395492729033	0.230769230769231
TCERG1L	0	0	0	0	15	0	0	0	0	15	13	13	1	2	0.133333333333333	586	-0.943017696795887	0.827164074419315	0.947395492729033	0.133333333333333
TCF25	0	0	0	0	3	2	0	1	0	6	6	6	1	2	0.4	676	0.736937269666468	0.230580249046244	0.947395492729033	0.333333333333333
TCHH	1	0	0	0	37	0	0	0	0	38	37	37	1	2	0.0526315789473684	1943	-1.45142512085686	0.926669240567927	0.947395492729033	0.0526315789473684
TCTEX1D1	1	0	0	0	8	0	0	0	0	9	9	9	1	2	0.222222222222222	179	-0.383032707975102	0.649152243691414	0.947395492729033	0.222222222222222
TDO2	0	0	0	0	5	3	0	0	0	8	7	7	1	2	0.25	406	-0.208037398968606	0.582400117012023	0.947395492729033	0.25
TDRD5	0	0	0	0	21	2	0	0	0	23	19	19	1	2	0.0869565217391304	1035	-1.23518377791977	0.891618942387074	0.947395492729033	0.0869565217391304
TECRL	1	0	0	0	25	4	0	3	0	33	30	30	1	2	0.0666666666666667	363	-1.36300643841148	0.913559759253462	0.947395492729033	0.0606060606060606
TECTA	1	0	0	0	25	2	0	1	0	29	28	28	1	3	0.0966823850423767	2155	-1.17391248157194	0.879784958755565	0.947395492729033	0.103448275862069
TENM2	3	0	0	0	51	2	0	2	0	58	53	53	2	5	0.0745852981302971	2765	-1.31312039745556	0.905428809181624	0.947395492729033	0.0862068965517241
TENM3	1	0	0	0	45	8	0	1	0	55	51	51	1	2	0.037037037037037	2699	-1.54966810135174	0.939389400926462	0.947395492729033	0.0363636363636364
TEX14	0	0	0	0	17	3	0	4	0	24	20	20	1	2	0.1	1497	-1.15301206760368	0.875547284318904	0.947395492729033	0.0833333333333333
TEX15	2	0	0	0	42	7	0	1	0	52	49	49	3	7	0.137254901960784	2790	-0.918312476700852	0.820772351422748	0.947395492729033	0.134615384615385
TEX2	0	1	0	0	7	1	0	0	0	9	8	8	1	2	0.222222222222222	1134	-0.383032707975102	0.649152243691414	0.947395492729033	0.222222222222222
TFAP2D	0	0	0	0	22	1	0	0	0	23	23	23	1	4	0.133072181381731	452	-0.944662909988743	0.827584500826161	0.947395492729033	0.173913043478261
TFDP1	0	0	0	0	7	3	0	0	0	10	8	8	1	2	0.2	410	-0.523028955180298	0.699522948189084	0.947395492729033	0.2
TG	3	1	1	0	59	4	0	3	0	71	58	58	2	4	0.0588235294117647	2768	-1.41241687860154	0.921086375238605	0.947395492729033	0.0563380281690141
TGFBRAP1	1	0	0	0	12	0	0	1	0	14	12	12	1	2	0.153846153846154	860	-0.813790391683398	0.792117479810598	0.947395492729033	0.142857142857143
TGIF2LX	2	0	0	0	18	2	0	0	0	22	20	20	2	4	0.181818181818182	241	-0.637571339257276	0.73812362125601	0.947395492729033	0.181818181818182
TGM4	0	1	0	0	16	0	0	0	0	17	15	15	2	6	0.275104511488037	684	-0.0498832161375822	0.519892273883379	0.947395492729033	0.352941176470588
THAP4	0	0	0	0	6	1	0	0	0	7	6	6	1	2	0.285714285714286	577	0.0169565697540304	0.493235631550558	0.947395492729033	0.285714285714286
THBS1	1	0	0	0	6	0	0	1	0	8	7	7	1	2	0.285714285714286	1170	0.0169565697540304	0.493235631550558	0.947395492729033	0.25
THOC2	0	0	0	0	22	5	0	3	0	30	25	25	1	3	0.10026321411802	1593	-1.15135386311064	0.875206656862532	0.947395492729033	0.1
THOP1	0	0	0	0	5	1	0	1	0	7	6	6	1	2	0.333333333333333	689	0.316948528050879	0.375641329376376	0.947395492729033	0.285714285714286
THSD7A	1	1	0	0	45	8	0	1	0	56	53	53	4	9	0.15831103238521	1657	-0.785662410897128	0.783967354812157	0.947395492729033	0.160714285714286
THSD7B	2	0	0	0	50	4	0	2	0	58	49	49	2	5	0.0840554782354741	1577	-1.25345986207687	0.894980801171039	0.947395492729033	0.0862068965517241
TIAM1	0	0	0	0	49	7	0	2	0	58	52	52	3	7	0.116071428571429	1591	-1.05176478167849	0.853546259558312	0.947395492729033	0.120689655172414
TIE1	0	1	0	0	7	1	2	0	0	11	11	11	1	2	0.181818181818182	1138	-0.637571339257276	0.73812362125601	0.947395492729033	0.181818181818182
TIGD4	1	0	0	0	4	0	0	0	0	5	5	5	1	2	0.4	512	0.736937269666468	0.230580249046244	0.947395492729033	0.4
TIMD4	0	0	0	0	17	2	0	0	0	19	18	18	1	3	0.123871231083857	378	-1.00262734304782	0.841979651016678	0.947395492729033	0.157894736842105
TIMELESS	0	0	0	0	8	3	0	0	0	11	11	11	1	2	0.181818181818182	1208	-0.637571339257276	0.73812362125601	0.947395492729033	0.181818181818182
TINAG	2	0	0	0	11	2	0	1	0	16	16	16	1	3	0.166666666666667	476	-0.733023325988092	0.768227898675538	0.947395492729033	0.1875
TLK2	0	0	0	0	8	0	0	0	0	8	8	8	1	2	0.25	750	-0.208037398968606	0.582400117012023	0.947395492729033	0.25
TLL1	2	0	0	0	33	3	0	4	0	42	38	38	1	3	0.0572835972446483	1013	-1.42211819119715	0.922504028660497	0.947395492729033	0.0714285714285714
TLL2	0	2	0	0	19	4	0	1	0	26	24	24	3	8	0.282426406871193	1015	-0.00375651171439575	0.501498627825077	0.947395492729033	0.307692307692308
TLN2	1	0	0	0	23	2	0	2	0	28	27	27	1	2	0.0769230769230769	2542	-1.29839278585523	0.902923801572952	0.947395492729033	0.0714285714285714
TLR10	1	0	0	0	12	2	0	0	1	16	14	14	1	2	0.133333333333333	811	-0.943017696795887	0.827164074419315	0.947395492729033	0.125
TLR4	2	0	0	0	56	7	0	1	0	66	61	61	4	13	0.183295593267278	839	-0.628263896626958	0.735084460802778	0.947395492729033	0.196969696969697
TLR8	0	1	0	0	12	2	0	0	0	15	15	15	1	2	0.133333333333333	1041	-0.943017696795887	0.827164074419315	0.947395492729033	0.133333333333333
TM7SF2	0	0	0	0	6	0	0	0	0	6	4	4	1	2	0.333333333333333	418	0.316948528050879	0.375641329376376	0.947395492729033	0.333333333333333
TMC3	0	0	0	0	14	0	0	0	0	14	12	12	1	2	0.142857142857143	1100	-0.883019305136517	0.811387079455669	0.947395492729033	0.142857142857143
TMCO4	0	0	0	0	9	1	0	0	0	10	9	9	1	2	0.2	634	-0.523028955180298	0.699522948189084	0.947395492729033	0.2
TMEFF2	0	0	0	0	10	0	0	0	0	10	10	10	1	2	0.2	374	-0.523028955180298	0.699522948189084	0.947395492729033	0.2
TMEM151A	0	0	0	0	6	1	0	0	0	7	7	7	1	2	0.285714285714286	469	0.0169565697540304	0.493235631550558	0.947395492729033	0.285714285714286
TMEM171	0	0	0	0	5	0	0	0	0	5	5	5	1	2	0.4	325	0.736937269666468	0.230580249046244	0.947395492729033	0.4
TMEM176A	0	0	0	0	6	0	0	0	0	6	6	6	1	2	0.333333333333333	235	0.316948528050879	0.375641329376376	0.947395492729033	0.333333333333333
TMEM200A	0	0	0	0	27	0	0	0	0	27	27	27	1	3	0.0871686440960472	491	-1.23384744289352	0.891370121526916	0.947395492729033	0.111111111111111
TMEM202	0	0	0	0	4	2	0	0	0	6	5	5	1	2	0.333333333333333	273	0.316948528050879	0.375641329376376	0.947395492729033	0.333333333333333
TMEM74	0	0	0	0	7	2	0	0	0	9	9	9	2	4	0.444444444444444	306	1.01692976407686	0.154593421451912	0.947395492729033	0.444444444444444
TMPRSS11E	0	0	0	0	17	0	0	0	0	17	16	16	2	4	0.235294117647059	423	-0.300681974324986	0.618171492261725	0.947395492729033	0.235294117647059
TMPRSS11F	0	0	0	0	13	1	1	3	0	18	17	17	1	2	0.133333333333333	438	-0.943017696795887	0.827164074419315	0.947395492729033	0.111111111111111
TMPRSS15	1	0	0	0	36	4	0	2	0	43	42	42	1	2	0.0487804878048781	1019	-1.47568634469858	0.929985943281608	0.947395492729033	0.0465116279069767
TMTC1	3	0	0	0	44	3	0	2	0	52	44	44	1	2	0.04	882	-1.53100193505771	0.937115542796203	0.947395492729033	0.0384615384615385
TMTC2	0	0	0	0	12	0	0	1	0	13	12	12	1	2	0.166666666666667	836	-0.733023325988092	0.768227898675538	0.947395492729033	0.153846153846154
TMTC3	0	0	0	0	15	2	1	1	0	19	16	16	2	5	0.261505932288142	914	-0.135551968626445	0.553912260825528	0.947395492729033	0.263157894736842
TMX3	0	0	0	0	8	0	0	0	0	8	8	8	1	2	0.25	454	-0.208037398968606	0.582400117012023	0.947395492729033	0.25
TNFRSF8	0	0	0	0	9	0	0	1	0	10	9	9	1	4	0.305555555555556	595	0.141953219044384	0.443558478591648	0.947395492729033	0.4
TNIK	1	0	0	0	11	1	0	0	0	13	13	13	1	2	0.153846153846154	1360	-0.813790391683398	0.792117479810598	0.947395492729033	0.153846153846154
TNN	1	0	0	0	72	8	0	2	0	83	67	67	4	9	0.104938271604938	1299	-1.12190179044697	0.869047900334741	0.947395492729033	0.108433734939759
TNR	0	2	0	0	97	8	0	2	0	109	89	89	4	13	0.101601124706165	1358	-1.142925252346	0.873465186519136	0.947395492729033	0.119266055045872
TP53	25	3	5	0	177	49	0	19	0	278	262	262	10	178	0.425608339492078	393	0.898265483838607	0.184522014707258	0.947395492729033	0.640287769784173
TPI1	0	0	0	0	7	0	0	0	0	7	6	6	1	2	0.285714285714286	286	0.0169565697540304	0.493235631550558	0.947395492729033	0.285714285714286
TPK1	0	0	0	0	11	1	0	0	0	12	12	12	1	3	0.208333333333333	243	-0.470530362478349	0.681011926506096	0.947395492729033	0.25
TPSD1	0	0	0	0	8	0	0	0	0	8	8	8	1	3	0.3125	242	0.185702046296008	0.426339211761755	0.947395492729033	0.375
TPTE	1	0	0	0	53	3	0	7	0	64	58	58	4	12	0.163344915294383	551	-0.753949798670172	0.774560316748032	0.947395492729033	0.1875
TPX2	0	0	0	0	11	3	0	0	0	14	14	14	1	2	0.142857142857143	747	-0.883019305136517	0.811387079455669	0.947395492729033	0.142857142857143
TRAF3IP3	0	0	0	0	13	0	0	0	0	13	13	13	1	2	0.153846153846154	551	-0.813790391683398	0.792117479810598	0.947395492729033	0.153846153846154
TRAF7	0	0	0	0	6	0	0	0	0	6	5	5	1	2	0.333333333333333	670	0.316948528050879	0.375641329376376	0.947395492729033	0.333333333333333
TRAM1L1	0	1	0	0	5	4	0	0	0	10	9	9	1	2	0.2	369	-0.523028955180298	0.699522948189084	0.947395492729033	0.2
TRAPPC9	0	0	0	0	15	1	0	0	0	16	16	16	1	2	0.125	1246	-0.995516289497835	0.840257387149385	0.947395492729033	0.125
TRERF1	0	0	0	0	16	0	0	0	0	16	14	14	1	3	0.14709708691208	1200	-0.856308373614216	0.804086384614101	0.947395492729033	0.1875
TREX2	0	0	0	0	5	0	0	0	0	5	5	5	1	2	0.4	236	0.736937269666468	0.230580249046244	0.947395492729033	0.4
TRIB2	0	0	0	0	8	0	0	0	0	8	7	7	1	2	0.25	343	-0.208037398968606	0.582400117012023	0.947395492729033	0.25
TRIM22	0	0	0	0	9	0	0	0	0	9	9	9	1	2	0.222222222222222	498	-0.383032707975102	0.649152243691414	0.947395492729033	0.222222222222222
TRIM25	0	0	0	0	4	2	0	0	0	6	6	6	1	2	0.333333333333333	630	0.316948528050879	0.375641329376376	0.947395492729033	0.333333333333333
TRIM29	0	0	0	0	17	0	0	0	0	17	17	17	1	3	0.132352941176471	588	-0.949194001819645	0.828739024160019	0.947395492729033	0.176470588235294
TRIM42	0	0	0	0	21	0	0	0	0	21	18	18	2	4	0.19047619047619	723	-0.583027346839668	0.720062554548934	0.947395492729033	0.19047619047619
TRIM48	2	0	0	0	18	1	0	0	0	21	19	19	2	5	0.214285714285714	224	-0.433031367691243	0.667504009106579	0.947395492729033	0.238095238095238
TRIM49C	0	0	0	0	10	0	0	0	0	10	10	10	1	2	0.2	452	-0.523028955180298	0.699522948189084	0.947395492729033	0.2
TRIM51	1	0	0	0	32	1	0	0	0	34	29	29	3	7	0.197267846505487	452	-0.540241060801217	0.705484600477313	0.947395492729033	0.205882352941176
TRIM56	0	0	0	0	9	0	0	0	0	9	8	8	1	2	0.222222222222222	755	-0.383032707975102	0.649152243691414	0.947395492729033	0.222222222222222
TRIM72	2	0	0	0	8	1	0	1	0	12	12	12	1	2	0.181818181818182	477	-0.637571339257276	0.73812362125601	0.947395492729033	0.166666666666667
TRIML1	0	0	0	0	27	2	0	0	0	29	29	29	4	9	0.288053565192872	468	0.0316936354215068	0.487358185268249	0.947395492729033	0.310344827586207
TRIML2	0	0	0	0	20	1	0	0	0	21	19	19	1	2	0.0952380952380952	387	-1.18301126343337	0.881597658233639	0.947395492729033	0.0952380952380952
TRIOBP	1	1	0	0	27	2	0	1	0	32	25	25	3	7	0.201612903225806	2365	-0.512867937237985	0.695978148508518	0.947395492729033	0.21875
TRIP13	0	0	0	0	11	0	0	0	0	11	11	11	2	5	0.379706972299694	432	0.609094622155143	0.271230860998002	0.947395492729033	0.454545454545455
TRPA1	2	0	0	0	45	8	0	0	0	55	50	50	3	7	0.113636363636364	1119	-1.06710527954595	0.857037850975727	0.947395492729033	0.127272727272727
TRPC4	0	0	0	0	41	2	0	1	0	44	41	41	1	3	0.0629559716555011	982	-1.38638319033536	0.917185036730054	0.947395492729033	0.0681818181818182
TRPC5	0	0	0	0	25	1	0	2	0	28	27	27	1	3	0.0905212842535875	973	-1.2127263760807	0.887382773991152	0.947395492729033	0.107142857142857
TRPC6	1	0	0	0	20	3	0	1	0	25	23	23	3	6	0.25	931	-0.208037398968606	0.582400117012023	0.947395492729033	0.24
TRPM1	0	0	0	0	31	4	0	1	0	36	32	32	1	2	0.0571428571428571	1642	-1.42300483007085	0.922632622465973	0.947395492729033	0.0555555555555556
TRPM2	0	0	0	0	25	2	0	0	0	27	25	25	1	2	0.0740740740740741	1503	-1.31634102267641	0.905970196064814	0.947395492729033	0.0740740740740741
TRPM3	0	0	0	0	23	1	0	0	0	24	22	22	1	2	0.0833333333333333	1707	-1.25800925300758	0.895805795049592	0.947395492729033	0.0833333333333333
TRPM5	0	0	0	0	13	1	0	1	0	15	14	14	1	2	0.142857142857143	1165	-0.883019305136517	0.811387079455669	0.947395492729033	0.133333333333333
TRPM6	0	1	0	0	29	6	0	2	0	38	35	35	1	2	0.0555555555555556	2022	-1.43300456201407	0.924071733200721	0.947395492729033	0.0526315789473684
TRPM8	0	0	0	0	20	1	0	1	1	23	22	22	1	2	0.0952380952380952	1104	-1.18301126343337	0.881597658233639	0.947395492729033	0.0869565217391304
TRPS1	2	1	1	0	51	5	0	0	0	60	53	53	3	8	0.107112944921611	1294	-1.10820171580156	0.866112645002641	0.947395492729033	0.133333333333333
TRPV3	1	0	0	0	13	0	0	0	0	14	14	14	1	2	0.142857142857143	791	-0.883019305136517	0.811387079455669	0.947395492729033	0.142857142857143
TRPV5	1	0	0	0	24	2	0	1	0	28	28	28	1	2	0.0740740740740741	729	-1.31634102267641	0.905970196064814	0.947395492729033	0.0714285714285714
TSHZ1	0	0	0	0	13	0	0	0	0	13	13	13	1	3	0.173076923076923	1032	-0.692639793140439	0.755732184416894	0.947395492729033	0.230769230769231
TSHZ2	1	0	0	0	31	3	0	0	0	35	34	34	3	7	0.178571428571429	1035	-0.65802533641388	0.744739074614795	0.947395492729033	0.2
TSHZ3	1	0	0	0	69	9	0	0	0	79	66	66	7	17	0.207007004944219	1081	-0.478886007345049	0.683990137031429	0.947395492729033	0.215189873417722
TSKU	1	0	0	0	6	0	0	0	0	7	7	7	1	2	0.285714285714286	353	0.0169565697540304	0.493235631550558	0.947395492729033	0.285714285714286
TSNARE1	0	0	0	0	6	0	0	0	1	7	6	6	1	3	0.375	513	0.579441491560623	0.28114565723764	0.947395492729033	0.428571428571429
TSPAN11	0	0	0	0	7	1	0	0	0	8	8	8	1	2	0.25	253	-0.208037398968606	0.582400117012023	0.947395492729033	0.25
TTC23L	0	0	0	0	4	1	0	0	0	5	4	4	1	2	0.4	361	0.736937269666468	0.230580249046244	0.947395492729033	0.4
TTC27	0	0	0	0	6	3	0	0	0	9	9	9	1	2	0.222222222222222	843	-0.383032707975102	0.649152243691414	0.947395492729033	0.222222222222222
TTC29	0	0	0	0	11	2	0	0	0	13	13	13	1	2	0.153846153846154	475	-0.813790391683398	0.792117479810598	0.947395492729033	0.153846153846154
TTC37	0	0	0	0	12	2	0	0	0	14	13	13	1	2	0.142857142857143	1564	-0.883019305136517	0.811387079455669	0.947395492729033	0.142857142857143
TTC7A	1	0	0	0	8	1	0	0	0	10	9	9	1	2	0.2	858	-0.523028955180298	0.699522948189084	0.947395492729033	0.2
TTC7B	0	0	0	0	10	0	0	0	0	10	9	9	1	3	0.25	843	-0.208037398968606	0.582400117012023	0.947395492729033	0.3
TTK	1	1	0	0	9	0	0	6	0	17	16	16	1	2	0.181818181818182	857	-0.637571339257276	0.73812362125601	0.947395492729033	0.117647058823529
TTLL7	0	0	0	0	19	0	0	0	0	19	17	17	1	2	0.105263157894737	887	-1.11985506168666	0.868612234567941	0.947395492729033	0.105263157894737
TTN	17	3	0	0	570	27	0	13	0	630	251	251	15	34	0.0511517993059641	35991	-1.46074748269879	0.927957623482052	0.947395492729033	0.053968253968254
TTPA	0	0	0	0	5	0	0	0	0	5	5	5	1	2	0.4	278	0.736937269666468	0.230580249046244	0.947395492729033	0.4
TUBG1	1	0	0	0	4	0	0	0	0	5	4	4	1	2	0.4	451	0.736937269666468	0.230580249046244	0.947395492729033	0.4
TULP4	0	0	0	0	12	1	0	0	0	13	12	12	1	2	0.153846153846154	1543	-0.813790391683398	0.792117479810598	0.947395492729033	0.153846153846154
TWISTNB	0	0	0	0	10	0	0	1	0	11	10	10	1	2	0.2	338	-0.523028955180298	0.699522948189084	0.947395492729033	0.181818181818182
TXNDC2	0	0	0	0	8	0	0	0	0	8	7	7	1	2	0.25	553	-0.208037398968606	0.582400117012023	0.947395492729033	0.25
TYR	0	0	0	0	23	3	0	0	0	26	25	25	1	3	0.0961538461538462	529	-1.17724218731227	0.880450572687999	0.947395492729033	0.115384615384615
U2AF2	0	0	0	0	6	0	0	0	0	6	5	5	1	2	0.333333333333333	475	0.316948528050879	0.375641329376376	0.947395492729033	0.333333333333333
UBA6	2	0	0	0	22	2	0	0	0	26	26	26	1	2	0.0769230769230769	1052	-1.29839278585523	0.902923801572952	0.947395492729033	0.0769230769230769
UBAP1	0	0	0	0	9	1	0	0	0	10	9	9	1	3	0.235355339059327	538	-0.300296289766507	0.61802441847207	0.947395492729033	0.3
UBAP2L	1	0	0	0	14	1	0	0	0	16	14	14	1	2	0.125	1087	-0.995516289497835	0.840257387149385	0.947395492729033	0.125
UBE2E3	0	0	0	0	6	0	0	0	0	6	6	6	1	2	0.333333333333333	207	0.316948528050879	0.375641329376376	0.947395492729033	0.333333333333333
UBR5	0	0	0	0	30	3	0	0	0	33	30	30	2	4	0.121212121212121	2799	-1.01937928618054	0.845988531951828	0.947395492729033	0.121212121212121
UBXN1	0	0	0	0	13	1	0	0	0	14	5	5	1	3	0.168110956470948	312	-0.723924544126666	0.765443969634512	0.947395492729033	0.214285714285714
UBXN7	0	0	0	0	7	0	0	0	0	7	6	6	1	4	0.571428571428571	489	1.81690831953512	0.034615576296351	0.947395492729033	0.571428571428571
UGT1A8	0	0	0	0	5	0	0	0	0	5	4	4	1	2	0.4	530	0.736937269666468	0.230580249046244	0.947395492729033	0.4
UGT2A1	2	0	1	0	16	2	0	0	0	21	19	19	1	2	0.0952380952380952	693	-1.18301126343337	0.881597658233639	0.947395492729033	0.0952380952380952
UGT2B11	0	0	0	0	23	3	0	0	0	26	23	23	1	3	0.0961538461538462	529	-1.17724218731227	0.880450572687999	0.947395492729033	0.115384615384615
UGT2B15	1	0	0	0	10	0	0	0	0	11	11	11	1	2	0.181818181818182	530	-0.637571339257276	0.73812362125601	0.947395492729033	0.181818181818182
UGT2B17	0	0	0	0	11	1	0	0	0	12	11	11	1	2	0.166666666666667	530	-0.733023325988092	0.768227898675538	0.947395492729033	0.166666666666667
UGT2B28	0	0	0	0	23	1	0	1	0	25	22	22	2	6	0.184449028970693	529	-0.620997446482783	0.732699348354847	0.947395492729033	0.24
UGT3A2	0	0	0	0	17	2	0	0	0	19	18	18	1	3	0.157894736842105	523	-0.788285002516459	0.784734990937475	0.947395492729033	0.157894736842105
UHRF1BP1	0	0	0	0	11	0	0	0	0	11	11	11	1	2	0.181818181818182	1440	-0.637571339257276	0.73812362125601	0.947395492729033	0.181818181818182
UHRF1BP1L	0	2	1	0	13	2	0	1	0	19	17	17	1	2	0.111111111111111	1464	-1.08301394400108	0.860598883080141	0.947395492729033	0.105263157894737
ULK1	0	0	0	0	8	0	0	1	0	9	9	9	1	2	0.25	1050	-0.208037398968606	0.582400117012023	0.947395492729033	0.222222222222222
ULK4	1	0	0	0	12	2	0	1	0	16	16	16	1	2	0.133333333333333	1275	-0.943017696795887	0.827164074419315	0.947395492729033	0.125
UMOD	0	0	0	0	18	2	0	1	0	21	21	21	1	2	0.1	640	-1.15301206760368	0.875547284318904	0.947395492729033	0.0952380952380952
UNC13C	1	2	0	0	50	0	0	0	1	54	46	46	1	3	0.0566037735849057	2214	-1.42640096544779	0.923123682406358	0.947395492729033	0.0555555555555556
UROC1	0	0	0	0	12	2	0	2	0	16	15	15	1	2	0.142857142857143	736	-0.883019305136517	0.811387079455669	0.947395492729033	0.125
USH2A	7	0	0	0	233	14	0	10	0	264	163	163	10	23	0.0827965751412989	5202	-1.26139073897194	0.896415948346947	0.947395492729033	0.0871212121212121
USP13	0	0	0	0	10	0	0	0	0	10	8	8	1	2	0.2	863	-0.523028955180298	0.699522948189084	0.947395492729033	0.2
USP2	0	0	0	0	5	0	0	0	0	5	5	5	1	2	0.4	605	0.736937269666468	0.230580249046244	0.947395492729033	0.4
USP24	2	0	0	0	14	0	0	0	0	16	15	15	1	2	0.125	2620	-0.995516289497835	0.840257387149385	0.947395492729033	0.125
USP25	0	0	0	0	5	2	0	1	0	8	8	8	1	2	0.285714285714286	1055	0.0169565697540304	0.493235631550558	0.947395492729033	0.25
USP26	0	0	0	0	21	2	0	0	0	23	22	22	2	4	0.173913043478261	913	-0.687372375812485	0.754075949614719	0.947395492729033	0.173913043478261
USP29	0	2	0	0	30	4	0	0	0	36	33	33	3	6	0.166666666666667	922	-0.733023325988092	0.768227898675538	0.947395492729033	0.166666666666667
USP31	0	0	0	0	14	1	0	0	0	15	14	14	1	2	0.133333333333333	1352	-0.943017696795887	0.827164074419315	0.947395492729033	0.133333333333333
USP38	0	0	0	0	9	1	0	0	0	10	9	9	1	2	0.2	1042	-0.523028955180298	0.699522948189084	0.947395492729033	0.2
USP51	0	0	0	0	15	3	0	0	0	18	18	18	2	4	0.222222222222222	711	-0.383032707975102	0.649152243691414	0.947395492729033	0.222222222222222
USP6	3	0	0	0	16	1	0	1	0	21	20	20	1	2	0.1	1406	-1.15301206760368	0.875547284318904	0.947395492729033	0.0952380952380952
USP8	0	0	0	0	8	2	0	1	0	11	11	11	1	2	0.2	1118	-0.523028955180298	0.699522948189084	0.947395492729033	0.181818181818182
UTRN	1	0	0	0	31	2	0	3	0	37	32	32	1	3	0.0796207876819573	3433	-1.28139766365226	0.899972987810956	0.947395492729033	0.0810810810810811
UVRAG	0	0	0	0	7	1	1	1	0	10	9	9	1	2	0.222222222222222	699	-0.383032707975102	0.649152243691414	0.947395492729033	0.2
VAMP7	0	0	0	0	5	1	0	0	0	6	5	5	1	2	0.333333333333333	260	0.316948528050879	0.375641329376376	0.947395492729033	0.333333333333333
VAT1L	0	0	0	0	9	0	0	0	0	9	8	8	1	2	0.222222222222222	419	-0.383032707975102	0.649152243691414	0.947395492729033	0.222222222222222
VAV3	0	0	0	0	26	1	0	4	0	31	27	27	2	6	0.187431858214067	847	-0.6022061259771	0.726481530781028	0.947395492729033	0.193548387096774
VAX1	0	0	0	0	8	0	0	0	0	8	8	8	1	3	0.294194173824159	334	0.0703784327986318	0.471946228404885	0.947395492729033	0.375
VCAM1	1	1	0	0	22	0	0	0	0	24	22	22	1	2	0.0833333333333333	739	-1.25800925300758	0.895805795049592	0.947395492729033	0.0833333333333333
VEGFC	0	0	0	0	20	2	0	0	0	22	22	22	2	6	0.220616063208785	419	-0.393151238518421	0.652896109078032	0.947395492729033	0.272727272727273
VEPH1	0	0	0	0	9	0	0	0	0	9	9	9	1	2	0.222222222222222	833	-0.383032707975102	0.649152243691414	0.947395492729033	0.222222222222222
VEZT	0	0	0	0	6	1	0	0	0	7	6	6	1	2	0.285714285714286	779	0.0169565697540304	0.493235631550558	0.947395492729033	0.285714285714286
VGLL3	0	1	0	0	18	2	0	0	0	21	19	19	2	6	0.236052703866026	326	-0.295903009252321	0.616347923561282	0.947395492729033	0.285714285714286
VIP	0	0	0	0	6	1	0	0	0	7	6	6	2	4	0.571428571428571	170	1.81690831953512	0.034615576296351	0.947395492729033	0.571428571428571
VN1R2	0	0	0	0	16	2	0	0	0	18	16	16	1	2	0.111111111111111	395	-1.08301394400108	0.860598883080141	0.947395492729033	0.111111111111111
VNN2	0	0	0	0	11	1	0	0	0	12	12	12	1	2	0.166666666666667	520	-0.733023325988092	0.768227898675538	0.947395492729033	0.166666666666667
VPS13B	1	0	1	0	36	2	0	3	0	43	39	39	1	2	0.05	4022	-1.46800362381537	0.928948380719197	0.947395492729033	0.0465116279069767
VPS13C	1	0	0	0	27	6	1	3	0	38	37	37	1	2	0.0571428571428571	3753	-1.42300483007085	0.922632622465973	0.947395492729033	0.0526315789473684
VPS13D	2	0	0	0	29	2	0	0	0	33	27	27	1	2	0.0606060606060606	4388	-1.4011872331038	0.919420954479131	0.947395492729033	0.0606060606060606
VPS51	0	0	0	0	5	0	0	0	0	5	5	5	1	2	0.4	782	0.736937269666468	0.230580249046244	0.947395492729033	0.4
VSIG1	0	0	0	0	6	1	0	0	0	7	6	6	1	2	0.285714285714286	423	0.0169565697540304	0.493235631550558	0.947395492729033	0.285714285714286
VSTM2A	1	0	0	0	13	1	0	1	0	16	14	14	1	2	0.133333333333333	236	-0.943017696795887	0.827164074419315	0.947395492729033	0.125
VWA3A	0	0	0	0	13	0	0	0	0	13	13	13	1	2	0.153846153846154	1184	-0.813790391683398	0.792117479810598	0.947395492729033	0.153846153846154
VWCE	0	0	0	0	11	1	0	0	0	12	9	9	1	2	0.166666666666667	955	-0.733023325988092	0.768227898675538	0.947395492729033	0.166666666666667
WAPAL	0	0	1	0	9	1	0	1	0	12	12	12	1	2	0.181818181818182	1190	-0.637571339257276	0.73812362125601	0.947395492729033	0.166666666666667
WARS2	0	0	0	0	6	2	0	0	0	8	7	7	1	3	0.28125	360	-0.0111676763362991	0.504455165658384	0.947395492729033	0.375
WDFY3	2	2	0	0	36	3	0	3	0	46	44	44	1	2	0.0465116279069767	3526	-1.48997977889991	0.931885223556946	0.947395492729033	0.0434782608695652
WDR49	0	0	0	1	28	1	0	3	0	33	31	31	1	2	0.0666666666666667	697	-1.36300643841148	0.913559759253462	0.947395492729033	0.0606060606060606
WDR60	0	0	0	0	14	1	0	0	0	15	13	13	1	2	0.133333333333333	1066	-0.943017696795887	0.827164074419315	0.947395492729033	0.133333333333333
WDR62	0	0	0	0	11	0	0	1	0	12	12	12	1	2	0.181818181818182	1523	-0.637571339257276	0.73812362125601	0.947395492729033	0.166666666666667
WDR66	0	0	0	0	12	4	0	1	0	17	17	17	1	2	0.125	1149	-0.995516289497835	0.840257387149385	0.947395492729033	0.117647058823529
WDR7	0	1	0	0	20	0	0	0	0	21	21	21	1	3	0.112073970980632	1490	-1.0769480894268	0.859248271302152	0.947395492729033	0.142857142857143
WDR72	0	1	0	0	20	1	0	0	0	22	21	21	1	2	0.0909090909090909	1102	-1.21028325964217	0.886914890481703	0.947395492729033	0.0909090909090909
WDR77	0	0	0	0	5	0	0	0	0	5	5	5	1	2	0.4	342	0.736937269666468	0.230580249046244	0.947395492729033	0.4
WDR78	1	0	0	0	14	0	0	2	0	17	17	17	2	4	0.266666666666667	848	-0.103040213564709	0.541034472506738	0.947395492729033	0.235294117647059
WDR91	1	0	0	0	4	1	0	0	0	6	6	6	1	2	0.333333333333333	747	0.316948528050879	0.375641329376376	0.947395492729033	0.333333333333333
WIPF1	0	0	0	0	12	1	0	0	0	13	13	13	1	3	0.192307692307692	503	-0.571489194597481	0.716165958581153	0.947395492729033	0.230769230769231
WNK3	0	0	0	0	22	0	0	1	0	23	20	20	1	2	0.0909090909090909	1800	-1.21028325964217	0.886914890481703	0.947395492729033	0.0869565217391304
WNT10A	0	0	0	0	8	1	0	0	0	9	9	9	1	2	0.222222222222222	417	-0.383032707975102	0.649152243691414	0.947395492729033	0.222222222222222
WNT10B	0	0	0	0	8	1	0	0	0	9	8	8	1	3	0.277777777777778	389	-0.0330420899621112	0.51317948849207	0.947395492729033	0.333333333333333
WNT7A	0	0	0	0	11	1	0	0	0	12	12	12	1	2	0.166666666666667	349	-0.733023325988092	0.768227898675538	0.947395492729033	0.166666666666667
WNT9A	0	0	0	0	6	0	0	0	0	6	5	5	1	2	0.333333333333333	365	0.316948528050879	0.375641329376376	0.947395492729033	0.333333333333333
WSB1	0	0	0	0	3	2	0	0	0	5	5	5	1	2	0.4	421	0.736937269666468	0.230580249046244	0.947395492729033	0.4
WSCD1	0	0	0	0	8	0	0	1	0	9	9	9	1	2	0.25	575	-0.208037398968606	0.582400117012023	0.947395492729033	0.222222222222222
WT1	0	0	0	0	17	0	0	1	0	18	17	17	1	3	0.159241575363915	517	-0.779800147277448	0.782245740168557	0.947395492729033	0.166666666666667
WWC1	1	0	0	0	6	3	0	0	0	10	8	8	1	2	0.2	1119	-0.523028955180298	0.699522948189084	0.947395492729033	0.2
WWP1	0	0	0	0	12	1	0	0	0	13	11	11	1	2	0.153846153846154	922	-0.813790391683398	0.792117479810598	0.947395492729033	0.153846153846154
XIRP2	10	1	0	0	160	9	0	1	0	181	131	131	6	16	0.0774696869347945	3549	-1.29494923509059	0.902331128838311	0.947395492729033	0.0883977900552486
XPNPEP2	0	0	0	0	13	1	0	0	0	14	13	13	1	2	0.142857142857143	674	-0.883019305136517	0.811387079455669	0.947395492729033	0.142857142857143
XPO1	0	0	0	0	9	1	0	0	0	10	7	7	1	2	0.2	1071	-0.523028955180298	0.699522948189084	0.947395492729033	0.2
YIPF7	0	0	0	0	8	0	0	1	0	9	8	8	1	2	0.25	280	-0.208037398968606	0.582400117012023	0.947395492729033	0.222222222222222
YTHDC1	0	1	0	0	5	2	0	0	0	8	8	8	1	2	0.25	727	-0.208037398968606	0.582400117012023	0.947395492729033	0.25
ZAN	2	0	0	0	51	3	0	1	0	57	46	46	2	6	0.0903689316389254	2812	-1.2136861718244	0.887566206582092	0.947395492729033	0.105263157894737
ZBBX	1	0	1	0	22	5	0	2	0	31	28	28	1	2	0.0689655172413793	839	-1.34852406801094	0.911255057780453	0.947395492729033	0.0645161290322581
ZBTB11	0	0	0	0	8	0	0	0	0	8	7	7	1	2	0.25	1053	-0.208037398968606	0.582400117012023	0.947395492729033	0.25
ZBTB16	0	1	0	0	7	1	0	0	0	9	9	9	1	2	0.222222222222222	673	-0.383032707975102	0.649152243691414	0.947395492729033	0.222222222222222
ZBTB18	0	0	0	0	7	1	0	0	0	8	8	8	1	2	0.25	531	-0.208037398968606	0.582400117012023	0.947395492729033	0.25
ZBTB21	0	0	0	0	8	2	0	0	0	10	9	9	1	2	0.2	1066	-0.523028955180298	0.699522948189084	0.947395492729033	0.2
ZBTB3	0	0	0	0	7	0	0	0	0	7	7	7	1	2	0.285714285714286	574	0.0169565697540304	0.493235631550558	0.947395492729033	0.285714285714286
ZBTB4	0	0	0	0	6	2	0	0	0	8	8	8	1	2	0.25	1013	-0.208037398968606	0.582400117012023	0.947395492729033	0.25
ZBTB41	0	0	0	0	15	3	0	0	0	18	17	17	1	2	0.111111111111111	909	-1.08301394400108	0.860598883080141	0.947395492729033	0.111111111111111
ZC3H6	1	0	0	0	12	0	0	0	0	13	13	13	1	3	0.192307692307692	1189	-0.571489194597481	0.716165958581153	0.947395492729033	0.230769230769231
ZCCHC11	1	0	0	0	12	2	0	1	0	16	15	15	1	3	0.156903559372885	1645	-0.794529253186693	0.786556307064272	0.947395492729033	0.1875
ZCCHC2	0	0	0	0	7	0	0	0	0	7	6	6	1	2	0.285714285714286	1178	0.0169565697540304	0.493235631550558	0.947395492729033	0.285714285714286
ZCCHC5	0	0	0	0	23	4	0	0	0	27	24	24	2	6	0.203703703703704	475	-0.499696247312765	0.691355512365272	0.947395492729033	0.222222222222222
ZCWPW2	0	0	0	0	6	0	0	0	0	6	6	6	1	3	0.416666666666667	356	0.841934455070365	0.199912321466641	0.947395492729033	0.5
ZDBF2	0	0	1	0	44	1	0	0	0	46	41	41	1	2	0.0434782608695652	2354	-1.50908947897342	0.934362041073205	0.947395492729033	0.0434782608695652
ZDHHC15	0	0	0	0	8	1	0	1	0	10	10	10	1	3	0.333333333333333	337	0.316948528050879	0.375641329376376	0.947395492729033	0.3
ZEB1	1	0	0	0	33	4	0	0	0	38	36	36	2	4	0.105263157894737	1125	-1.11985506168666	0.868612234567941	0.947395492729033	0.105263157894737
ZEB2	4	0	0	0	29	5	0	0	0	38	33	33	2	5	0.109915176192017	1214	-1.09054813202695	0.86226411840342	0.947395492729033	0.131578947368421
ZFHX4	7	2	0	0	223	23	0	0	1	256	169	169	18	44	0.158962878062481	3616	-0.781555893211257	0.782762191682606	0.947395492729033	0.171875
ZFP36L1	0	1	0	0	9	3	0	0	0	13	13	13	1	4	0.307692307692308	407	0.155414396660269	0.438247317585095	0.947395492729033	0.307692307692308
ZFP42	0	0	0	0	10	3	0	0	0	13	13	13	1	3	0.167444361176664	310	-0.728123981908863	0.766731152698059	0.947395492729033	0.230769230769231
ZFP64	1	0	0	0	13	3	0	0	0	17	15	15	1	2	0.117647058823529	681	-1.04183857717603	0.851256737330424	0.947395492729033	0.117647058823529
ZFPM2	0	0	0	0	56	4	0	0	0	60	54	54	6	15	0.211279611588277	1151	-0.4519693070272	0.67435445303545	0.947395492729033	0.25
ZFYVE26	0	0	0	0	29	1	0	2	0	32	31	31	1	2	0.0666666666666667	2539	-1.36300643841148	0.913559759253462	0.947395492729033	0.0625
ZFYVE9	0	0	0	0	10	2	0	0	0	12	11	11	1	2	0.166666666666667	1425	-0.733023325988092	0.768227898675538	0.947395492729033	0.166666666666667
ZIC1	1	0	0	0	31	0	0	1	0	33	29	29	1	5	0.0497184455521791	447	-1.46977736928892	0.929188969855423	0.947395492729033	0.151515151515152
ZIC3	0	0	0	0	13	0	0	1	0	14	13	13	1	2	0.153846153846154	467	-0.813790391683398	0.792117479810598	0.947395492729033	0.142857142857143
ZIC4	1	0	0	0	34	3	0	1	0	39	33	33	2	4	0.105263157894737	384	-1.11985506168666	0.868612234567941	0.947395492729033	0.102564102564103
ZIM2	0	2	0	0	16	0	0	0	0	18	18	18	1	3	0.120932038627591	527	-1.02114375916392	0.846406833264509	0.947395492729033	0.166666666666667
ZKSCAN3	0	0	0	0	5	1	0	0	0	6	5	5	1	2	0.333333333333333	538	0.316948528050879	0.375641329376376	0.947395492729033	0.333333333333333
ZKSCAN5	0	0	0	0	5	1	0	0	0	6	6	6	1	2	0.333333333333333	839	0.316948528050879	0.375641329376376	0.947395492729033	0.333333333333333
ZMIZ2	1	0	0	0	10	0	0	0	0	11	11	11	1	3	0.197888790481512	920	-0.536329218614644	0.704134479800583	0.947395492729033	0.272727272727273
ZMPSTE24	0	0	0	0	6	1	0	0	0	7	6	6	1	2	0.285714285714286	475	0.0169565697540304	0.493235631550558	0.947395492729033	0.285714285714286
ZMYM5	0	0	0	0	3	2	0	0	0	5	4	4	1	2	0.4	669	0.736937269666468	0.230580249046244	0.947395492729033	0.4
ZMYND8	1	0	0	0	15	1	0	0	0	17	14	14	1	2	0.117647058823529	1188	-1.04183857717603	0.851256737330424	0.947395492729033	0.117647058823529
ZNF100	2	0	0	0	7	0	0	0	0	9	7	7	2	5	0.5	542	1.36692038208985	0.0858251312961255	0.947395492729033	0.555555555555556
ZNF107	1	0	0	0	18	1	0	1	0	21	20	20	2	4	0.2	783	-0.523028955180298	0.699522948189084	0.947395492729033	0.19047619047619
ZNF134	0	0	0	0	6	3	0	0	0	9	9	9	1	2	0.222222222222222	427	-0.383032707975102	0.649152243691414	0.947395492729033	0.222222222222222
ZNF135	0	1	0	0	11	2	0	1	0	15	15	15	1	2	0.142857142857143	682	-0.883019305136517	0.811387079455669	0.947395492729033	0.133333333333333
ZNF136	0	0	0	0	5	2	0	0	0	7	5	5	1	2	0.285714285714286	540	0.0169565697540304	0.493235631550558	0.947395492729033	0.285714285714286
ZNF142	1	0	1	0	13	1	0	0	0	16	16	16	1	2	0.125	1687	-0.995516289497835	0.840257387149385	0.947395492729033	0.125
ZNF154	0	0	0	0	6	1	0	0	0	7	7	7	1	2	0.285714285714286	437	0.0169565697540304	0.493235631550558	0.947395492729033	0.285714285714286
ZNF16	0	0	0	0	8	0	0	0	0	8	8	8	1	2	0.25	682	-0.208037398968606	0.582400117012023	0.947395492729033	0.25
ZNF19	0	0	0	0	6	0	0	0	0	6	5	5	1	2	0.333333333333333	458	0.316948528050879	0.375641329376376	0.947395492729033	0.333333333333333
ZNF208	2	0	0	0	49	8	0	0	0	59	49	49	3	7	0.105932203389831	1280	-1.11564018805314	0.867711908797736	0.947395492729033	0.11864406779661
ZNF223	0	0	0	0	8	2	0	0	0	10	9	9	2	7	0.55	482	1.68191193830154	0.0462929586779361	0.947395492729033	0.7
ZNF226	2	0	0	0	13	1	0	0	0	16	16	16	2	4	0.25	803	-0.208037398968606	0.582400117012023	0.947395492729033	0.25
ZNF236	1	0	0	0	18	5	0	1	0	25	23	23	1	2	0.0833333333333333	1845	-1.25800925300758	0.895805795049592	0.947395492729033	0.08
ZNF256	0	0	0	0	10	1	0	0	0	11	11	11	3	7	0.568181818181818	627	1.79645432237852	0.0362111455296603	0.947395492729033	0.636363636363636
ZNF268	0	0	0	0	5	2	0	0	0	7	6	6	1	2	0.285714285714286	947	0.0169565697540304	0.493235631550558	0.947395492729033	0.285714285714286
ZNF280B	1	0	0	0	7	1	0	0	0	9	7	7	1	2	0.222222222222222	543	-0.383032707975102	0.649152243691414	0.947395492729033	0.222222222222222
ZNF292	1	2	0	0	19	1	0	0	0	23	22	22	1	2	0.0869565217391304	2724	-1.23518377791977	0.891618942387074	0.947395492729033	0.0869565217391304
ZNF304	0	0	0	0	11	4	0	0	0	15	15	15	1	2	0.133333333333333	659	-0.943017696795887	0.827164074419315	0.947395492729033	0.133333333333333
ZNF319	1	0	0	0	3	1	0	0	0	5	5	5	1	2	0.4	582	0.736937269666468	0.230580249046244	0.947395492729033	0.4
ZNF333	0	0	0	0	6	0	0	0	0	6	6	6	1	2	0.333333333333333	665	0.316948528050879	0.375641329376376	0.947395492729033	0.333333333333333
ZNF334	2	0	0	0	15	1	0	0	0	18	18	18	1	2	0.111111111111111	680	-1.08301394400108	0.860598883080141	0.947395492729033	0.111111111111111
ZNF337	0	0	0	0	3	4	0	0	0	7	7	7	1	2	0.285714285714286	751	0.0169565697540304	0.493235631550558	0.947395492729033	0.285714285714286
ZNF33A	1	0	0	0	18	0	0	0	0	19	19	19	1	2	0.105263157894737	811	-1.11985506168666	0.868612234567941	0.947395492729033	0.105263157894737
ZNF345	0	0	0	0	7	1	0	0	0	8	8	8	1	2	0.25	488	-0.208037398968606	0.582400117012023	0.947395492729033	0.25
ZNF385D	0	0	0	0	19	1	0	2	0	22	21	21	1	3	0.1125	395	-1.07426417855076	0.858647852432309	0.947395492729033	0.136363636363636
ZNF407	0	0	0	0	16	3	0	1	0	20	18	18	2	4	0.210526315789474	2248	-0.456714943346258	0.676062025695289	0.947395492729033	0.2
ZNF41	0	0	0	0	8	3	0	0	0	11	11	11	1	2	0.181818181818182	779	-0.637571339257276	0.73812362125601	0.947395492729033	0.181818181818182
ZNF418	0	0	0	0	8	2	0	0	0	10	9	9	1	2	0.2	676	-0.523028955180298	0.699522948189084	0.947395492729033	0.2
ZNF423	2	1	0	0	44	2	0	1	0	50	43	43	2	5	0.0918367346938775	1284	-1.20443926045457	0.885790077406048	0.947395492729033	0.1
ZNF43	0	0	0	0	6	2	0	1	0	9	8	8	1	2	0.25	818	-0.208037398968606	0.582400117012023	0.947395492729033	0.222222222222222
ZNF431	0	0	0	0	10	1	0	0	0	11	9	9	2	4	0.363636363636364	576	0.507852501512511	0.305778393690641	0.947395492729033	0.363636363636364
ZNF454	0	0	0	0	11	1	0	0	0	12	12	12	1	4	0.223064724608053	522	-0.377725085222603	0.647182584649103	0.947395492729033	0.333333333333333
ZNF461	0	0	0	0	9	3	0	0	0	12	10	10	1	2	0.166666666666667	563	-0.733023325988092	0.768227898675538	0.947395492729033	0.166666666666667
ZNF479	0	0	0	0	39	8	0	1	0	48	41	41	2	5	0.0957446808510638	524	-1.1798198596217	0.880964065459767	0.947395492729033	0.104166666666667
ZNF480	0	0	0	0	5	1	0	0	0	6	6	6	1	2	0.333333333333333	535	0.316948528050879	0.375641329376376	0.947395492729033	0.333333333333333
ZNF486	0	0	0	0	5	1	0	0	0	6	5	5	1	2	0.333333333333333	463	0.316948528050879	0.375641329376376	0.947395492729033	0.333333333333333
ZNF488	1	0	0	0	4	3	0	0	0	8	8	8	1	2	0.25	340	-0.208037398968606	0.582400117012023	0.947395492729033	0.25
ZNF492	1	0	0	0	17	3	0	0	0	21	21	21	1	5	0.137327784594437	531	-0.917853328416948	0.820652170707071	0.947395492729033	0.238095238095238
ZNF496	0	0	0	0	17	1	0	0	0	18	16	16	1	2	0.111111111111111	587	-1.08301394400108	0.860598883080141	0.947395492729033	0.111111111111111
ZNF518B	1	0	0	0	18	0	0	0	0	19	17	17	1	3	0.142479304272976	1074	-0.885399624408986	0.812029432542669	0.947395492729033	0.157894736842105
ZNF519	1	0	0	0	6	1	0	0	0	8	5	5	1	2	0.25	540	-0.208037398968606	0.582400117012023	0.947395492729033	0.25
ZNF527	0	1	0	0	9	0	0	0	0	10	9	9	1	4	0.275	609	-0.0505416208627604	0.520154608442242	0.947395492729033	0.4
ZNF536	2	2	0	0	122	14	0	1	0	141	106	106	14	39	0.230700693134688	1300	-0.32961977303484	0.629156359926831	0.947395492729033	0.276595744680851
ZNF548	0	0	0	0	6	3	0	0	0	9	8	8	1	2	0.222222222222222	545	-0.383032707975102	0.649152243691414	0.947395492729033	0.222222222222222
ZNF556	0	0	0	0	13	1	0	0	0	14	14	14	1	2	0.142857142857143	456	-0.883019305136517	0.811387079455669	0.947395492729033	0.142857142857143
ZNF558	0	1	0	0	6	0	0	0	0	7	6	6	1	2	0.285714285714286	402	0.0169565697540304	0.493235631550558	0.947395492729033	0.285714285714286
ZNF566	0	0	0	0	5	2	0	0	0	7	7	7	1	2	0.285714285714286	419	0.0169565697540304	0.493235631550558	0.947395492729033	0.285714285714286
ZNF568	0	0	0	0	7	2	0	0	0	9	9	9	1	2	0.222222222222222	644	-0.383032707975102	0.649152243691414	0.947395492729033	0.222222222222222
ZNF572	0	0	0	0	6	2	0	0	0	8	7	7	1	2	0.25	529	-0.208037398968606	0.582400117012023	0.947395492729033	0.25
ZNF578	0	0	0	0	14	2	0	1	0	17	16	16	2	5	0.27209708691208	590	-0.0688294830849874	0.52743732518799	0.947395492729033	0.294117647058824
ZNF585A	1	0	0	0	8	2	0	0	0	11	11	11	1	2	0.181818181818182	714	-0.637571339257276	0.73812362125601	0.947395492729033	0.181818181818182
ZNF585B	1	0	0	0	13	1	0	0	0	15	12	12	2	4	0.266666666666667	769	-0.103040213564709	0.541034472506738	0.947395492729033	0.266666666666667
ZNF592	3	0	0	0	13	3	0	0	0	19	17	17	1	2	0.105263157894737	1268	-1.11985506168666	0.868612234567941	0.947395492729033	0.105263157894737
ZNF594	0	0	0	0	5	1	0	0	0	6	6	6	1	2	0.333333333333333	807	0.316948528050879	0.375641329376376	0.947395492729033	0.333333333333333
ZNF595	0	0	0	0	6	0	0	0	0	6	6	6	1	4	0.666666666666667	648	2.41689223612882	0.00782682536884338	0.947395492729033	0.666666666666667
ZNF598	0	0	0	0	7	0	0	0	0	7	7	7	1	2	0.285714285714286	904	0.0169565697540304	0.493235631550558	0.947395492729033	0.285714285714286
ZNF607	2	0	0	0	9	1	0	0	0	12	12	12	1	2	0.166666666666667	696	-0.733023325988092	0.768227898675538	0.947395492729033	0.166666666666667
ZNF630	0	0	0	0	6	2	0	0	0	8	7	7	1	2	0.25	657	-0.208037398968606	0.582400117012023	0.947395492729033	0.25
ZNF671	1	0	0	0	8	0	0	0	0	9	8	8	1	3	0.277777777777778	534	-0.0330420899621112	0.51317948849207	0.947395492729033	0.333333333333333
ZNF675	0	0	0	0	10	3	0	0	0	13	12	12	3	6	0.461538461538462	568	1.12461918500393	0.130375220224934	0.947395492729033	0.461538461538462
ZNF676	1	0	0	0	31	5	0	0	1	38	35	35	2	5	0.114864864864865	588	-1.05936592927048	0.855283420028914	0.947395492729033	0.131578947368421
ZNF678	0	0	0	0	7	3	0	0	0	10	10	10	1	2	0.2	580	-0.523028955180298	0.699522948189084	0.947395492729033	0.2
ZNF679	1	0	0	0	20	3	0	0	0	24	20	20	1	4	0.120161811520133	411	-1.02599605986821	0.84755327935153	0.947395492729033	0.166666666666667
ZNF680	0	0	0	0	11	1	0	0	0	12	11	11	1	2	0.166666666666667	530	-0.733023325988092	0.768227898675538	0.947395492729033	0.166666666666667
ZNF695	0	0	0	0	9	4	0	0	0	13	12	12	1	2	0.153846153846154	515	-0.813790391683398	0.792117479810598	0.947395492729033	0.153846153846154
ZNF716	0	1	0	0	34	3	0	1	0	39	35	35	3	7	0.167198773436665	495	-0.729671143197041	0.767204387982781	0.947395492729033	0.179487179487179
ZNF728	0	0	0	0	16	1	0	0	0	17	17	17	1	2	0.117647058823529	622	-1.04183857717603	0.851256737330424	0.947395492729033	0.117647058823529
ZNF746	2	1	0	0	7	0	0	0	0	10	10	10	1	2	0.2	645	-0.523028955180298	0.699522948189084	0.947395492729033	0.2
ZNF773	0	0	0	0	10	0	0	0	0	10	9	9	1	2	0.2	442	-0.523028955180298	0.699522948189084	0.947395492729033	0.2
ZNF778	0	0	0	0	6	1	0	0	0	7	7	7	1	2	0.285714285714286	757	0.0169565697540304	0.493235631550558	0.947395492729033	0.285714285714286
ZNF780A	0	0	0	0	8	1	0	0	0	9	8	8	1	3	0.277777777777778	642	-0.0330420899621112	0.51317948849207	0.947395492729033	0.333333333333333
ZNF780B	0	1	0	0	12	0	0	0	0	13	13	13	1	2	0.153846153846154	833	-0.813790391683398	0.792117479810598	0.947395492729033	0.153846153846154
ZNF804A	2	0	0	0	81	15	0	0	0	98	81	81	7	19	0.167801465798602	1209	-0.725874283096972	0.766042078384104	0.947395492729033	0.193877551020408
ZNF804B	1	1	0	0	51	2	0	1	0	56	51	51	1	2	0.0363636363636364	1349	-1.55391041187311	0.93989710609809	0.947395492729033	0.0357142857142857
ZNF81	0	0	0	0	8	2	0	0	0	10	8	8	2	4	0.4	661	0.736937269666468	0.230580249046244	0.947395492729033	0.4
ZNF845	0	0	0	0	8	1	0	0	0	9	9	9	1	2	0.222222222222222	970	-0.383032707975102	0.649152243691414	0.947395492729033	0.222222222222222
ZNF91	0	0	0	0	17	2	0	0	0	19	17	17	2	5	0.263157894736842	1191	-0.125144884176056	0.549795574927715	0.947395492729033	0.263157894736842
ZNF98	0	0	0	0	21	4	0	0	1	26	23	23	2	5	0.17	572	-0.712023888907313	0.761775008402662	0.947395492729033	0.192307692307692
ZNF99	0	0	0	0	23	2	0	1	0	26	25	25	1	2	0.08	864	-1.27900869008836	0.899553002131904	0.947395492729033	0.0769230769230769
ZP4	2	0	0	0	44	2	0	2	1	51	46	46	3	8	0.135416666666667	540	-0.929893048620399	0.823786768746152	0.947395492729033	0.156862745098039
ZSCAN1	1	0	0	0	21	0	0	0	0	22	21	21	1	2	0.0909090909090909	408	-1.21028325964217	0.886914890481703	0.947395492729033	0.0909090909090909
ZSCAN20	0	0	0	0	21	0	0	0	0	21	15	15	1	4	0.19047619047619	1043	-0.583027346839668	0.720062554548934	0.947395492729033	0.19047619047619
ZSCAN4	1	0	0	0	17	2	0	0	0	20	20	20	1	2	0.1	433	-1.15301206760368	0.875547284318904	0.947395492729033	0.1
ZSCAN5B	0	0	0	0	15	4	0	0	0	19	17	17	1	2	0.105263157894737	495	-1.11985506168666	0.868612234567941	0.947395492729033	0.105263157894737
ZYG11B	0	0	0	0	10	0	0	0	0	10	10	10	1	2	0.2	744	-0.523028955180298	0.699522948189084	0.947395492729033	0.2
RP1L1	2	1	0	0	104	7	0	1	0	115	89	89	2	4	0.0350877192982456	2400	-1.5619484739136	0.940849936120922	0.947472896333781	0.0347826086956522
PLXNA4	4	1	0	0	53	0	0	1	0	59	51	51	1	2	0.0344827586206897	1894	-1.565759624019	0.941297549061015	0.947531307664068	0.0338983050847458
KIAA1109	1	0	0	0	51	8	0	2	0	62	56	56	1	2	0.0333333333333333	5005	-1.57300080921927	0.942140684581236	0.947987647869908	0.032258064516129
COL12A1	1	0	0	0	56	6	0	1	0	64	57	57	1	2	0.0317460317460317	3063	-1.5830005411625	0.94328932947763	0.948262046176551	0.03125
COL6A3	0	1	1	0	65	2	0	2	0	71	61	61	1	2	0.0289855072463768	3177	-1.60039137932463	0.94524410683105	0.948262046176551	0.028169014084507
DOCK2	2	1	0	0	60	7	0	2	0	72	57	57	1	2	0.0285714285714286	1830	-1.60300000504895	0.945532673510747	0.948262046176551	0.0277777777777778
LAMA1	2	1	1	0	57	3	0	2	0	66	57	57	1	2	0.03125	3075	-1.58612545739476	0.943644573481536	0.948262046176551	0.0303030303030303
MYH1	3	0	0	0	51	15	0	1	0	70	63	63	1	2	0.0289855072463768	1939	-1.60039137932463	0.94524410683105	0.948262046176551	0.0285714285714286
MYH8	1	1	0	0	62	3	0	2	0	69	63	63	1	2	0.0298507462686567	1937	-1.59494051960217	0.944637231267144	0.948262046176551	0.0289855072463768
TENM1	2	0	0	0	62	6	0	6	0	76	59	59	1	2	0.0285714285714286	2732	-1.60300000504895	0.945532673510747	0.948262046176551	0.0263157894736842
ZNF521	4	0	0	0	55	8	0	0	0	67	51	51	1	2	0.0298507462686567	1311	-1.59494051960217	0.944637231267144	0.948262046176551	0.0298507462686567
PEG3	3	1	0	0	62	6	0	1	0	73	67	67	1	2	0.0277777777777778	1588	-1.60799987102057	0.946082396485976	0.948422254020566	0.0273972602739726
HERC2	4	0	0	0	67	4	0	2	0	77	64	64	1	2	0.0266666666666667	4834	-1.61499968338083	0.946844618281101	0.948643806406478	0.025974025974026
ZNF831	3	0	0	0	66	7	0	0	0	76	63	63	1	2	0.0263157894736842	1677	-1.61721015044196	0.947083536988047	0.948643806406478	0.0263157894736842
ABCA13	3	0	0	0	79	8	0	1	0	91	81	81	1	2	0.0222222222222222	5058	-1.64299893282187	0.949808422969515	0.950981508712169	0.021978021978022
HMCN1	3	3	0	0	80	10	0	7	0	103	83	83	1	2	0.0208333333333333	5635	-1.65174869827219	0.950707104625774	0.951098181180536	0.0194174757281553
VCAN	2	2	0	0	82	8	0	0	0	94	74	74	1	2	0.0212765957446809	3396	-1.64895621993698	0.950421697925969	0.951098181180536	0.0212765957446809
RYR1	0	1	0	0	97	6	0	4	0	108	84	84	1	2	0.0192307692307692	5038	-1.66184458148411	0.951728029608919	0.951728029608919	0.0185185185185185
